익명키,성별,출생연도,첫대회연도,첫시즌,첫학년,마지막시즌,기록중단기준n,좌측절단,도달_중등,도달_고등,도달_대학,관측충분_중등,관측충분_고등,관측충분_대학,분석대상_중등,분석대상_고등,분석대상_대학
1e0cbcf31898,남,1999,2007,2006,1,2010,1,Y,N,N,N,Y,Y,Y,N,N,N
12857deb2953,여,1998,2007,2006,2,2025,1,Y,Y,Y,Y,Y,Y,Y,N,N,N
1d832ec4e806,여,1998,2007,2006,2,2026,1,Y,Y,Y,Y,Y,Y,Y,N,N,N
23229c9f004b,남,1998,2007,2006,2,2007,1,Y,N,N,N,Y,Y,Y,N,N,N
41d894c45470,남,1998,2007,2006,2,2009,1,Y,N,N,N,Y,Y,Y,N,N,N
5ba6602282a6,여,1998,2007,2006,2,2018,1,Y,Y,Y,Y,Y,Y,Y,N,N,N
8e3e74877d31,여,1998,2007,2006,2,2007,1,Y,N,N,N,Y,Y,Y,N,N,N
a75e2f14bd29,남,1998,2007,2006,2,2009,1,Y,N,N,N,Y,Y,Y,N,N,N
b4e504709892,남,1998,2007,2006,2,2007,1,Y,N,N,N,Y,Y,Y,N,N,N
bda07c64e0d7,남,1998,2007,2006,2,2011,1,Y,Y,N,N,Y,Y,Y,N,N,N
c4537e6535c0,남,1998,2007,2006,2,2009,1,Y,N,N,N,Y,Y,Y,N,N,N
e035dd2d8dd1,남,1998,2007,2006,2,2007,1,Y,N,N,N,Y,Y,Y,N,N,N
f998f5d02d84,남,1998,2007,2006,2,2009,1,Y,N,N,N,Y,Y,Y,N,N,N
13234d547fef,여,1997,2007,2006,3,2011,1,Y,Y,N,N,Y,Y,Y,N,N,N
18ee553f4b1f,남,1997,2007,2006,3,2020,1,Y,Y,Y,Y,Y,Y,Y,N,N,N
197892c3e852,남,1997,2007,2006,3,2007,1,Y,N,N,N,Y,Y,Y,N,N,N
1f7edacccc17,여,1997,2007,2006,3,2026,1,Y,Y,Y,Y,Y,Y,Y,N,N,N
1fb0966c3867,남,1997,2007,2006,3,2009,1,Y,N,N,N,Y,Y,Y,N,N,N
233b40519c1a,여,1997,2007,2006,3,2018,1,Y,Y,Y,Y,Y,Y,Y,N,N,N
31deaa043f12,여,1997,2007,2006,3,2019,1,Y,Y,Y,Y,Y,Y,Y,N,N,N
399812def382,남,1997,2007,2006,3,2007,1,Y,N,N,N,Y,Y,Y,N,N,N
3e80a02ff6a1,남,1997,2007,2006,3,2007,1,Y,N,N,N,Y,Y,Y,N,N,N
48eed1d4a807,여,1997,2007,2006,3,2007,1,Y,N,N,N,Y,Y,Y,N,N,N
4f8d3f680d61,남,1997,2007,2006,3,2007,1,Y,N,N,N,Y,Y,Y,N,N,N
5c46ec9fe215,남,1997,2007,2006,3,2007,1,Y,N,N,N,Y,Y,Y,N,N,N
6ea2e7a25605,남,1997,2007,2006,3,2007,1,Y,N,N,N,Y,Y,Y,N,N,N
8cd44ee59ba5,여,1997,2007,2006,3,2015,1,Y,Y,Y,N,Y,Y,Y,N,N,N
8f46bcdf68e5,남,1997,2007,2006,3,2020,1,Y,Y,Y,Y,Y,Y,Y,N,N,N
9222fdaf4c9d,여,1997,2007,2006,3,2023,1,Y,Y,Y,Y,Y,Y,Y,N,N,N
99f40318b5ec,여,1997,2007,2006,3,2007,1,Y,N,N,N,Y,Y,Y,N,N,N
a0de74945cd5,여,1997,2007,2006,3,2007,1,Y,N,N,N,Y,Y,Y,N,N,N
a1f37c87087b,남,1997,2007,2006,3,2007,1,Y,N,N,N,Y,Y,Y,N,N,N
c584956e3254,남,1997,2007,2006,3,2024,1,Y,Y,Y,Y,Y,Y,Y,N,N,N
cf724ab5e04b,남,1997,2007,2006,3,2007,1,Y,N,N,N,Y,Y,Y,N,N,N
da2f19d481de,남,1997,2007,2006,3,2024,1,Y,Y,Y,Y,Y,Y,Y,N,N,N
dbe9eb2ab621,남,1997,2007,2006,3,2009,1,Y,N,N,N,Y,Y,Y,N,N,N
df0e87cc1575,여,1997,2007,2006,3,2026,1,Y,Y,Y,Y,Y,Y,Y,N,N,N
ffa09b3e968a,여,1997,2007,2006,3,2007,1,Y,N,N,N,Y,Y,Y,N,N,N
0aa4c3c53f54,남,1996,2007,2006,4,2007,1,Y,N,N,N,Y,Y,Y,N,N,N
208788bfc4a2,남,1996,2007,2006,4,2007,1,Y,N,N,N,Y,Y,Y,N,N,N
2340f7c314fd,남,1996,2007,2006,4,2007,1,Y,N,N,N,Y,Y,Y,N,N,N
28a8c1500f26,여,1996,2007,2006,4,2007,1,Y,N,N,N,Y,Y,Y,N,N,N
2bd45abdf686,여,1996,2007,2006,4,2019,1,Y,Y,Y,Y,Y,Y,Y,N,N,N
2f428e11b789,남,1996,2007,2006,4,2023,1,Y,Y,Y,Y,Y,Y,Y,N,N,N
469128197622,남,1996,2007,2006,4,2009,1,Y,Y,N,N,Y,Y,Y,N,N,N
5a48fa55599c,여,1996,2007,2006,4,2007,1,Y,N,N,N,Y,Y,Y,N,N,N
63635f6574ae,여,1996,2007,2006,4,2010,1,Y,Y,N,N,Y,Y,Y,N,N,N
669f394d43bf,남,1996,2007,2006,4,2007,1,Y,N,N,N,Y,Y,Y,N,N,N
75613589746d,남,1996,2007,2006,4,2018,1,Y,Y,Y,Y,Y,Y,Y,N,N,N
769c547e8d2e,여,1996,2007,2006,4,2007,1,Y,N,N,N,Y,Y,Y,N,N,N
7fad02e54fdc,남,1996,2007,2006,4,2023,1,Y,Y,Y,Y,Y,Y,Y,N,N,N
94677631a5cb,남,1996,2007,2006,4,2019,1,Y,Y,Y,Y,Y,Y,Y,N,N,N
983ec6748edb,여,1996,2007,2006,4,2020,1,Y,Y,Y,Y,Y,Y,Y,N,N,N
a71c3c6038a8,여,1996,2007,2006,4,2007,1,Y,N,N,N,Y,Y,Y,N,N,N
af5f9ce8641e,남,1996,2007,2006,4,2018,1,Y,Y,Y,Y,Y,Y,Y,N,N,N
b23ef5311053,남,1996,2007,2006,4,2026,1,Y,Y,Y,Y,Y,Y,Y,N,N,N
b7bb17f0d8f0,남,1996,2007,2006,4,2015,1,Y,Y,Y,Y,Y,Y,Y,N,N,N
be908d8b267f,여,1996,2007,2006,4,2020,1,Y,Y,Y,Y,Y,Y,Y,N,N,N
c986ac4282ff,남,1996,2007,2006,4,2015,1,Y,Y,Y,Y,Y,Y,Y,N,N,N
d9eb328b75b3,여,1996,2007,2006,4,2019,1,Y,Y,Y,Y,Y,Y,Y,N,N,N
da074dfc95bc,남,1996,2007,2006,4,2018,1,Y,Y,Y,Y,Y,Y,Y,N,N,N
e0c8d6d91885,남,1996,2007,2006,4,2022,1,Y,Y,Y,Y,Y,Y,Y,N,N,N
f6c165689145,남,1996,2007,2006,4,2017,1,Y,Y,Y,Y,Y,Y,Y,N,N,N
faf222e8aacc,남,1996,2007,2006,4,2023,1,Y,Y,Y,Y,Y,Y,Y,N,N,N
fc4b158387cd,남,1996,2007,2006,4,2009,1,Y,Y,N,N,Y,Y,Y,N,N,N
013ffe268093,남,1995,2007,2006,5,2014,1,Y,Y,Y,Y,Y,Y,Y,N,N,N
0dd2b5579ad1,남,1995,2007,2006,5,2007,1,Y,N,N,N,Y,Y,Y,N,N,N
0ebee756e8e4,여,1995,2007,2006,5,2007,1,Y,N,N,N,Y,Y,Y,N,N,N
0f4ddee2a4bf,여,1995,2007,2006,5,2007,1,Y,N,N,N,Y,Y,Y,N,N,N
121f5b9adbcf,남,1995,2007,2006,5,2007,1,Y,N,N,N,Y,Y,Y,N,N,N
39f6621d7e2b,여,1995,2007,2006,5,2026,1,Y,Y,Y,Y,Y,Y,Y,N,N,N
3b0d6635d264,남,1995,2007,2006,5,2009,1,Y,Y,N,N,Y,Y,Y,N,N,N
40edf77df701,남,1995,2007,2006,5,2007,1,Y,N,N,N,Y,Y,Y,N,N,N
4280c7cb11a8,여,1995,2007,2006,5,2007,1,Y,N,N,N,Y,Y,Y,N,N,N
48c0037b849a,여,1995,2007,2006,5,2025,1,Y,Y,Y,Y,Y,Y,Y,N,N,N
562e5fe825a7,여,1995,2007,2006,5,2007,1,Y,N,N,N,Y,Y,Y,N,N,N
5bae8dbea2a0,남,1995,2007,2006,5,2014,1,Y,Y,Y,Y,Y,Y,Y,N,N,N
65b8db63a6f3,여,1995,2007,2006,5,2009,1,Y,Y,N,N,Y,Y,Y,N,N,N
6a9b86db8452,남,1995,2007,2006,5,2013,1,Y,Y,Y,N,Y,Y,Y,N,N,N
6b07a2191c5f,남,1995,2007,2006,5,2007,1,Y,N,N,N,Y,Y,Y,N,N,N
6b1054af486e,여,1995,2007,2006,5,2017,1,Y,Y,Y,Y,Y,Y,Y,N,N,N
77aea32d94e2,여,1995,2007,2006,5,2023,1,Y,Y,Y,Y,Y,Y,Y,N,N,N
7c5808f07c72,남,1995,2007,2006,5,2009,1,Y,Y,N,N,Y,Y,Y,N,N,N
867a4d62483e,남,1995,2007,2006,5,2007,1,Y,N,N,N,Y,Y,Y,N,N,N
93ea3ce3de52,여,1995,2007,2006,5,2016,1,Y,Y,Y,Y,Y,Y,Y,N,N,N
a01c4784bda5,남,1995,2007,2006,5,2007,1,Y,N,N,N,Y,Y,Y,N,N,N
a6852bc3f5b9,남,1995,2007,2006,5,2019,1,Y,Y,Y,Y,Y,Y,Y,N,N,N
c31c57957ac5,남,1995,2007,2006,5,2017,1,Y,Y,Y,Y,Y,Y,Y,N,N,N
c5f8853cdb58,여,1995,2007,2006,5,2014,1,Y,Y,Y,Y,Y,Y,Y,N,N,N
cc8aacdad28a,남,1995,2007,2006,5,2019,1,Y,Y,Y,Y,Y,Y,Y,N,N,N
d2529fb44dab,여,1995,2007,2006,5,2015,1,Y,Y,Y,Y,Y,Y,Y,N,N,N
d7d7c6478ccd,남,1995,2007,2006,5,2022,1,Y,Y,Y,Y,Y,Y,Y,N,N,N
ef1251926c55,남,1995,2007,2006,5,2009,1,Y,Y,N,N,Y,Y,Y,N,N,N
f7586faa9b4b,여,1995,2007,2006,5,2010,1,Y,Y,N,N,Y,Y,Y,N,N,N
f9485279a90f,여,1995,2007,2006,5,2022,1,Y,Y,Y,Y,Y,Y,Y,N,N,N
10d54ed3e18e,남,1994,2007,2006,6,2012,1,Y,Y,Y,N,Y,Y,Y,N,N,N
120a8bdd9867,남,1994,2007,2006,6,2015,1,Y,Y,Y,Y,Y,Y,Y,N,N,N
1502df7edb16,남,1994,2007,2006,6,2010,1,Y,Y,Y,N,Y,Y,Y,N,N,N
213dd96bc532,남,1994,2007,2006,6,2023,1,Y,Y,Y,Y,Y,Y,Y,N,N,N
23fdd3113f3e,여,1994,2007,2006,6,2018,1,Y,Y,Y,Y,Y,Y,Y,N,N,N
2d46caf4d922,남,1994,2007,2006,6,2024,1,Y,Y,Y,Y,Y,Y,Y,N,N,N
360ca438dd1b,여,1994,2007,2006,6,2014,1,Y,Y,Y,Y,Y,Y,Y,N,N,N
3a0c05301215,여,1994,2007,2006,6,2007,1,Y,Y,N,N,Y,Y,Y,N,N,N
4773cab8f530,남,1994,2007,2006,6,2022,1,Y,Y,Y,Y,Y,Y,Y,N,N,N
7ba47907d375,남,1994,2007,2006,6,2019,1,Y,Y,Y,Y,Y,Y,Y,N,N,N
811dec6e3ad3,남,1994,2007,2006,6,2020,1,Y,Y,Y,Y,Y,Y,Y,N,N,N
aec3d4890d1d,여,1994,2007,2006,6,2007,1,Y,Y,N,N,Y,Y,Y,N,N,N
bad58700eefa,남,1994,2007,2006,6,2007,1,Y,Y,N,N,Y,Y,Y,N,N,N
c3d174bd7b0d,여,1994,2007,2006,6,2026,1,Y,Y,Y,Y,Y,Y,Y,N,N,N
d5272b79a481,여,1994,2007,2006,6,2018,1,Y,Y,Y,Y,Y,Y,Y,N,N,N
de1a37e081c7,남,1994,2007,2006,6,2020,1,Y,Y,Y,Y,Y,Y,Y,N,N,N
e2b11f1f8811,남,1994,2007,2006,6,2007,1,Y,Y,N,N,Y,Y,Y,N,N,N
ed484b1c7b7c,남,1994,2007,2006,6,2011,1,Y,Y,Y,N,Y,Y,Y,N,N,N
fd8b316c68e4,남,1994,2007,2006,6,2010,1,Y,Y,Y,N,Y,Y,Y,N,N,N
0af1f8641a01,남,1993,2007,2006,7,2026,1,Y,Y,Y,Y,Y,Y,Y,N,N,N
14a21cfa416a,여,1993,2007,2006,7,2024,1,Y,Y,Y,Y,Y,Y,Y,N,N,N
225fb455c010,남,1993,2007,2006,7,2020,1,Y,Y,Y,Y,Y,Y,Y,N,N,N
22c70867823a,남,1993,2007,2006,7,2020,1,Y,Y,Y,Y,Y,Y,Y,N,N,N
26d5bb612f35,남,1993,2007,2006,7,2021,1,Y,Y,Y,Y,Y,Y,Y,N,N,N
2af4aa3d8347,여,1993,2007,2006,7,2019,1,Y,Y,Y,Y,Y,Y,Y,N,N,N
5140194a098d,남,1993,2007,2006,7,2024,1,Y,Y,Y,Y,Y,Y,Y,N,N,N
522178dded04,남,1993,2007,2006,7,2013,1,Y,Y,Y,Y,Y,Y,Y,N,N,N
568d30615abe,여,1993,2007,2006,7,2007,1,Y,Y,N,N,Y,Y,Y,N,N,N
5895d578875a,여,1993,2007,2006,7,2009,1,Y,Y,Y,N,Y,Y,Y,N,N,N
64762911db97,남,1993,2007,2006,7,2025,1,Y,Y,Y,Y,Y,Y,Y,N,N,N
670cacd56ebc,여,1993,2007,2006,7,2009,1,Y,Y,Y,N,Y,Y,Y,N,N,N
6a06ceea920f,여,1993,2007,2006,7,2007,1,Y,Y,N,N,Y,Y,Y,N,N,N
6a24f85ba7f3,남,1993,2007,2006,7,2010,1,Y,Y,Y,N,Y,Y,Y,N,N,N
6b6217835a81,남,1993,2007,2006,7,2015,1,Y,Y,Y,Y,Y,Y,Y,N,N,N
7888da2a2b75,남,1993,2007,2006,7,2017,1,Y,Y,Y,Y,Y,Y,Y,N,N,N
79ae0d5998d5,여,1993,2007,2006,7,2019,1,Y,Y,Y,Y,Y,Y,Y,N,N,N
848ae7cf03ef,남,1993,2007,2006,7,2016,1,Y,Y,Y,Y,Y,Y,Y,N,N,N
8970c464b9f4,남,1993,2007,2006,7,2023,1,Y,Y,Y,Y,Y,Y,Y,N,N,N
8c1f0bb5bd9e,남,1993,2007,2006,7,2020,1,Y,Y,Y,Y,Y,Y,Y,N,N,N
af613fde6bf6,여,1993,2007,2006,7,2025,1,Y,Y,Y,Y,Y,Y,Y,N,N,N
c088d6dfee2c,남,1993,2007,2006,7,2018,1,Y,Y,Y,Y,Y,Y,Y,N,N,N
d450334d5fda,남,1993,2007,2006,7,2018,1,Y,Y,Y,Y,Y,Y,Y,N,N,N
de04d8551f85,여,1993,2007,2006,7,2009,1,Y,Y,Y,N,Y,Y,Y,N,N,N
e353f8b619cb,남,1993,2007,2006,7,2018,1,Y,Y,Y,Y,Y,Y,Y,N,N,N
f145e63d5ed5,여,1993,2007,2006,7,2023,1,Y,Y,Y,Y,Y,Y,Y,N,N,N
003a4f4bf634,남,1992,2007,2006,8,2007,1,Y,Y,N,N,Y,Y,Y,N,N,N
0db5810a67de,남,1992,2007,2006,8,2026,1,Y,Y,Y,Y,Y,Y,Y,N,N,N
16e8c6d7367d,여,1992,2007,2006,8,2017,1,Y,Y,Y,Y,Y,Y,Y,N,N,N
209d7f786bd2,여,1992,2007,2006,8,2013,1,Y,Y,Y,Y,Y,Y,Y,N,N,N
2c021d98fc97,남,1992,2007,2006,8,2013,1,Y,Y,Y,Y,Y,Y,Y,N,N,N
2e607341fcd3,남,1992,2007,2006,8,2009,1,Y,Y,Y,N,Y,Y,Y,N,N,N
386a61e110a7,남,1992,2007,2006,8,2010,1,Y,Y,Y,N,Y,Y,Y,N,N,N
55354c9371d1,남,1992,2007,2006,8,2009,1,Y,Y,Y,N,Y,Y,Y,N,N,N
553b3be74f3e,여,1992,2007,2006,8,2014,1,Y,Y,Y,Y,Y,Y,Y,N,N,N
5eb13f527fe7,여,1992,2007,2006,8,2018,1,Y,Y,Y,Y,Y,Y,Y,N,N,N
5f9645c292e9,남,1992,2007,2006,8,2010,1,Y,Y,Y,N,Y,Y,Y,N,N,N
6352595f975c,남,1992,2007,2006,8,2025,1,Y,Y,Y,Y,Y,Y,Y,N,N,N
6c14525d9ac7,남,1992,2007,2006,8,2010,1,Y,Y,Y,N,Y,Y,Y,N,N,N
78b743c5bff1,여,1992,2007,2006,8,2018,1,Y,Y,Y,Y,Y,Y,Y,N,N,N
7dad824c884d,여,1992,2007,2006,8,2016,1,Y,Y,Y,Y,Y,Y,Y,N,N,N
86e080aa0611,남,1992,2007,2006,8,2014,1,Y,Y,Y,Y,Y,Y,Y,N,N,N
8813b3e58801,남,1992,2007,2006,8,2019,1,Y,Y,Y,Y,Y,Y,Y,N,N,N
b5e12f4b2d19,여,1992,2007,2006,8,2017,1,Y,Y,Y,Y,Y,Y,Y,N,N,N
ba10717f413e,여,1992,2007,2006,8,2012,1,Y,Y,Y,Y,Y,Y,Y,N,N,N
bac68acf29ff,여,1992,2007,2006,8,2024,1,Y,Y,Y,Y,Y,Y,Y,N,N,N
ce0155d99725,여,1992,2007,2006,8,2007,1,Y,Y,N,N,Y,Y,Y,N,N,N
d66fe4ac13ba,남,1992,2007,2006,8,2025,1,Y,Y,Y,Y,Y,Y,Y,N,N,N
db8b19278a09,여,1992,2007,2006,8,2009,1,Y,Y,Y,N,Y,Y,Y,N,N,N
e3bd567ad8c2,남,1992,2007,2006,8,2014,1,Y,Y,Y,Y,Y,Y,Y,N,N,N
ed87b0533c13,남,1992,2007,2006,8,2010,1,Y,Y,Y,N,Y,Y,Y,N,N,N
1f0f26f535e5,여,1991,2007,2006,9,2026,1,Y,Y,Y,Y,Y,Y,Y,N,N,N
5ff1e218fcd8,남,1991,2007,2006,9,2007,1,Y,Y,Y,N,Y,Y,Y,N,N,N
634ddb0fe080,남,1991,2007,2006,9,2007,1,Y,Y,Y,N,Y,Y,Y,N,N,N
652cac194737,남,1991,2007,2006,9,2011,1,Y,Y,Y,Y,Y,Y,Y,N,N,N
65dd4577519a,남,1991,2007,2006,9,2017,1,Y,Y,Y,Y,Y,Y,Y,N,N,N
67c82e980096,남,1991,2007,2006,9,2010,1,Y,Y,Y,Y,Y,Y,Y,N,N,N
716122f09a99,여,1991,2007,2006,9,2014,1,Y,Y,Y,Y,Y,Y,Y,N,N,N
779035097887,남,1991,2007,2006,9,2007,1,Y,Y,Y,N,Y,Y,Y,N,N,N
9062f24f709d,남,1991,2007,2006,9,2010,1,Y,Y,Y,Y,Y,Y,Y,N,N,N
91b2404fb38a,남,1991,2007,2006,9,2018,1,Y,Y,Y,Y,Y,Y,Y,N,N,N
b247735762fa,여,1991,2007,2006,9,2007,1,Y,Y,Y,N,Y,Y,Y,N,N,N
ba137adc112d,여,1991,2007,2006,9,2017,1,Y,Y,Y,Y,Y,Y,Y,N,N,N
d7feb4abef2c,남,1991,2007,2006,9,2023,1,Y,Y,Y,Y,Y,Y,Y,N,N,N
d9ea856ffc04,남,1991,2007,2006,9,2007,1,Y,Y,Y,N,Y,Y,Y,N,N,N
e52eb36bd534,남,1991,2007,2006,9,2015,1,Y,Y,Y,Y,Y,Y,Y,N,N,N
edb357db45c8,남,1991,2007,2006,9,2025,1,Y,Y,Y,Y,Y,Y,Y,N,N,N
f2b1ce560ae8,여,1991,2007,2006,9,2013,1,Y,Y,Y,Y,Y,Y,Y,N,N,N
fcaf4a531687,남,1991,2007,2006,9,2017,1,Y,Y,Y,Y,Y,Y,Y,N,N,N
ff81aa9e113e,여,1991,2007,2006,9,2007,1,Y,Y,Y,N,Y,Y,Y,N,N,N
04c5a22f8436,여,1990,2007,2006,10,2013,1,Y,Y,Y,Y,Y,Y,Y,N,N,N
093751dfd382,여,1990,2007,2006,10,2008,1,Y,Y,Y,N,Y,Y,Y,N,N,N
284cc082d4eb,여,1990,2007,2006,10,2016,1,Y,Y,Y,Y,Y,Y,Y,N,N,N
2909bacf2b4c,남,1990,2007,2006,10,2018,1,Y,Y,Y,Y,Y,Y,Y,N,N,N
2cd17c6a3c6f,남,1990,2007,2006,10,2015,1,Y,Y,Y,Y,Y,Y,Y,N,N,N
2dfec49bed16,남,1990,2007,2006,10,2015,1,Y,Y,Y,Y,Y,Y,Y,N,N,N
42c665383c05,남,1990,2007,2006,10,2012,1,Y,Y,Y,Y,Y,Y,Y,N,N,N
52fb82ab3a08,남,1990,2007,2006,10,2018,1,Y,Y,Y,Y,Y,Y,Y,N,N,N
5c75f5194b15,남,1990,2007,2006,10,2018,1,Y,Y,Y,Y,Y,Y,Y,N,N,N
6a1768916603,여,1990,2007,2006,10,2019,1,Y,Y,Y,Y,Y,Y,Y,N,N,N
703d71ebe1bf,남,1990,2007,2006,10,2017,1,Y,Y,Y,Y,Y,Y,Y,N,N,N
705bb485ca5f,남,1990,2007,2006,10,2012,1,Y,Y,Y,Y,Y,Y,Y,N,N,N
96f5a11bda66,남,1990,2007,2006,10,2007,1,Y,Y,Y,N,Y,Y,Y,N,N,N
9f0e1d6faa94,남,1990,2007,2006,10,2013,1,Y,Y,Y,Y,Y,Y,Y,N,N,N
aa5b1901f36e,남,1990,2007,2006,10,2009,1,Y,Y,Y,Y,Y,Y,Y,N,N,N
ae785a71ea2d,여,1990,2007,2006,10,2007,1,Y,Y,Y,N,Y,Y,Y,N,N,N
b039ac988a07,남,1990,2007,2006,10,2009,1,Y,Y,Y,Y,Y,Y,Y,N,N,N
b13b3d5dfd31,남,1990,2007,2006,10,2009,1,Y,Y,Y,Y,Y,Y,Y,N,N,N
c89ae9d8de3c,남,1990,2007,2006,10,2009,1,Y,Y,Y,Y,Y,Y,Y,N,N,N
0ea0f5ea4950,남,1989,2007,2006,11,2009,1,Y,Y,Y,Y,Y,Y,Y,N,N,N
17e7c6ce5ee3,남,1989,2007,2006,11,2016,1,Y,Y,Y,Y,Y,Y,Y,N,N,N
1f0954e96210,남,1989,2007,2006,11,2024,1,Y,Y,Y,Y,Y,Y,Y,N,N,N
2796274b6b7c,남,1989,2007,2006,11,2025,1,Y,Y,Y,Y,Y,Y,Y,N,N,N
44ce8b98600d,여,1989,2007,2006,11,2016,1,Y,Y,Y,Y,Y,Y,Y,N,N,N
4e6b997a8725,여,1989,2007,2006,11,2017,1,Y,Y,Y,Y,Y,Y,Y,N,N,N
4f42cd0206f2,남,1989,2007,2006,11,2015,1,Y,Y,Y,Y,Y,Y,Y,N,N,N
58c7e9519e49,남,1989,2007,2006,11,2007,1,Y,Y,Y,N,Y,Y,Y,N,N,N
58e0de64f75b,여,1989,2007,2006,11,2010,1,Y,Y,Y,Y,Y,Y,Y,N,N,N
90d84f81fc5c,남,1989,2007,2006,11,2014,1,Y,Y,Y,Y,Y,Y,Y,N,N,N
a598eab16662,여,1989,2007,2006,11,2014,1,Y,Y,Y,Y,Y,Y,Y,N,N,N
a9c24d83a06b,여,1989,2007,2006,11,2010,1,Y,Y,Y,Y,Y,Y,Y,N,N,N
acac3d142d7b,여,1989,2007,2006,11,2010,1,Y,Y,Y,Y,Y,Y,Y,N,N,N
b5b94e97b0eb,여,1989,2007,2006,11,2017,1,Y,Y,Y,Y,Y,Y,Y,N,N,N
d648010916b3,남,1989,2007,2006,11,2010,1,Y,Y,Y,Y,Y,Y,Y,N,N,N
e376b8d1e5d2,남,1989,2007,2006,11,2014,1,Y,Y,Y,Y,Y,Y,Y,N,N,N
f17bd9cb7818,남,1989,2007,2006,11,2026,1,Y,Y,Y,Y,Y,Y,Y,N,N,N
06a2e9a7cbaa,여,1988,2007,2006,12,2013,1,Y,Y,Y,Y,Y,Y,Y,N,N,N
09a141acd968,남,1988,2007,2006,12,2010,1,Y,Y,Y,Y,Y,Y,Y,N,N,N
1c1883e3e060,남,1988,2007,2006,12,2015,1,Y,Y,Y,Y,Y,Y,Y,N,N,N
3f1788095245,여,1988,2007,2006,12,2011,1,Y,Y,Y,Y,Y,Y,Y,N,N,N
410165e0952a,여,1988,2007,2006,12,2012,1,Y,Y,Y,Y,Y,Y,Y,N,N,N
5085ca159c8f,남,1988,2007,2006,12,2007,1,Y,Y,Y,Y,Y,Y,Y,N,N,N
60eaac476253,여,1988,2007,2006,12,2007,1,Y,Y,Y,Y,Y,Y,Y,N,N,N
62c11a801dcd,남,1988,2007,2006,12,2019,1,Y,Y,Y,Y,Y,Y,Y,N,N,N
6a079b9181c5,여,1988,2007,2006,12,2009,1,Y,Y,Y,Y,Y,Y,Y,N,N,N
6d16ce9fa92e,여,1988,2007,2006,12,2015,1,Y,Y,Y,Y,Y,Y,Y,N,N,N
9d5453b2ab94,남,1988,2007,2006,12,2007,1,Y,Y,Y,Y,Y,Y,Y,N,N,N
b699495e24aa,남,1988,2007,2006,12,2009,1,Y,Y,Y,Y,Y,Y,Y,N,N,N
b9d76942397b,남,1988,2007,2006,12,2018,1,Y,Y,Y,Y,Y,Y,Y,N,N,N
c0d64d87b6f0,여,1988,2007,2006,12,2010,1,Y,Y,Y,Y,Y,Y,Y,N,N,N
c74ff3dead88,남,1988,2007,2006,12,2010,1,Y,Y,Y,Y,Y,Y,Y,N,N,N
d05c19e307a9,여,1988,2007,2006,12,2012,1,Y,Y,Y,Y,Y,Y,Y,N,N,N
e02e5ece24f5,남,1988,2007,2006,12,2018,1,Y,Y,Y,Y,Y,Y,Y,N,N,N
e7c8828467ef,여,1988,2007,2006,12,2011,1,Y,Y,Y,Y,Y,Y,Y,N,N,N
f47f31b344a7,남,1988,2007,2006,12,2025,1,Y,Y,Y,Y,Y,Y,Y,N,N,N
03864a5f44da,여,1987,2007,2006,13,2007,1,Y,Y,Y,Y,Y,Y,Y,N,N,N
43f440a30a61,남,1987,2007,2006,13,2011,1,Y,Y,Y,Y,Y,Y,Y,N,N,N
445c1ffd77ff,남,1987,2007,2006,13,2018,1,Y,Y,Y,Y,Y,Y,Y,N,N,N
643e2bd747aa,여,1987,2007,2006,13,2007,1,Y,Y,Y,Y,Y,Y,Y,N,N,N
71d0f368817c,남,1987,2007,2006,13,2009,1,Y,Y,Y,Y,Y,Y,Y,N,N,N
8479f75333fb,남,1987,2007,2006,13,2007,1,Y,Y,Y,Y,Y,Y,Y,N,N,N
8f1a4f2282cf,남,1987,2007,2006,13,2012,1,Y,Y,Y,Y,Y,Y,Y,N,N,N
b803e1a4c02e,여,1987,2007,2006,13,2009,1,Y,Y,Y,Y,Y,Y,Y,N,N,N
c1a1edc25cac,남,1987,2007,2006,13,2010,1,Y,Y,Y,Y,Y,Y,Y,N,N,N
cab67bcee5d4,남,1987,2007,2006,13,2013,1,Y,Y,Y,Y,Y,Y,Y,N,N,N
ceee39590d44,여,1987,2007,2006,13,2010,1,Y,Y,Y,Y,Y,Y,Y,N,N,N
f7b21c318096,남,1987,2007,2006,13,2016,1,Y,Y,Y,Y,Y,Y,Y,N,N,N
03a71cae72a1,여,1986,2007,2006,14,2007,1,Y,Y,Y,Y,Y,Y,Y,N,N,N
2b4eca169bba,남,1986,2007,2006,14,2014,1,Y,Y,Y,Y,Y,Y,Y,N,N,N
41daacdce9f4,남,1986,2007,2006,14,2007,1,Y,Y,Y,Y,Y,Y,Y,N,N,N
630c5a5cdfd2,남,1986,2007,2006,14,2009,1,Y,Y,Y,Y,Y,Y,Y,N,N,N
7846ebce93a3,여,1986,2007,2006,14,2010,1,Y,Y,Y,Y,Y,Y,Y,N,N,N
86887407de94,여,1986,2007,2006,14,2015,1,Y,Y,Y,Y,Y,Y,Y,N,N,N
d9e1451f260a,남,1986,2007,2006,14,2007,1,Y,Y,Y,Y,Y,Y,Y,N,N,N
ff65337f79d1,여,1986,2007,2006,14,2009,1,Y,Y,Y,Y,Y,Y,Y,N,N,N
059632336a62,남,1985,2007,2006,15,2007,1,Y,Y,Y,Y,Y,Y,Y,N,N,N
5ec15f0604fb,남,1985,2007,2006,15,2009,1,Y,Y,Y,Y,Y,Y,Y,N,N,N
83bb9ef5e6b5,남,1985,2007,2006,15,2012,1,Y,Y,Y,Y,Y,Y,Y,N,N,N
93535f0fb85d,여,1985,2007,2006,15,2017,1,Y,Y,Y,Y,Y,Y,Y,N,N,N
9f82f48a01db,남,1985,2007,2006,15,2007,1,Y,Y,Y,Y,Y,Y,Y,N,N,N
a15ddf7281f5,남,1985,2007,2006,15,2010,1,Y,Y,Y,Y,Y,Y,Y,N,N,N
a765c0d58fea,여,1985,2007,2006,15,2018,1,Y,Y,Y,Y,Y,Y,Y,N,N,N
aba961280670,남,1985,2007,2006,15,2011,1,Y,Y,Y,Y,Y,Y,Y,N,N,N
af898ae6a548,남,1985,2007,2006,15,2012,1,Y,Y,Y,Y,Y,Y,Y,N,N,N
ccf59ce133d9,남,1985,2007,2006,15,2009,1,Y,Y,Y,Y,Y,Y,Y,N,N,N
0e336592b3d6,남,1984,2007,2006,16,2010,1,Y,Y,Y,Y,Y,Y,Y,N,N,N
27b173f8fe71,여,1984,2007,2006,16,2007,1,Y,Y,Y,Y,Y,Y,Y,N,N,N
4ded9774e8af,남,1984,2007,2006,16,2011,1,Y,Y,Y,Y,Y,Y,Y,N,N,N
0b22f4ac3c5a,여,1983,2007,2006,17,2013,1,Y,Y,Y,Y,Y,Y,Y,N,N,N
25316ea32f0b,남,1983,2007,2006,17,2009,1,Y,Y,Y,Y,Y,Y,Y,N,N,N
4646f63de992,남,1983,2007,2006,17,2007,1,Y,Y,Y,Y,Y,Y,Y,N,N,N
6eb4cb0c489c,여,1983,2007,2006,17,2016,1,Y,Y,Y,Y,Y,Y,Y,N,N,N
76d7fa10b2b4,여,1983,2007,2006,17,2007,1,Y,Y,Y,Y,Y,Y,Y,N,N,N
78ca889b0543,남,1983,2007,2006,17,2009,1,Y,Y,Y,Y,Y,Y,Y,N,N,N
fde970be336a,남,1983,2007,2006,17,2007,1,Y,Y,Y,Y,Y,Y,Y,N,N,N
41505a8e971a,남,1982,2007,2006,18,2009,1,Y,Y,Y,Y,Y,Y,Y,N,N,N
41e6b8ece69c,남,1982,2007,2006,18,2009,1,Y,Y,Y,Y,Y,Y,Y,N,N,N
73f7e164b027,남,1982,2007,2006,18,2009,1,Y,Y,Y,Y,Y,Y,Y,N,N,N
8b63c19ea1b3,여,1982,2007,2006,18,2009,1,Y,Y,Y,Y,Y,Y,Y,N,N,N
b98baeab3ecf,여,1982,2007,2006,18,2007,1,Y,Y,Y,Y,Y,Y,Y,N,N,N
9d1a843b9f83,여,1981,2007,2006,19,2007,1,Y,Y,Y,Y,Y,Y,Y,N,N,N
dead955b9f4a,남,1981,2007,2006,19,2007,1,Y,Y,Y,Y,Y,Y,Y,N,N,N
f6cfa91a4aa0,여,1981,2007,2006,19,2007,1,Y,Y,Y,Y,Y,Y,Y,N,N,N
7a327b933fcf,남,1980,2007,2006,20,2007,1,Y,Y,Y,Y,Y,Y,Y,N,N,N
ffdeddf2cdff,여,1980,2007,2006,20,2007,1,Y,Y,Y,Y,Y,Y,Y,N,N,N
91a4c590d6c0,여,1973,2007,2006,27,2007,1,Y,Y,Y,Y,Y,Y,Y,N,N,N
d1d65ce6c04c,남,1969,2007,2006,31,2016,1,Y,Y,Y,Y,Y,Y,Y,N,N,N
edb109a26935,남,1968,2007,2006,32,2009,1,Y,Y,Y,Y,Y,Y,Y,N,N,N
747998c3be2f,남,1965,2007,2006,35,2009,1,Y,Y,Y,Y,Y,Y,Y,N,N,N
cbcbabc66c25,여,1965,2007,2006,35,2007,1,Y,Y,Y,Y,Y,Y,Y,N,N,N
353c5f11b576,여,1964,2007,2006,36,2007,1,Y,Y,Y,Y,Y,Y,Y,N,N,N
be55d9533923,남,1964,2007,2006,36,2009,1,Y,Y,Y,Y,Y,Y,Y,N,N,N
f584aca5c0db,남,1964,2007,2006,36,2007,1,Y,Y,Y,Y,Y,Y,Y,N,N,N
93208f96391b,남,1963,2007,2006,37,2007,1,Y,Y,Y,Y,Y,Y,Y,N,N,N
d2f949849085,남,1963,2007,2006,37,2011,1,Y,Y,Y,Y,Y,Y,Y,N,N,N
590deecb8409,남,1962,2007,2006,38,2007,1,Y,Y,Y,Y,Y,Y,Y,N,N,N
99c3290d8c36,남,1962,2007,2006,38,2007,1,Y,Y,Y,Y,Y,Y,Y,N,N,N
a488b240507a,여,1961,2007,2006,39,2008,1,Y,Y,Y,Y,Y,Y,Y,N,N,N
8f2c757086f5,여,1960,2007,2006,40,2009,1,Y,Y,Y,Y,Y,Y,Y,N,N,N
82baf36eaef3,남,1958,2007,2006,42,2019,1,Y,Y,Y,Y,Y,Y,Y,N,N,N
2800c29284fd,여,1957,2007,2006,43,2008,1,Y,Y,Y,Y,Y,Y,Y,N,N,N
50bb4357045f,남,1999,2008,2007,2,2020,1,N,Y,Y,Y,Y,Y,Y,Y,Y,Y
6b1db24cd950,남,1999,2008,2007,2,2025,1,N,Y,Y,Y,Y,Y,Y,Y,Y,Y
900df6910556,여,1999,2008,2007,2,2026,1,N,Y,Y,Y,Y,Y,Y,Y,Y,Y
9d179c0e30b9,남,1999,2008,2007,2,2009,1,N,N,N,N,Y,Y,Y,Y,Y,Y
9f87d6c741dc,남,1999,2008,2007,2,2007,1,N,N,N,N,Y,Y,Y,Y,Y,Y
c3ba6b4f1789,남,1999,2008,2007,2,2007,1,N,N,N,N,Y,Y,Y,Y,Y,Y
daa3f235edcf,남,1999,2008,2007,2,2007,1,N,N,N,N,Y,Y,Y,Y,Y,Y
ffeccc59b86a,남,1999,2008,2007,2,2007,1,N,N,N,N,Y,Y,Y,Y,Y,Y
05ba5d870049,여,1998,2008,2007,3,2009,1,N,N,N,N,Y,Y,Y,Y,Y,Y
113bdf7467e4,남,1998,2008,2007,3,2009,1,N,N,N,N,Y,Y,Y,Y,Y,Y
1991b251b243,여,1998,2008,2007,3,2014,1,N,Y,Y,N,Y,Y,Y,Y,Y,Y
1c5e68f84cf3,남,1998,2008,2007,3,2026,1,N,Y,Y,Y,Y,Y,Y,Y,Y,Y
42a2af913d30,남,1998,2008,2007,3,2010,1,N,N,N,N,Y,Y,Y,Y,Y,Y
5979e84dd54c,여,1998,2008,2007,3,2016,1,N,Y,Y,N,Y,Y,Y,Y,Y,Y
5c8a7319c979,남,1998,2008,2007,3,2012,1,N,Y,N,N,Y,Y,Y,Y,Y,Y
715cec6a3d40,남,1998,2008,2007,3,2026,1,N,Y,Y,Y,Y,Y,Y,Y,Y,Y
76f5009703cd,남,1998,2008,2007,3,2007,1,N,N,N,N,Y,Y,Y,Y,Y,Y
8c464f28a5bd,여,1998,2008,2007,3,2019,1,N,Y,Y,Y,Y,Y,Y,Y,Y,Y
8cd122f40903,남,1998,2008,2007,3,2009,1,N,N,N,N,Y,Y,Y,Y,Y,Y
8ec9a37d1317,남,1998,2008,2007,3,2018,1,N,Y,Y,Y,Y,Y,Y,Y,Y,Y
b5f11360667c,여,1998,2008,2007,3,2013,1,N,Y,N,N,Y,Y,Y,Y,Y,Y
ce6a3b41dfe4,남,1998,2008,2007,3,2007,1,N,N,N,N,Y,Y,Y,Y,Y,Y
d9bea51edd33,남,1998,2008,2007,3,2009,1,N,N,N,N,Y,Y,Y,Y,Y,Y
e847a448da95,남,1998,2008,2007,3,2016,1,N,Y,Y,N,Y,Y,Y,Y,Y,Y
f4d2a5032915,여,1998,2008,2007,3,2026,1,N,Y,Y,Y,Y,Y,Y,Y,Y,Y
fcf1fc1a6e31,남,1998,2008,2007,3,2009,1,N,N,N,N,Y,Y,Y,Y,Y,Y
0b0d5f9ed4ff,여,1997,2008,2007,4,2016,1,N,Y,Y,Y,Y,Y,Y,Y,Y,Y
1019c9947000,남,1997,2008,2007,4,2007,1,N,N,N,N,Y,Y,Y,Y,Y,Y
1de8837fcb8c,남,1997,2008,2007,4,2009,1,N,N,N,N,Y,Y,Y,Y,Y,Y
25aaa6f75c68,여,1997,2008,2007,4,2016,1,N,Y,Y,Y,Y,Y,Y,Y,Y,Y
278b8984168a,남,1997,2008,2007,4,2007,1,N,N,N,N,Y,Y,Y,Y,Y,Y
2b5f31869781,여,1997,2008,2007,4,2016,1,N,Y,Y,Y,Y,Y,Y,Y,Y,Y
33fde8305857,여,1997,2008,2007,4,2011,1,N,Y,N,N,Y,Y,Y,Y,Y,Y
570ba29fd1bf,남,1997,2008,2007,4,2016,1,N,Y,Y,Y,Y,Y,Y,Y,Y,Y
5946862e40e4,남,1997,2008,2007,4,2007,1,N,N,N,N,Y,Y,Y,Y,Y,Y
5ada9c5b317e,여,1997,2008,2007,4,2007,1,N,N,N,N,Y,Y,Y,Y,Y,Y
9c86f94c6306,여,1997,2008,2007,4,2007,1,N,N,N,N,Y,Y,Y,Y,Y,Y
a095c7277f13,여,1997,2008,2007,4,2009,1,N,N,N,N,Y,Y,Y,Y,Y,Y
a305c2ca5547,남,1997,2008,2007,4,2022,1,N,Y,Y,Y,Y,Y,Y,Y,Y,Y
ae6dd5c70109,남,1997,2008,2007,4,2018,1,N,Y,Y,Y,Y,Y,Y,Y,Y,Y
afcf60305d72,여,1997,2008,2007,4,2013,1,N,Y,Y,N,Y,Y,Y,Y,Y,Y
d5f024e48174,남,1997,2008,2007,4,2007,1,N,N,N,N,Y,Y,Y,Y,Y,Y
e94ab0bb5548,여,1997,2008,2007,4,2020,1,N,Y,Y,Y,Y,Y,Y,Y,Y,Y
1c95897f5874,남,1996,2008,2007,5,2007,1,N,N,N,N,Y,Y,Y,Y,Y,Y
24eae5e24b66,여,1996,2008,2007,5,2007,1,N,N,N,N,Y,Y,Y,Y,Y,Y
2cb5dcec1fea,남,1996,2008,2007,5,2009,1,N,Y,N,N,Y,Y,Y,Y,Y,Y
2e3db3c28a4b,남,1996,2008,2007,5,2007,1,N,N,N,N,Y,Y,Y,Y,Y,Y
31933d64c233,남,1996,2008,2007,5,2010,1,N,Y,N,N,Y,Y,Y,Y,Y,Y
9acf72cf60a7,여,1996,2008,2007,5,2010,1,N,Y,N,N,Y,Y,Y,Y,Y,Y
9addc1f30c15,남,1996,2008,2007,5,2007,1,N,N,N,N,Y,Y,Y,Y,Y,Y
0560c00c0517,남,1995,2008,2007,6,2014,1,N,Y,Y,Y,Y,Y,Y,Y,Y,Y
057e219fc79b,남,1995,2008,2007,6,2007,1,N,N,N,N,Y,Y,Y,Y,Y,Y
0687308f5775,여,1995,2008,2007,6,2009,1,N,Y,N,N,Y,Y,Y,Y,Y,Y
0f41fbece094,남,1995,2008,2007,6,2019,1,N,Y,Y,Y,Y,Y,Y,Y,Y,Y
17113bcfe022,남,1995,2008,2007,6,2009,1,N,Y,N,N,Y,Y,Y,Y,Y,Y
26ea0b5729cc,여,1995,2008,2007,6,2007,1,N,N,N,N,Y,Y,Y,Y,Y,Y
3281617690c3,남,1995,2008,2007,6,2017,1,N,Y,Y,Y,Y,Y,Y,Y,Y,Y
60250f5316db,여,1995,2008,2007,6,2014,1,N,Y,Y,Y,Y,Y,Y,Y,Y,Y
9379ca2b18ef,남,1995,2008,2007,6,2013,1,N,Y,Y,N,Y,Y,Y,Y,Y,Y
a9dfbb59bbf5,여,1995,2008,2007,6,2007,1,N,N,N,N,Y,Y,Y,Y,Y,Y
1c75a270f566,여,1994,2008,2007,7,2015,1,N,Y,Y,Y,Y,Y,Y,Y,Y,Y
4d478dab67e1,남,1994,2008,2007,7,2012,1,N,Y,Y,N,Y,Y,Y,Y,Y,Y
78ce4ef94fb2,남,1994,2008,2007,7,2010,1,N,Y,Y,N,Y,Y,Y,Y,Y,Y
b18b368d31d8,남,1994,2008,2007,7,2019,1,N,Y,Y,Y,Y,Y,Y,Y,Y,Y
8d9a0852d766,남,1993,2008,2007,8,2007,1,N,Y,N,N,Y,Y,Y,Y,Y,Y
b7a1e5ed093e,남,1993,2008,2007,8,2007,1,N,Y,N,N,Y,Y,Y,Y,Y,Y
f3d256520128,남,1993,2008,2007,8,2013,1,N,Y,Y,Y,Y,Y,Y,Y,Y,Y
3ee0582d221b,남,1992,2008,2007,9,2010,1,N,Y,Y,N,Y,Y,Y,Y,Y,Y
45cd73afc9d3,남,1992,2008,2007,9,2011,1,N,Y,Y,Y,Y,Y,Y,Y,Y,Y
4ab142155140,남,1992,2008,2007,9,2011,1,N,Y,Y,Y,Y,Y,Y,Y,Y,Y
f1063e4b08f2,남,1992,2008,2007,9,2019,1,N,Y,Y,Y,Y,Y,Y,Y,Y,Y
1f402285733b,남,1991,2008,2007,10,2010,1,N,Y,Y,Y,Y,Y,Y,Y,Y,Y
3b8c3f7937a3,여,1991,2008,2007,10,2025,1,N,Y,Y,Y,Y,Y,Y,Y,Y,Y
6534884917ea,여,1991,2008,2007,10,2011,1,N,Y,Y,Y,Y,Y,Y,Y,Y,Y
f80fd2c30428,남,1991,2008,2007,10,2009,1,N,Y,Y,N,Y,Y,Y,Y,Y,Y
67801385bcaa,남,1990,2008,2007,11,2010,1,N,Y,Y,Y,Y,Y,Y,Y,Y,Y
7abf37c335c1,남,1990,2008,2007,11,2016,1,N,Y,Y,Y,Y,Y,Y,Y,Y,Y
df47739baf30,남,1990,2008,2007,11,2013,1,N,Y,Y,Y,Y,Y,Y,Y,Y,Y
e27ba20cc36a,남,1989,2008,2007,12,2007,1,N,Y,Y,N,Y,Y,Y,Y,Y,Y
3941377e2539,남,1985,2008,2007,16,2007,1,N,Y,Y,Y,Y,Y,Y,Y,Y,Y
4b99e8f0642d,여,1985,2008,2007,16,2007,1,N,Y,Y,Y,Y,Y,Y,Y,Y,Y
64ccdf0998d0,여,1985,2008,2007,16,2007,1,N,Y,Y,Y,Y,Y,Y,Y,Y,Y
4af9b5fd38fd,남,1984,2008,2007,17,2007,1,N,Y,Y,Y,Y,Y,Y,Y,Y,Y
86b41b0ffde8,남,1984,2008,2007,17,2007,1,N,Y,Y,Y,Y,Y,Y,Y,Y,Y
916d7aceb74d,여,1984,2008,2007,17,2009,1,N,Y,Y,Y,Y,Y,Y,Y,Y,Y
743406386e3c,남,1983,2008,2007,18,2009,1,N,Y,Y,Y,Y,Y,Y,Y,Y,Y
f89df0d58ee8,남,1982,2008,2007,19,2011,1,N,Y,Y,Y,Y,Y,Y,Y,Y,Y
1b11ac92f237,남,1980,2008,2007,21,2007,1,N,Y,Y,Y,Y,Y,Y,Y,Y,Y
d88dd62990ec,남,1980,2008,2007,21,2009,1,N,Y,Y,Y,Y,Y,Y,Y,Y,Y
28cbe64faa7e,남,1972,2008,2007,29,2007,1,N,Y,Y,Y,Y,Y,Y,Y,Y,Y
3bc573dec665,남,1971,2008,2007,30,2011,1,N,Y,Y,Y,Y,Y,Y,Y,Y,Y
a196952b4e61,여,1968,2008,2007,33,2009,1,N,Y,Y,Y,Y,Y,Y,Y,Y,Y
52f0bfd82915,여,1967,2008,2007,34,2009,1,N,Y,Y,Y,Y,Y,Y,Y,Y,Y
a60f8826a2f7,남,1963,2008,2007,38,2009,1,N,Y,Y,Y,Y,Y,Y,Y,Y,Y
01881fe3de50,남,2001,2009,2008,1,2009,1,N,N,N,N,Y,Y,Y,Y,Y,Y
2ff6be4028fb,여,2001,2009,2008,1,2015,1,N,Y,N,N,Y,Y,Y,Y,Y,Y
75404397362c,남,2001,2009,2008,1,2023,1,N,Y,Y,Y,Y,Y,Y,Y,Y,Y
7d57891e0e52,남,2001,2009,2008,1,2024,1,N,Y,Y,Y,Y,Y,Y,Y,Y,Y
c6ff04248754,여,2001,2009,2008,1,2009,1,N,N,N,N,Y,Y,Y,Y,Y,Y
cc4e2bfd2d0a,남,2001,2009,2008,1,2025,1,N,Y,Y,Y,Y,Y,Y,Y,Y,Y
0a2de10b61d7,여,2000,2009,2008,2,2021,1,N,Y,Y,Y,Y,Y,Y,Y,Y,Y
2a933be39929,남,2000,2009,2008,2,2009,1,N,N,N,N,Y,Y,Y,Y,Y,Y
4b7199ff4bb1,남,2000,2009,2008,2,2009,1,N,N,N,N,Y,Y,Y,Y,Y,Y
5d375ebfd6ee,여,2000,2009,2008,2,2013,1,N,Y,N,N,Y,Y,Y,Y,Y,Y
624e52af9006,여,2000,2009,2008,2,2009,1,N,N,N,N,Y,Y,Y,Y,Y,Y
7fb4a55b8f1b,남,2000,2009,2008,2,2009,1,N,N,N,N,Y,Y,Y,Y,Y,Y
81a98a597e82,남,2000,2009,2008,2,2009,1,N,N,N,N,Y,Y,Y,Y,Y,Y
a7b993214f8d,여,2000,2009,2008,2,2026,1,N,Y,Y,Y,Y,Y,Y,Y,Y,Y
a88b13852d85,남,2000,2009,2008,2,2010,1,N,N,N,N,Y,Y,Y,Y,Y,Y
aeb8813a42d9,남,2000,2009,2008,2,2023,1,N,Y,Y,Y,Y,Y,Y,Y,Y,Y
de4addbcce95,남,2000,2009,2008,2,2009,1,N,N,N,N,Y,Y,Y,Y,Y,Y
e948e09e66c4,남,2000,2009,2008,2,2009,1,N,N,N,N,Y,Y,Y,Y,Y,Y
f36602b19d2d,여,2000,2009,2008,2,2026,1,N,Y,Y,Y,Y,Y,Y,Y,Y,Y
0269ef439a52,남,1999,2009,2008,3,2009,1,N,N,N,N,Y,Y,Y,Y,Y,Y
1c079abf122e,남,1999,2009,2008,3,2009,1,N,N,N,N,Y,Y,Y,Y,Y,Y
27c2bec2134d,남,1999,2009,2008,3,2013,1,N,Y,N,N,Y,Y,Y,Y,Y,Y
30570e53d7a9,여,1999,2009,2008,3,2013,1,N,Y,N,N,Y,Y,Y,Y,Y,Y
32c8f1560d3a,여,1999,2009,2008,3,2024,1,N,Y,Y,Y,Y,Y,Y,Y,Y,Y
386152063528,남,1999,2009,2008,3,2009,1,N,N,N,N,Y,Y,Y,Y,Y,Y
6de10d5022b7,남,1999,2009,2008,3,2010,1,N,N,N,N,Y,Y,Y,Y,Y,Y
89b0496fdeca,여,1999,2009,2008,3,2016,1,N,Y,Y,N,Y,Y,Y,Y,Y,Y
8b5d55de934e,여,1999,2009,2008,3,2009,1,N,N,N,N,Y,Y,Y,Y,Y,Y
8e46c4c4fd27,여,1999,2009,2008,3,2009,1,N,N,N,N,Y,Y,Y,Y,Y,Y
9872ed0cd874,여,1999,2009,2008,3,2009,1,N,N,N,N,Y,Y,Y,Y,Y,Y
a00edd319d89,남,1999,2009,2008,3,2024,1,N,Y,Y,Y,Y,Y,Y,Y,Y,Y
a1269a1e7e2a,남,1999,2009,2008,3,2009,1,N,N,N,N,Y,Y,Y,Y,Y,Y
a7129272906b,여,1999,2009,2008,3,2020,1,N,Y,Y,Y,Y,Y,Y,Y,Y,Y
b45ff5d1d966,남,1999,2009,2008,3,2010,1,N,N,N,N,Y,Y,Y,Y,Y,Y
b59089e723f5,남,1999,2009,2008,3,2009,1,N,N,N,N,Y,Y,Y,Y,Y,Y
c21c87f50be3,남,1999,2009,2008,3,2026,1,N,Y,Y,Y,Y,Y,Y,Y,Y,Y
c56babb3fa8f,남,1999,2009,2008,3,2009,1,N,N,N,N,Y,Y,Y,Y,Y,Y
dc8c745638c5,여,1999,2009,2008,3,2014,1,N,Y,N,N,Y,Y,Y,Y,Y,Y
f8bbc50957b9,여,1999,2009,2008,3,2018,1,N,Y,Y,Y,Y,Y,Y,Y,Y,Y
04a963b500f6,여,1998,2009,2008,4,2019,1,N,Y,Y,Y,Y,Y,Y,Y,Y,Y
05ff88e16da8,남,1998,2009,2008,4,2014,1,N,Y,Y,N,Y,Y,Y,Y,Y,Y
13ae9fc7b1d0,남,1998,2009,2008,4,2009,1,N,N,N,N,Y,Y,Y,Y,Y,Y
39289c0b69e5,남,1998,2009,2008,4,2020,1,N,Y,Y,Y,Y,Y,Y,Y,Y,Y
7bae0515fe66,여,1998,2009,2008,4,2010,1,N,N,N,N,Y,Y,Y,Y,Y,Y
845127e1b41d,남,1998,2009,2008,4,2009,1,N,N,N,N,Y,Y,Y,Y,Y,Y
cbff9bc32c05,남,1998,2009,2008,4,2019,1,N,Y,Y,Y,Y,Y,Y,Y,Y,Y
fd6ad2e1ace5,남,1998,2009,2008,4,2026,1,N,Y,Y,Y,Y,Y,Y,Y,Y,Y
0f3c3a1288c4,남,1997,2009,2008,5,2025,1,N,Y,Y,Y,Y,Y,Y,Y,Y,Y
22196f1cb541,남,1997,2009,2008,5,2020,1,N,Y,Y,Y,Y,Y,Y,Y,Y,Y
5295ea19be85,남,1997,2009,2008,5,2009,1,N,N,N,N,Y,Y,Y,Y,Y,Y
7ddf4c2f3cab,남,1997,2009,2008,5,2016,1,N,Y,Y,Y,Y,Y,Y,Y,Y,Y
8ff30d299c87,여,1997,2009,2008,5,2009,1,N,N,N,N,Y,Y,Y,Y,Y,Y
a4021cca4804,여,1997,2009,2008,5,2009,1,N,N,N,N,Y,Y,Y,Y,Y,Y
cd8d5733159a,여,1997,2009,2008,5,2009,1,N,N,N,N,Y,Y,Y,Y,Y,Y
265efe6c52b6,남,1996,2009,2008,6,2009,1,N,Y,N,N,Y,Y,Y,Y,Y,Y
5f78972c02dc,남,1996,2009,2008,6,2009,1,N,Y,N,N,Y,Y,Y,Y,Y,Y
7320c5c6c9ca,여,1996,2009,2008,6,2009,1,N,Y,N,N,Y,Y,Y,Y,Y,Y
8d90ce2e1fc3,남,1996,2009,2008,6,2009,1,N,Y,N,N,Y,Y,Y,Y,Y,Y
c037e685dd94,여,1996,2009,2008,6,2014,1,N,Y,Y,N,Y,Y,Y,Y,Y,Y
1d22d9c5c421,여,1995,2009,2008,7,2009,1,N,Y,N,N,Y,Y,Y,Y,Y,Y
67e81c4d0fd0,여,1995,2009,2008,7,2014,1,N,Y,Y,Y,Y,Y,Y,Y,Y,Y
9317583de8fe,남,1995,2009,2008,7,2010,1,N,Y,N,N,Y,Y,Y,Y,Y,Y
940122443719,남,1995,2009,2008,7,2013,1,N,Y,Y,N,Y,Y,Y,Y,Y,Y
9e2ed03e0d46,남,1995,2009,2008,7,2009,1,N,Y,N,N,Y,Y,Y,Y,Y,Y
99a2f76da40b,남,1994,2009,2008,8,2013,1,N,Y,Y,Y,Y,Y,Y,Y,Y,Y
8820284b13ec,남,1993,2009,2008,9,2009,1,N,Y,Y,N,Y,Y,Y,Y,Y,Y
a0098c7c9766,남,1993,2009,2008,9,2014,1,N,Y,Y,Y,Y,Y,Y,Y,Y,Y
db36150e3ad5,남,1993,2009,2008,9,2009,1,N,Y,Y,N,Y,Y,Y,Y,Y,Y
e95c4965ecd0,남,1990,2009,2008,12,2009,1,N,Y,Y,Y,Y,Y,Y,Y,Y,Y
d36b68566313,남,1989,2009,2008,13,2015,1,N,Y,Y,Y,Y,Y,Y,Y,Y,Y
5de838469d6e,남,1987,2009,2008,15,2012,1,N,Y,Y,Y,Y,Y,Y,Y,Y,Y
83dc1b616028,남,1985,2009,2008,17,2009,1,N,Y,Y,Y,Y,Y,Y,Y,Y,Y
789d0c681b9f,남,1980,2009,2008,22,2009,1,N,Y,Y,Y,Y,Y,Y,Y,Y,Y
1bc9172f3612,남,1970,2009,2008,32,2010,1,N,Y,Y,Y,Y,Y,Y,Y,Y,Y
56ba42acbc00,남,1969,2009,2008,33,2009,1,N,Y,Y,Y,Y,Y,Y,Y,Y,Y
820f209e7f47,남,1969,2009,2008,33,2011,1,N,Y,Y,Y,Y,Y,Y,Y,Y,Y
52b0cbbccbc5,여,1968,2009,2008,34,2009,1,N,Y,Y,Y,Y,Y,Y,Y,Y,Y
f239374aecf5,여,1957,2009,2008,45,2009,1,N,Y,Y,Y,Y,Y,Y,Y,Y,Y
2f641dcfbcbd,남,2002,2010,2009,1,2010,1,N,N,N,N,Y,Y,Y,Y,Y,Y
cd0acdcae8fd,여,2002,2010,2009,1,2010,1,N,N,N,N,Y,Y,Y,Y,Y,Y
1720a4e4f40e,남,2001,2010,2009,2,2009,1,N,N,N,N,Y,Y,Y,Y,Y,Y
394248351126,여,2001,2010,2009,2,2009,1,N,N,N,N,Y,Y,Y,Y,Y,Y
514e40ec4911,여,2001,2010,2009,2,2010,1,N,N,N,N,Y,Y,Y,Y,Y,Y
5207eaff6794,남,2001,2010,2009,2,2010,1,N,N,N,N,Y,Y,Y,Y,Y,Y
6fa6d8f8b6de,남,2001,2010,2009,2,2010,1,N,N,N,N,Y,Y,Y,Y,Y,Y
834b3abb10c4,여,2001,2010,2009,2,2018,1,N,Y,Y,N,Y,Y,Y,Y,Y,Y
91091850dad2,남,2001,2010,2009,2,2023,1,N,Y,Y,Y,Y,Y,Y,Y,Y,Y
9319c9b5c401,남,2001,2010,2009,2,2009,1,N,N,N,N,Y,Y,Y,Y,Y,Y
97b4816d62d6,남,2001,2010,2009,2,2025,1,N,Y,Y,Y,Y,Y,Y,Y,Y,Y
a0450a9f0d00,남,2001,2010,2009,2,2009,1,N,N,N,N,Y,Y,Y,Y,Y,Y
483ab294e424,남,2000,2010,2009,3,2020,1,N,Y,Y,Y,Y,Y,Y,Y,Y,Y
66e854f1e34f,여,2000,2010,2009,3,2010,1,N,N,N,N,Y,Y,Y,Y,Y,Y
69a6e18085db,여,2000,2010,2009,3,2010,1,N,N,N,N,Y,Y,Y,Y,Y,Y
6f4eecbefe55,남,2000,2010,2009,3,2013,1,N,Y,N,N,Y,Y,Y,Y,Y,Y
806604b772f5,여,2000,2010,2009,3,2009,1,N,N,N,N,Y,Y,Y,Y,Y,Y
80b041eca001,남,2000,2010,2009,3,2024,1,N,Y,Y,Y,Y,Y,Y,Y,Y,Y
88093090462f,남,2000,2010,2009,3,2018,1,N,Y,Y,N,Y,Y,Y,Y,Y,Y
b8606a5bf2b3,남,2000,2010,2009,3,2019,1,N,Y,Y,Y,Y,Y,Y,Y,Y,Y
ce5b9af28dd0,여,2000,2010,2009,3,2017,1,N,Y,Y,N,Y,Y,Y,Y,Y,Y
cf9d6a7db8bb,남,2000,2010,2009,3,2010,1,N,N,N,N,Y,Y,Y,Y,Y,Y
fe95a61a7dde,여,2000,2010,2009,3,2011,1,N,N,N,N,Y,Y,Y,Y,Y,Y
2ed3bf62cc16,남,1999,2010,2009,4,2020,1,N,Y,Y,Y,Y,Y,Y,Y,Y,Y
318401ec1268,남,1999,2010,2009,4,2009,1,N,N,N,N,Y,Y,Y,Y,Y,Y
322d4e835fea,남,1999,2010,2009,4,2026,1,N,Y,Y,Y,Y,Y,Y,Y,Y,Y
7a5d1abbdb9a,여,1999,2010,2009,4,2016,1,N,Y,Y,N,Y,Y,Y,Y,Y,Y
828233e564ff,여,1999,2010,2009,4,2010,1,N,N,N,N,Y,Y,Y,Y,Y,Y
ef3f093417b0,남,1999,2010,2009,4,2011,1,N,N,N,N,Y,Y,Y,Y,Y,Y
2451c63031a7,남,1998,2010,2009,5,2014,1,N,Y,Y,N,Y,Y,Y,Y,Y,Y
466eb7765b52,남,1998,2010,2009,5,2015,1,N,Y,Y,N,Y,Y,Y,Y,Y,Y
61b018a28cc5,남,1998,2010,2009,5,2020,1,N,Y,Y,Y,Y,Y,Y,Y,Y,Y
988f3c53b311,여,1998,2010,2009,5,2009,1,N,N,N,N,Y,Y,Y,Y,Y,Y
cc8eebcf404c,남,1998,2010,2009,5,2010,1,N,N,N,N,Y,Y,Y,Y,Y,Y
0c122496b756,여,1997,2010,2009,6,2014,1,N,Y,Y,N,Y,Y,Y,Y,Y,Y
5965ec5b81b4,여,1997,2010,2009,6,2009,1,N,N,N,N,Y,Y,Y,Y,Y,Y
744a7a598281,남,1997,2010,2009,6,2011,1,N,Y,N,N,Y,Y,Y,Y,Y,Y
97a646f615b5,남,1997,2010,2009,6,2016,1,N,Y,Y,Y,Y,Y,Y,Y,Y,Y
e8a3444ada61,남,1997,2010,2009,6,2009,1,N,N,N,N,Y,Y,Y,Y,Y,Y
f7164bc12d62,남,1997,2010,2009,6,2012,1,N,Y,N,N,Y,Y,Y,Y,Y,Y
c82cacdbf6a7,남,1996,2010,2009,7,2016,1,N,Y,Y,Y,Y,Y,Y,Y,Y,Y
0716360d5f0f,남,1995,2010,2009,8,2023,1,N,Y,Y,Y,Y,Y,Y,Y,Y,Y
3fe33e37bfcc,여,1993,2010,2009,10,2009,1,N,Y,Y,N,Y,Y,Y,Y,Y,Y
497bf55732f1,여,1993,2010,2009,10,2011,1,N,Y,Y,N,Y,Y,Y,Y,Y,Y
4c7e822addd5,여,1992,2010,2009,11,2009,1,N,Y,Y,N,Y,Y,Y,Y,Y,Y
6413ec22192f,남,1991,2010,2009,12,2010,1,N,Y,Y,Y,Y,Y,Y,Y,Y,Y
6898c995804a,남,1991,2010,2009,12,2009,1,N,Y,Y,N,Y,Y,Y,Y,Y,Y
96f9652c6313,남,1991,2010,2009,12,2009,1,N,Y,Y,N,Y,Y,Y,Y,Y,Y
930abc2b2868,남,1986,2010,2009,17,2009,1,N,Y,Y,Y,Y,Y,Y,Y,Y,Y
c547c1ba9c7b,남,1985,2010,2009,18,2009,1,N,Y,Y,Y,Y,Y,Y,Y,Y,Y
4ff9fa1dcd1f,남,1984,2010,2009,19,2009,1,N,Y,Y,Y,Y,Y,Y,Y,Y,Y
5e8377f7b56c,여,1977,2010,2009,26,2010,1,N,Y,Y,Y,Y,Y,Y,Y,Y,Y
a378d7bae3f7,남,1975,2010,2009,28,2009,1,N,Y,Y,Y,Y,Y,Y,Y,Y,Y
960c522a5cca,남,1968,2010,2009,35,2010,1,N,Y,Y,Y,Y,Y,Y,Y,Y,Y
8f55554fcd62,남,1967,2010,2009,36,2010,1,N,Y,Y,Y,Y,Y,Y,Y,Y,Y
902a55234ca6,여,1966,2010,2009,37,2010,1,N,Y,Y,Y,Y,Y,Y,Y,Y,Y
ae86a4dc2511,남,1965,2010,2009,38,2011,1,N,Y,Y,Y,Y,Y,Y,Y,Y,Y
6b2333658108,남,1962,2010,2009,41,2010,1,N,Y,Y,Y,Y,Y,Y,Y,Y,Y
1904fad76ae4,남,2002,2011,2010,2,2026,1,N,Y,Y,Y,Y,Y,Y,Y,Y,Y
1e5907df1547,남,2002,2011,2010,2,2011,1,N,N,N,N,Y,Y,Y,Y,Y,Y
1ffa443c0c86,여,2002,2011,2010,2,2013,1,N,N,N,N,Y,Y,Y,Y,Y,Y
2454cfd13999,남,2002,2011,2010,2,2026,1,N,Y,Y,Y,Y,Y,Y,Y,Y,Y
5218c2e0fc2f,남,2002,2011,2010,2,2011,1,N,N,N,N,Y,Y,Y,Y,Y,Y
8c0bca5d5dbc,남,2002,2011,2010,2,2010,1,N,N,N,N,Y,Y,Y,Y,Y,Y
aeaa1e9821d9,여,2002,2011,2010,2,2011,1,N,N,N,N,Y,Y,Y,Y,Y,Y
b1efa97cb4b5,남,2002,2011,2010,2,2014,1,N,N,N,N,Y,Y,Y,Y,Y,Y
cd4405cdba61,남,2002,2011,2010,2,2025,1,N,Y,Y,Y,Y,Y,Y,Y,Y,Y
e7b4c1cbfcda,남,2002,2011,2010,2,2010,1,N,N,N,N,Y,Y,Y,Y,Y,Y
f796ab9cbb06,여,2002,2011,2010,2,2014,1,N,N,N,N,Y,Y,Y,Y,Y,Y
03f54d8d2f0d,남,2001,2011,2010,3,2010,1,N,N,N,N,Y,Y,Y,Y,Y,Y
1649ff9df336,여,2001,2011,2010,3,2018,1,N,Y,Y,N,Y,Y,Y,Y,Y,Y
1cfcd5566d6d,남,2001,2011,2010,3,2010,1,N,N,N,N,Y,Y,Y,Y,Y,Y
2d5176296607,여,2001,2011,2010,3,2010,1,N,N,N,N,Y,Y,Y,Y,Y,Y
51fe943db133,남,2001,2011,2010,3,2013,1,N,N,N,N,Y,Y,Y,Y,Y,Y
5e7fa52b4d83,여,2001,2011,2010,3,2019,1,N,Y,Y,N,Y,Y,Y,Y,Y,Y
6049d5bb9e62,남,2001,2011,2010,3,2014,1,N,Y,N,N,Y,Y,Y,Y,Y,Y
90afc98507a3,여,2001,2011,2010,3,2010,1,N,N,N,N,Y,Y,Y,Y,Y,Y
c1e907f0d932,여,2001,2011,2010,3,2020,1,N,Y,Y,Y,Y,Y,Y,Y,Y,Y
c40477783db4,남,2001,2011,2010,3,2018,1,N,Y,Y,N,Y,Y,Y,Y,Y,Y
ca69b7d9fe0a,남,2001,2011,2010,3,2019,1,N,Y,Y,N,Y,Y,Y,Y,Y,Y
d3138c670a26,여,2001,2011,2010,3,2022,1,N,Y,Y,Y,Y,Y,Y,Y,Y,Y
118e90000d73,남,2000,2011,2010,4,2026,1,N,Y,Y,Y,Y,Y,Y,Y,Y,Y
1364c0aa1035,여,2000,2011,2010,4,2010,1,N,N,N,N,Y,Y,Y,Y,Y,Y
1423282e3a6d,남,2000,2011,2010,4,2021,1,N,Y,Y,Y,Y,Y,Y,Y,Y,Y
1aef3d542bbd,여,2000,2011,2010,4,2014,1,N,Y,N,N,Y,Y,Y,Y,Y,Y
1c5dd0fb4c56,남,2000,2011,2010,4,2011,1,N,N,N,N,Y,Y,Y,Y,Y,Y
284c016663a5,여,2000,2011,2010,4,2018,1,N,Y,Y,N,Y,Y,Y,Y,Y,Y
2951ca482328,남,2000,2011,2010,4,2013,1,N,Y,N,N,Y,Y,Y,Y,Y,Y
3e5c1223f374,남,2000,2011,2010,4,2013,1,N,Y,N,N,Y,Y,Y,Y,Y,Y
41d3b04611d6,남,2000,2011,2010,4,2018,1,N,Y,Y,N,Y,Y,Y,Y,Y,Y
4860846895ef,남,2000,2011,2010,4,2011,1,N,N,N,N,Y,Y,Y,Y,Y,Y
66c061ad9e97,남,2000,2011,2010,4,2010,1,N,N,N,N,Y,Y,Y,Y,Y,Y
67a72efc0413,여,2000,2011,2010,4,2019,1,N,Y,Y,Y,Y,Y,Y,Y,Y,Y
952f68cff58c,남,2000,2011,2010,4,2014,1,N,Y,N,N,Y,Y,Y,Y,Y,Y
9b1407065833,남,2000,2011,2010,4,2024,1,N,Y,Y,Y,Y,Y,Y,Y,Y,Y
b094d49dcf61,여,2000,2011,2010,4,2022,1,N,Y,Y,Y,Y,Y,Y,Y,Y,Y
c15b0b6411b1,여,2000,2011,2010,4,2021,1,N,Y,Y,Y,Y,Y,Y,Y,Y,Y
275b1a236e1d,여,1999,2011,2010,5,2020,1,N,Y,Y,Y,Y,Y,Y,Y,Y,Y
4f0587b605c0,남,1999,2011,2010,5,2026,1,N,Y,Y,Y,Y,Y,Y,Y,Y,Y
508141dc88d9,남,1999,2011,2010,5,2020,1,N,Y,Y,Y,Y,Y,Y,Y,Y,Y
808dc07732e7,남,1999,2011,2010,5,2018,1,N,Y,Y,Y,Y,Y,Y,Y,Y,Y
8df5ded40bc8,여,1999,2011,2010,5,2020,1,N,Y,Y,Y,Y,Y,Y,Y,Y,Y
a3352ef19613,여,1999,2011,2010,5,2013,1,N,Y,N,N,Y,Y,Y,Y,Y,Y
a7f4c0313fc2,남,1999,2011,2010,5,2012,1,N,Y,N,N,Y,Y,Y,Y,Y,Y
bb579e761c88,여,1999,2011,2010,5,2010,1,N,N,N,N,Y,Y,Y,Y,Y,Y
bcfaf780b48e,여,1999,2011,2010,5,2026,1,N,Y,Y,Y,Y,Y,Y,Y,Y,Y
c3b90cb928b2,여,1999,2011,2010,5,2011,1,N,N,N,N,Y,Y,Y,Y,Y,Y
e38a910dae53,남,1999,2011,2010,5,2010,1,N,N,N,N,Y,Y,Y,Y,Y,Y
16e3e7d91fc7,여,1998,2011,2010,6,2016,1,N,Y,Y,N,Y,Y,Y,Y,Y,Y
2f55fe1d9028,남,1998,2011,2010,6,2010,1,N,N,N,N,Y,Y,Y,Y,Y,Y
3643049e2d73,여,1998,2011,2010,6,2014,1,N,Y,Y,N,Y,Y,Y,Y,Y,Y
662b51f36011,남,1998,2011,2010,6,2019,1,N,Y,Y,Y,Y,Y,Y,Y,Y,Y
6f4378ff4afc,남,1998,2011,2010,6,2010,1,N,N,N,N,Y,Y,Y,Y,Y,Y
803f3c383b4a,남,1998,2011,2010,6,2011,1,N,Y,N,N,Y,Y,Y,Y,Y,Y
8dfbd2942ac5,여,1998,2011,2010,6,2018,1,N,Y,Y,Y,Y,Y,Y,Y,Y,Y
11f970f7f448,남,1997,2011,2010,7,2017,1,N,Y,Y,Y,Y,Y,Y,Y,Y,Y
44925cd27ceb,여,1997,2011,2010,7,2015,1,N,Y,Y,N,Y,Y,Y,Y,Y,Y
5cd85fb7269a,여,1997,2011,2010,7,2013,1,N,Y,Y,N,Y,Y,Y,Y,Y,Y
890e29f66447,여,1997,2011,2010,7,2010,1,N,Y,N,N,Y,Y,Y,Y,Y,Y
e269a0ba5db1,남,1997,2011,2010,7,2011,1,N,Y,N,N,Y,Y,Y,Y,Y,Y
eb2c127eb837,남,1997,2011,2010,7,2010,1,N,Y,N,N,Y,Y,Y,Y,Y,Y
500d56156fbd,남,1996,2011,2010,8,2010,1,N,Y,N,N,Y,Y,Y,Y,Y,Y
e35bc4079d72,남,1996,2011,2010,8,2010,1,N,Y,N,N,Y,Y,Y,Y,Y,Y
eaee49bf736d,여,1996,2011,2010,8,2010,1,N,Y,N,N,Y,Y,Y,Y,Y,Y
06c682e28dae,여,1995,2011,2010,9,2013,1,N,Y,Y,N,Y,Y,Y,Y,Y,Y
1c761aa979f0,남,1995,2011,2010,9,2010,1,N,Y,N,N,Y,Y,Y,Y,Y,Y
32ab47763b7a,남,1995,2011,2010,9,2010,1,N,Y,N,N,Y,Y,Y,Y,Y,Y
408f3b256865,남,1995,2011,2010,9,2010,1,N,Y,N,N,Y,Y,Y,Y,Y,Y
5f665a9626ad,남,1995,2011,2010,9,2011,1,N,Y,Y,N,Y,Y,Y,Y,Y,Y
99946ea89160,남,1995,2011,2010,9,2010,1,N,Y,N,N,Y,Y,Y,Y,Y,Y
9e5e9eb02d77,남,1995,2011,2010,9,2013,1,N,Y,Y,N,Y,Y,Y,Y,Y,Y
f4c691360db5,여,1995,2011,2010,9,2011,1,N,Y,Y,N,Y,Y,Y,Y,Y,Y
7a885d169822,여,1994,2011,2010,10,2010,1,N,Y,Y,N,Y,Y,Y,Y,Y,Y
97a5718ca7a9,남,1994,2011,2010,10,2017,1,N,Y,Y,Y,Y,Y,Y,Y,Y,Y
a4bc4404d179,남,1994,2011,2010,10,2014,1,N,Y,Y,Y,Y,Y,Y,Y,Y,Y
06c1cfd93ba5,남,1993,2011,2010,11,2010,1,N,Y,Y,N,Y,Y,Y,Y,Y,Y
612b07948c5e,남,1993,2011,2010,11,2010,1,N,Y,Y,N,Y,Y,Y,Y,Y,Y
777796af652f,여,1993,2011,2010,11,2014,1,N,Y,Y,Y,Y,Y,Y,Y,Y,Y
9a7925240c75,여,1993,2011,2010,11,2010,1,N,Y,Y,N,Y,Y,Y,Y,Y,Y
9e8b5dfe718f,남,1993,2011,2010,11,2010,1,N,Y,Y,N,Y,Y,Y,Y,Y,Y
20f2b39baa9a,여,1992,2011,2010,12,2010,1,N,Y,Y,N,Y,Y,Y,Y,Y,Y
55273d382a96,여,1992,2011,2010,12,2010,1,N,Y,Y,N,Y,Y,Y,Y,Y,Y
6ad25dea5987,남,1992,2011,2010,12,2011,1,N,Y,Y,Y,Y,Y,Y,Y,Y,Y
87e4cd5acebc,여,1992,2011,2010,12,2010,1,N,Y,Y,N,Y,Y,Y,Y,Y,Y
bde07169a889,여,1992,2011,2010,12,2010,1,N,Y,Y,N,Y,Y,Y,Y,Y,Y
f853a3a38561,여,1992,2011,2010,12,2010,1,N,Y,Y,N,Y,Y,Y,Y,Y,Y
3e6ab97ffe8c,남,1984,2011,2010,20,2016,1,N,Y,Y,Y,Y,Y,Y,Y,Y,Y
2e649ac86ced,남,1971,2011,2010,33,2012,1,N,Y,Y,Y,Y,Y,Y,Y,Y,Y
51330d8772e3,남,1963,2011,2010,41,2010,1,N,Y,Y,Y,Y,Y,Y,Y,Y,Y
00c3b11ca195,남,2004,2012,2011,1,2012,1,N,N,N,N,Y,Y,Y,Y,Y,Y
08db8b732de5,남,2004,2012,2011,1,2026,1,N,Y,Y,Y,Y,Y,Y,Y,Y,Y
3f7c555ea72a,남,2004,2012,2011,1,2015,1,N,N,N,N,Y,Y,Y,Y,Y,Y
47f9701de090,남,2004,2012,2011,1,2022,1,N,Y,Y,N,Y,Y,Y,Y,Y,Y
67dc6ccd9ffa,남,2004,2012,2011,1,2026,1,N,Y,Y,Y,Y,Y,Y,Y,Y,Y
c24af8c6b90b,남,2004,2012,2011,1,2011,1,N,N,N,N,Y,Y,Y,Y,Y,Y
4abde24943d8,남,2003,2012,2011,2,2026,1,N,Y,Y,Y,Y,Y,Y,Y,Y,Y
4af3b9f83c5e,남,2003,2012,2011,2,2013,1,N,N,N,N,Y,Y,Y,Y,Y,Y
58ec54b90c37,여,2003,2012,2011,2,2020,1,N,Y,Y,N,Y,Y,Y,Y,Y,Y
6bf5d106417f,여,2003,2012,2011,2,2024,1,N,Y,Y,Y,Y,Y,Y,Y,Y,Y
81a07ce06484,남,2003,2012,2011,2,2024,1,N,Y,Y,Y,Y,Y,Y,Y,Y,Y
a111bf8fa2a3,여,2003,2012,2011,2,2026,1,N,Y,Y,Y,Y,Y,Y,Y,Y,Y
afe1a39391fa,남,2003,2012,2011,2,2014,1,N,N,N,N,Y,Y,Y,Y,Y,Y
c3d39ae7c008,남,2003,2012,2011,2,2024,1,N,Y,Y,Y,Y,Y,Y,Y,Y,Y
128df241c169,여,2002,2012,2011,3,2014,1,N,N,N,N,Y,Y,Y,Y,Y,Y
146edbd7e907,여,2002,2012,2011,3,2013,1,N,N,N,N,Y,Y,Y,Y,Y,Y
167a9f4bce74,남,2002,2012,2011,3,2017,1,N,Y,N,N,Y,Y,Y,Y,Y,Y
37e213997ab5,여,2002,2012,2011,3,2026,1,N,Y,Y,Y,Y,Y,Y,Y,Y,Y
38b0125c6b0d,남,2002,2012,2011,3,2024,1,N,Y,Y,Y,Y,Y,Y,Y,Y,Y
4413d0e24fe3,남,2002,2012,2011,3,2026,1,N,Y,Y,Y,Y,Y,Y,Y,Y,Y
4850a02ac453,여,2002,2012,2011,3,2015,1,N,Y,N,N,Y,Y,Y,Y,Y,Y
4a5a12b8a207,남,2002,2012,2011,3,2020,1,N,Y,Y,N,Y,Y,Y,Y,Y,Y
507cceb2d18b,남,2002,2012,2011,3,2011,1,N,N,N,N,Y,Y,Y,Y,Y,Y
523d6cf9c251,남,2002,2012,2011,3,2025,1,N,Y,Y,Y,Y,Y,Y,Y,Y,Y
57e233b9eabd,남,2002,2012,2011,3,2014,1,N,N,N,N,Y,Y,Y,Y,Y,Y
65c97bda99d0,남,2002,2012,2011,3,2026,1,N,Y,Y,Y,Y,Y,Y,Y,Y,Y
8464b1f47861,여,2002,2012,2011,3,2023,1,N,Y,Y,Y,Y,Y,Y,Y,Y,Y
8990681135e6,여,2002,2012,2011,3,2011,1,N,N,N,N,Y,Y,Y,Y,Y,Y
8e4fe3b85160,남,2002,2012,2011,3,2023,1,N,Y,Y,Y,Y,Y,Y,Y,Y,Y
901191ef2410,남,2002,2012,2011,3,2016,1,N,Y,N,N,Y,Y,Y,Y,Y,Y
9f20a85ae2a5,여,2002,2012,2011,3,2024,1,N,Y,Y,Y,Y,Y,Y,Y,Y,Y
a32f03f3a702,남,2002,2012,2011,3,2026,1,N,Y,Y,Y,Y,Y,Y,Y,Y,Y
a51a4025b962,여,2002,2012,2011,3,2011,1,N,N,N,N,Y,Y,Y,Y,Y,Y
aa5d4d1dfefc,남,2002,2012,2011,3,2017,1,N,Y,N,N,Y,Y,Y,Y,Y,Y
aa5d996a35e9,남,2002,2012,2011,3,2018,1,N,Y,Y,N,Y,Y,Y,Y,Y,Y
b3115fd8bc37,남,2002,2012,2011,3,2011,1,N,N,N,N,Y,Y,Y,Y,Y,Y
b45c592d8253,여,2002,2012,2011,3,2013,1,N,N,N,N,Y,Y,Y,Y,Y,Y
b6c954a76552,남,2002,2012,2011,3,2024,1,N,Y,Y,Y,Y,Y,Y,Y,Y,Y
ca5bc3c2f408,남,2002,2012,2011,3,2012,1,N,N,N,N,Y,Y,Y,Y,Y,Y
d727ce6b54f1,남,2002,2012,2011,3,2011,1,N,N,N,N,Y,Y,Y,Y,Y,Y
d97c2e899c27,여,2002,2012,2011,3,2019,1,N,Y,Y,N,Y,Y,Y,Y,Y,Y
efcdda8971cf,남,2002,2012,2011,3,2011,1,N,N,N,N,Y,Y,Y,Y,Y,Y
fbe083fdb103,남,2002,2012,2011,3,2012,1,N,N,N,N,Y,Y,Y,Y,Y,Y
16d89eed9e82,여,2001,2012,2011,4,2026,1,N,Y,Y,Y,Y,Y,Y,Y,Y,Y
19f77c26cd6d,남,2001,2012,2011,4,2011,1,N,N,N,N,Y,Y,Y,Y,Y,Y
1e8ea6bb7227,여,2001,2012,2011,4,2015,1,N,Y,N,N,Y,Y,Y,Y,Y,Y
4e9fed7d8d4b,여,2001,2012,2011,4,2011,1,N,N,N,N,Y,Y,Y,Y,Y,Y
916c4ede9de9,남,2001,2012,2011,4,2019,1,N,Y,Y,N,Y,Y,Y,Y,Y,Y
98cf8639bf81,여,2001,2012,2011,4,2024,1,N,Y,Y,Y,Y,Y,Y,Y,Y,Y
e77e71879ff2,여,2001,2012,2011,4,2011,1,N,N,N,N,Y,Y,Y,Y,Y,Y
e93b65fce5f2,여,2001,2012,2011,4,2019,1,N,Y,Y,N,Y,Y,Y,Y,Y,Y
ffee75e2ec81,남,2001,2012,2011,4,2013,1,N,N,N,N,Y,Y,Y,Y,Y,Y
15bb6ceef1a6,남,2000,2012,2011,5,2011,1,N,N,N,N,Y,Y,Y,Y,Y,Y
19b51d9740be,남,2000,2012,2011,5,2013,1,N,Y,N,N,Y,Y,Y,Y,Y,Y
864a7ee93758,남,2000,2012,2011,5,2013,1,N,Y,N,N,Y,Y,Y,Y,Y,Y
9140e2ad0fc1,남,2000,2012,2011,5,2025,1,N,Y,Y,Y,Y,Y,Y,Y,Y,Y
a5f330aa4fe4,남,2000,2012,2011,5,2011,1,N,N,N,N,Y,Y,Y,Y,Y,Y
b0067433a4e5,남,2000,2012,2011,5,2015,1,N,Y,N,N,Y,Y,Y,Y,Y,Y
ccd4f861f9b0,남,2000,2012,2011,5,2026,1,N,Y,Y,Y,Y,Y,Y,Y,Y,Y
001deb32ccba,여,1999,2012,2011,6,2023,1,N,Y,Y,Y,Y,Y,Y,Y,Y,Y
113fb563e142,남,1999,2012,2011,6,2020,1,N,Y,Y,Y,Y,Y,Y,Y,Y,Y
30fb1d2fab3e,남,1999,2012,2011,6,2011,1,N,N,N,N,Y,Y,Y,Y,Y,Y
3e68d28b0275,여,1999,2012,2011,6,2011,1,N,N,N,N,Y,Y,Y,Y,Y,Y
41b2721fe2b1,여,1999,2012,2011,6,2016,1,N,Y,Y,N,Y,Y,Y,Y,Y,Y
50fdcbedc249,여,1999,2012,2011,6,2012,1,N,Y,N,N,Y,Y,Y,Y,Y,Y
659f9629d3d1,여,1999,2012,2011,6,2013,1,N,Y,N,N,Y,Y,Y,Y,Y,Y
7876cab2be0f,남,1999,2012,2011,6,2015,1,N,Y,Y,N,Y,Y,Y,Y,Y,Y
9ed3a0818448,여,1999,2012,2011,6,2011,1,N,N,N,N,Y,Y,Y,Y,Y,Y
ab787601d3b6,남,1999,2012,2011,6,2011,1,N,N,N,N,Y,Y,Y,Y,Y,Y
b52f24dc8231,여,1999,2012,2011,6,2011,1,N,N,N,N,Y,Y,Y,Y,Y,Y
c869e7570ac0,여,1999,2012,2011,6,2011,1,N,N,N,N,Y,Y,Y,Y,Y,Y
de1f81fd43c4,남,1999,2012,2011,6,2011,1,N,N,N,N,Y,Y,Y,Y,Y,Y
2396bd738793,남,1998,2012,2011,7,2022,1,N,Y,Y,Y,Y,Y,Y,Y,Y,Y
3911bcdd188b,남,1998,2012,2011,7,2016,1,N,Y,Y,N,Y,Y,Y,Y,Y,Y
52f93d4df5bd,남,1998,2012,2011,7,2012,1,N,Y,N,N,Y,Y,Y,Y,Y,Y
6f374c6e8468,남,1998,2012,2011,7,2016,1,N,Y,Y,N,Y,Y,Y,Y,Y,Y
735ef2d955de,남,1998,2012,2011,7,2020,1,N,Y,Y,Y,Y,Y,Y,Y,Y,Y
118de3c47f53,여,1997,2012,2011,8,2011,1,N,Y,N,N,Y,Y,Y,Y,Y,Y
3d72f70948c7,여,1997,2012,2011,8,2011,1,N,Y,N,N,Y,Y,Y,Y,Y,Y
be223cde0f92,남,1997,2012,2011,8,2016,1,N,Y,Y,Y,Y,Y,Y,Y,Y,Y
9b74eee34307,여,1996,2012,2011,9,2013,1,N,Y,Y,N,Y,Y,Y,Y,Y,Y
a1cbbc8aa8cc,여,1996,2012,2011,9,2014,1,N,Y,Y,N,Y,Y,Y,Y,Y,Y
21acf2b3c441,여,1995,2012,2011,10,2013,1,N,Y,Y,N,Y,Y,Y,Y,Y,Y
6518432084ef,여,1995,2012,2011,10,2013,1,N,Y,Y,N,Y,Y,Y,Y,Y,Y
c5d29e88f697,남,1995,2012,2011,10,2020,1,N,Y,Y,Y,Y,Y,Y,Y,Y,Y
daee1077985a,남,1995,2012,2011,10,2026,1,N,Y,Y,Y,Y,Y,Y,Y,Y,Y
8e1c3b08cc6e,여,1994,2012,2011,11,2011,1,N,Y,Y,N,Y,Y,Y,Y,Y,Y
ed0f7261e428,여,1994,2012,2011,11,2014,1,N,Y,Y,Y,Y,Y,Y,Y,Y,Y
69a239e85e84,남,1993,2012,2011,12,2011,1,N,Y,Y,N,Y,Y,Y,Y,Y,Y
57fd3cfa6ef8,남,1990,2012,2011,15,2011,1,N,Y,Y,Y,Y,Y,Y,Y,Y,Y
8a71c4065132,남,1977,2012,2011,28,2011,1,N,Y,Y,Y,Y,Y,Y,Y,Y,Y
7c489a9297e6,남,1976,2012,2011,29,2011,1,N,Y,Y,Y,Y,Y,Y,Y,Y,Y
bdabb8bc24b0,여,1968,2012,2011,37,2015,1,N,Y,Y,Y,Y,Y,Y,Y,Y,Y
43c7dea0d38a,여,1967,2012,2011,38,2014,1,N,Y,Y,Y,Y,Y,Y,Y,Y,Y
9c813608b570,남,1967,2012,2011,38,2015,1,N,Y,Y,Y,Y,Y,Y,Y,Y,Y
a43c757f8be8,여,1967,2012,2011,38,2014,1,N,Y,Y,Y,Y,Y,Y,Y,Y,Y
9eb1a5e3bc35,여,1966,2012,2011,39,2018,1,N,Y,Y,Y,Y,Y,Y,Y,Y,Y
59019ad50874,여,1965,2012,2011,40,2011,1,N,Y,Y,Y,Y,Y,Y,Y,Y,Y
d75ac1031a79,여,1964,2012,2011,41,2013,1,N,Y,Y,Y,Y,Y,Y,Y,Y,Y
39a86430b08d,여,1962,2012,2011,43,2011,1,N,Y,Y,Y,Y,Y,Y,Y,Y,Y
17b5beb812b1,여,1961,2012,2011,44,2016,1,N,Y,Y,Y,Y,Y,Y,Y,Y,Y
564af2602fa5,남,2005,2013,2012,1,2013,1,N,N,N,N,Y,Y,Y,Y,Y,Y
de7267f0e5d1,남,2005,2013,2012,1,2013,1,N,N,N,N,Y,Y,Y,Y,Y,Y
ea19b07c0d7f,여,2005,2012,2012,1,2026,1,N,Y,Y,Y,Y,Y,Y,Y,Y,Y
2fb4b61cf3ad,남,2004,2013,2012,2,2013,1,N,N,N,N,Y,Y,Y,Y,Y,Y
2fb9c2bbf582,여,2004,2013,2012,2,2025,1,N,Y,Y,Y,Y,Y,Y,Y,Y,Y
30525392671e,남,2004,2012,2012,2,2026,1,N,Y,Y,Y,Y,Y,Y,Y,Y,Y
34878a8db717,여,2004,2012,2012,2,2013,1,N,N,N,N,Y,Y,Y,Y,Y,Y
382fd71fb66b,남,2004,2013,2012,2,2013,1,N,N,N,N,Y,Y,Y,Y,Y,Y
54d60445f014,여,2004,2012,2012,2,2015,1,N,N,N,N,Y,Y,Y,Y,Y,Y
5b4dce3d6294,남,2004,2012,2012,2,2014,1,N,N,N,N,Y,Y,Y,Y,Y,Y
818918888c8b,남,2004,2012,2012,2,2024,1,N,Y,Y,Y,Y,Y,Y,Y,Y,Y
8fb95de7ad39,여,2004,2012,2012,2,2020,1,N,Y,Y,N,Y,Y,Y,Y,Y,Y
a9a00c3521be,여,2004,2013,2012,2,2015,1,N,N,N,N,Y,Y,Y,Y,Y,Y
aaf7e681b86c,남,2004,2013,2012,2,2013,1,N,N,N,N,Y,Y,Y,Y,Y,Y
ae54ca637228,남,2004,2012,2012,2,2017,1,N,Y,N,N,Y,Y,Y,Y,Y,Y
b284e3554557,여,2004,2012,2012,2,2016,1,N,N,N,N,Y,Y,Y,Y,Y,Y
c9ce03fb973d,여,2004,2012,2012,2,2026,1,N,Y,Y,Y,Y,Y,Y,Y,Y,Y
d57de3d4a8bc,여,2004,2012,2012,2,2016,1,N,N,N,N,Y,Y,Y,Y,Y,Y
e3be26585644,남,2004,2012,2012,2,2026,1,N,Y,Y,Y,Y,Y,Y,Y,Y,Y
014e579fb01e,남,2003,2012,2012,3,2016,1,N,Y,N,N,Y,Y,Y,Y,Y,Y
0a0aa4553d6d,남,2003,2012,2012,3,2015,1,N,N,N,N,Y,Y,Y,Y,Y,Y
1a8c135dfb40,남,2003,2013,2012,3,2014,1,N,N,N,N,Y,Y,Y,Y,Y,Y
39ec2aeda4cc,여,2003,2012,2012,3,2026,1,N,Y,Y,Y,Y,Y,Y,Y,Y,Y
3bb32b6fd0e1,남,2003,2012,2012,3,2014,1,N,N,N,N,Y,Y,Y,Y,Y,Y
4e8a8863cf5f,여,2003,2013,2012,3,2015,1,N,N,N,N,Y,Y,Y,Y,Y,Y
562ecc66a7be,남,2003,2012,2012,3,2024,1,N,Y,Y,Y,Y,Y,Y,Y,Y,Y
5cee96ffec81,남,2003,2013,2012,3,2013,1,N,N,N,N,Y,Y,Y,Y,Y,Y
6cde4208fe6e,여,2003,2013,2012,3,2014,1,N,N,N,N,Y,Y,Y,Y,Y,Y
861ad43d3e68,여,2003,2012,2012,3,2016,1,N,Y,N,N,Y,Y,Y,Y,Y,Y
861cf951fcc7,남,2003,2012,2012,3,2013,1,N,N,N,N,Y,Y,Y,Y,Y,Y
871e9c31a0f5,여,2003,2012,2012,3,2015,1,N,N,N,N,Y,Y,Y,Y,Y,Y
a7b2462b99b7,남,2003,2012,2012,3,2026,1,N,Y,Y,Y,Y,Y,Y,Y,Y,Y
bbf3b58a1575,남,2003,2012,2012,3,2017,1,N,Y,N,N,Y,Y,Y,Y,Y,Y
f5826bc39d6d,여,2003,2013,2012,3,2026,1,N,Y,Y,Y,Y,Y,Y,Y,Y,Y
f9a6feac201c,여,2003,2012,2012,3,2014,1,N,N,N,N,Y,Y,Y,Y,Y,Y
0977d67a2b28,여,2002,2012,2012,4,2016,1,N,Y,N,N,Y,Y,Y,Y,Y,Y
23443fcd9741,여,2002,2012,2012,4,2014,1,N,N,N,N,Y,Y,Y,Y,Y,Y
27794ca98fba,여,2002,2012,2012,4,2014,1,N,N,N,N,Y,Y,Y,Y,Y,Y
3dfb7602a3d5,여,2002,2012,2012,4,2013,1,N,N,N,N,Y,Y,Y,Y,Y,Y
4d43bd05a22c,여,2002,2012,2012,4,2018,1,N,Y,Y,N,Y,Y,Y,Y,Y,Y
6585d997da9d,여,2002,2013,2012,4,2014,1,N,N,N,N,Y,Y,Y,Y,Y,Y
6f6e2706dbe3,여,2002,2012,2012,4,2026,1,N,Y,Y,Y,Y,Y,Y,Y,Y,Y
7e3ca13abba0,남,2002,2012,2012,4,2020,1,N,Y,Y,N,Y,Y,Y,Y,Y,Y
84587278c6a2,남,2002,2012,2012,4,2026,1,N,Y,Y,Y,Y,Y,Y,Y,Y,Y
978b5249bfc5,여,2002,2013,2012,4,2013,1,N,N,N,N,Y,Y,Y,Y,Y,Y
9b398f5e19cc,여,2002,2012,2012,4,2016,1,N,Y,N,N,Y,Y,Y,Y,Y,Y
aeb951b6b89b,남,2002,2012,2012,4,2020,1,N,Y,Y,N,Y,Y,Y,Y,Y,Y
b7f3ec11903a,남,2002,2013,2012,4,2013,1,N,N,N,N,Y,Y,Y,Y,Y,Y
bea18b3f73cd,남,2002,2012,2012,4,2024,1,N,Y,Y,Y,Y,Y,Y,Y,Y,Y
e469e6b40124,여,2002,2012,2012,4,2016,1,N,Y,N,N,Y,Y,Y,Y,Y,Y
f65575343821,여,2002,2013,2012,4,2013,1,N,N,N,N,Y,Y,Y,Y,Y,Y
fe27d7864e4e,남,2002,2012,2012,4,2026,1,N,Y,Y,Y,Y,Y,Y,Y,Y,Y
0707e8137993,남,2001,2012,2012,5,2024,1,N,Y,Y,Y,Y,Y,Y,Y,Y,Y
348482c924d6,남,2001,2013,2012,5,2016,1,N,Y,N,N,Y,Y,Y,Y,Y,Y
380e07ef471d,남,2001,2012,2012,5,2014,1,N,Y,N,N,Y,Y,Y,Y,Y,Y
4dba92af88cd,남,2001,2012,2012,5,2015,1,N,Y,N,N,Y,Y,Y,Y,Y,Y
5569426f0783,여,2001,2012,2012,5,2024,1,N,Y,Y,Y,Y,Y,Y,Y,Y,Y
61cadab7573c,남,2001,2012,2012,5,2022,1,N,Y,Y,Y,Y,Y,Y,Y,Y,Y
62571b401eb4,여,2001,2012,2012,5,2013,1,N,N,N,N,Y,Y,Y,Y,Y,Y
67c0ed2bff8d,여,2001,2013,2012,5,2016,1,N,Y,N,N,Y,Y,Y,Y,Y,Y
7c06c837a29f,남,2001,2013,2012,5,2014,1,N,Y,N,N,Y,Y,Y,Y,Y,Y
9f21cfa5870e,여,2001,2012,2012,5,2024,1,N,Y,Y,Y,Y,Y,Y,Y,Y,Y
a1a242c20b56,여,2001,2012,2012,5,2018,1,N,Y,Y,N,Y,Y,Y,Y,Y,Y
a5126863855e,여,2001,2012,2012,5,2019,1,N,Y,Y,N,Y,Y,Y,Y,Y,Y
abfbd31287f9,남,2001,2012,2012,5,2026,1,N,Y,Y,Y,Y,Y,Y,Y,Y,Y
be434576f374,남,2001,2013,2012,5,2013,1,N,N,N,N,Y,Y,Y,Y,Y,Y
ca8235bbaac4,여,2001,2012,2012,5,2024,1,N,Y,Y,Y,Y,Y,Y,Y,Y,Y
caade68ad452,남,2001,2012,2012,5,2025,1,N,Y,Y,Y,Y,Y,Y,Y,Y,Y
cce216458cac,남,2001,2012,2012,5,2024,1,N,Y,Y,Y,Y,Y,Y,Y,Y,Y
d72476ecf35d,남,2001,2012,2012,5,2014,1,N,Y,N,N,Y,Y,Y,Y,Y,Y
ef363251abb0,여,2001,2012,2012,5,2020,1,N,Y,Y,Y,Y,Y,Y,Y,Y,Y
05c5399a7705,여,2000,2013,2012,6,2014,1,N,Y,N,N,Y,Y,Y,Y,Y,Y
0b5d63780e46,남,2000,2012,2012,6,2017,1,N,Y,Y,N,Y,Y,Y,Y,Y,Y
0e4a4211ca83,여,2000,2012,2012,6,2015,1,N,Y,N,N,Y,Y,Y,Y,Y,Y
19be99f59bab,남,2000,2012,2012,6,2018,1,N,Y,Y,N,Y,Y,Y,Y,Y,Y
27a311a342ee,여,2000,2012,2012,6,2016,1,N,Y,Y,N,Y,Y,Y,Y,Y,Y
2dca0e1ee03d,남,2000,2012,2012,6,2013,1,N,Y,N,N,Y,Y,Y,Y,Y,Y
2e05c70f18a2,남,2000,2013,2012,6,2014,1,N,Y,N,N,Y,Y,Y,Y,Y,Y
315838bf2f7f,남,2000,2012,2012,6,2013,1,N,Y,N,N,Y,Y,Y,Y,Y,Y
3a0f8e787acb,여,2000,2012,2012,6,2022,1,N,Y,Y,Y,Y,Y,Y,Y,Y,Y
75d9f5d6a2f7,여,2000,2012,2012,6,2013,1,N,Y,N,N,Y,Y,Y,Y,Y,Y
7ed42c7584e6,남,2000,2013,2012,6,2013,1,N,Y,N,N,Y,Y,Y,Y,Y,Y
8afdacb7e027,남,2000,2012,2012,6,2026,1,N,Y,Y,Y,Y,Y,Y,Y,Y,Y
c8d23fa8f6fe,남,2000,2012,2012,6,2024,1,N,Y,Y,Y,Y,Y,Y,Y,Y,Y
d50402223788,남,2000,2012,2012,6,2022,1,N,Y,Y,Y,Y,Y,Y,Y,Y,Y
e31c3af9c768,남,2000,2013,2012,6,2013,1,N,Y,N,N,Y,Y,Y,Y,Y,Y
ef84de6825c0,여,2000,2012,2012,6,2014,1,N,Y,N,N,Y,Y,Y,Y,Y,Y
2a537a034be0,남,1999,2012,2012,7,2013,1,N,Y,N,N,Y,Y,Y,Y,Y,Y
2d414e0ee830,남,1999,2012,2012,7,2017,1,N,Y,Y,N,Y,Y,Y,Y,Y,Y
2e38a14cc4fd,여,1999,2012,2012,7,2015,1,N,Y,Y,N,Y,Y,Y,Y,Y,Y
4eeb42a13b44,여,1999,2012,2012,7,2015,1,N,Y,Y,N,Y,Y,Y,Y,Y,Y
81ecef03ce53,남,1999,2012,2012,7,2025,1,N,Y,Y,Y,Y,Y,Y,Y,Y,Y
c1ba2e390f11,남,1999,2012,2012,7,2015,1,N,Y,Y,N,Y,Y,Y,Y,Y,Y
f36581183f7b,남,1999,2012,2012,7,2016,1,N,Y,Y,N,Y,Y,Y,Y,Y,Y
1dc26590bf88,남,1998,2012,2012,8,2014,1,N,Y,Y,N,Y,Y,Y,Y,Y,Y
328770e41a9e,남,1998,2013,2012,8,2017,1,N,Y,Y,Y,Y,Y,Y,Y,Y,Y
556eecb7e507,남,1998,2013,2012,8,2014,1,N,Y,Y,N,Y,Y,Y,Y,Y,Y
6997d67ad508,남,1998,2013,2012,8,2013,1,N,Y,N,N,Y,Y,Y,Y,Y,Y
7034556fb056,남,1998,2012,2012,8,2014,1,N,Y,Y,N,Y,Y,Y,Y,Y,Y
afeee0590dcb,여,1998,2013,2012,8,2014,1,N,Y,Y,N,Y,Y,Y,Y,Y,Y
4e188f7179ba,여,1997,2013,2012,9,2013,1,N,Y,Y,N,Y,Y,Y,Y,Y,Y
5481d841122a,남,1997,2012,2012,9,2016,1,N,Y,Y,Y,Y,Y,Y,Y,Y,Y
573b36bd28b1,남,1997,2012,2012,9,2020,1,N,Y,Y,Y,Y,Y,Y,Y,Y,Y
66d14dcaeb7e,남,1997,2012,2012,9,2013,1,N,Y,Y,N,Y,Y,Y,Y,Y,Y
90bf0de50160,남,1997,2013,2012,9,2013,1,N,Y,Y,N,Y,Y,Y,Y,Y,Y
f0fea5dc711f,남,1997,2012,2012,9,2020,1,N,Y,Y,Y,Y,Y,Y,Y,Y,Y
ee2fac977bde,여,1996,2013,2012,10,2014,1,N,Y,Y,N,Y,Y,Y,Y,Y,Y
c14bccef5fd9,여,1995,2013,2012,11,2013,1,N,Y,Y,N,Y,Y,Y,Y,Y,Y
95525b6f33f2,남,1994,2012,2012,12,2014,1,N,Y,Y,Y,Y,Y,Y,Y,Y,Y
1f28af90eb38,남,1993,2013,2012,13,2013,1,N,Y,Y,Y,Y,Y,Y,Y,Y,Y
1fa4b3503083,남,1993,2013,2012,13,2015,1,N,Y,Y,Y,Y,Y,Y,Y,Y,Y
9336682b674b,여,1978,2013,2012,28,2013,1,N,Y,Y,Y,Y,Y,Y,Y,Y,Y
7f737594af95,여,1974,2013,2012,32,2013,1,N,Y,Y,Y,Y,Y,Y,Y,Y,Y
c008122d77bd,여,1973,2013,2012,33,2013,1,N,Y,Y,Y,Y,Y,Y,Y,Y,Y
d5a4b8f70952,남,1972,2013,2012,34,2013,1,N,Y,Y,Y,Y,Y,Y,Y,Y,Y
d71b07b5d1a3,남,1972,2013,2012,34,2013,1,N,Y,Y,Y,Y,Y,Y,Y,Y,Y
76d8fe29a9c0,여,1970,2013,2012,36,2019,1,N,Y,Y,Y,Y,Y,Y,Y,Y,Y
2d252d055ee3,남,1968,2012,2012,38,2014,1,N,Y,Y,Y,Y,Y,Y,Y,Y,Y
a44644906c26,남,1967,2013,2012,39,2014,1,N,Y,Y,Y,Y,Y,Y,Y,Y,Y
b179cf157508,남,1963,2013,2012,43,2013,1,N,Y,Y,Y,Y,Y,Y,Y,Y,Y
1be06b331b35,여,1962,2013,2012,44,2013,1,N,Y,Y,Y,Y,Y,Y,Y,Y,Y
11765433ccaa,남,1961,2013,2012,45,2018,1,N,Y,Y,Y,Y,Y,Y,Y,Y,Y
31b862150236,남,1961,2012,2012,45,2014,1,N,Y,Y,Y,Y,Y,Y,Y,Y,Y
460e91d9808f,여,2006,2014,2013,1,2024,1,N,Y,Y,N,Y,Y,Y,Y,Y,Y
52dd877d418e,남,2006,2013,2013,1,2025,1,N,Y,Y,Y,Y,Y,Y,Y,Y,Y
93066727a19c,남,2006,2013,2013,1,2026,1,N,Y,Y,Y,Y,Y,Y,Y,Y,Y
ae60d7c64fb4,남,2006,2013,2013,1,2026,1,N,Y,Y,Y,Y,Y,Y,Y,Y,Y
eaeb01f670de,여,2006,2014,2013,1,2020,1,N,Y,N,N,Y,Y,Y,Y,Y,Y
01e81df1b330,남,2005,2013,2013,2,2026,1,N,Y,Y,Y,Y,Y,Y,Y,Y,Y
048a256a52e8,남,2005,2013,2013,2,2014,1,N,N,N,N,Y,Y,Y,Y,Y,Y
1fffc171f46e,여,2005,2014,2013,2,2018,1,N,Y,N,N,Y,Y,Y,Y,Y,Y
7ac629765fb5,여,2005,2013,2013,2,2014,1,N,N,N,N,Y,Y,Y,Y,Y,Y
8be3acddedb2,남,2005,2013,2013,2,2020,1,N,Y,N,N,Y,Y,Y,Y,Y,Y
8c4266877532,여,2005,2013,2013,2,2015,1,N,N,N,N,Y,Y,Y,Y,Y,Y
950f4ef9d095,남,2005,2014,2013,2,2014,1,N,N,N,N,Y,Y,Y,Y,Y,Y
cc72db7f8429,남,2005,2014,2013,2,2015,1,N,N,N,N,Y,Y,Y,Y,Y,Y
d56dbbf2fddf,여,2005,2013,2013,2,2022,1,N,Y,Y,N,Y,Y,Y,Y,Y,Y
ed73a9876f68,남,2005,2013,2013,2,2025,1,N,Y,Y,Y,Y,Y,Y,Y,Y,Y
05294bbcc5dd,여,2004,2014,2013,3,2014,1,N,N,N,N,Y,Y,Y,Y,Y,Y
1652b342aa99,남,2004,2014,2013,3,2018,1,N,Y,N,N,Y,Y,Y,Y,Y,Y
16cd2e8e210c,남,2004,2013,2013,3,2026,1,N,Y,Y,Y,Y,Y,Y,Y,Y,Y
7958c4e41912,남,2004,2014,2013,3,2014,1,N,N,N,N,Y,Y,Y,Y,Y,Y
7a3cd2cacc72,여,2004,2014,2013,3,2016,1,N,N,N,N,Y,Y,Y,Y,Y,Y
c421840b954a,남,2004,2014,2013,3,2017,1,N,Y,N,N,Y,Y,Y,Y,Y,Y
d4ed2844805e,여,2004,2014,2013,3,2018,1,N,Y,N,N,Y,Y,Y,Y,Y,Y
db31f82ae07a,여,2004,2014,2013,3,2014,1,N,N,N,N,Y,Y,Y,Y,Y,Y
eab97c2399f1,여,2004,2013,2013,3,2022,1,N,Y,Y,N,Y,Y,Y,Y,Y,Y
eb70a3657ce7,여,2004,2014,2013,3,2014,1,N,N,N,N,Y,Y,Y,Y,Y,Y
f6384e0bfbd8,남,2004,2013,2013,3,2026,1,N,Y,Y,Y,Y,Y,Y,Y,Y,Y
fdcd1a7159de,남,2004,2014,2013,3,2016,1,N,N,N,N,Y,Y,Y,Y,Y,Y
188452e8c262,남,2003,2013,2013,4,2018,1,N,Y,N,N,Y,Y,Y,Y,Y,Y
1e69b07bc549,남,2003,2013,2013,4,2014,1,N,N,N,N,Y,Y,Y,Y,Y,Y
2aabf340c840,남,2003,2014,2013,4,2016,1,N,Y,N,N,Y,Y,Y,Y,Y,Y
31d87df4f903,남,2003,2013,2013,4,2014,1,N,N,N,N,Y,Y,Y,Y,Y,Y
4c727e166aac,남,2003,2013,2013,4,2026,1,N,Y,Y,Y,Y,Y,Y,Y,Y,Y
5fe86adbe1da,여,2003,2013,2013,4,2015,1,N,N,N,N,Y,Y,Y,Y,Y,Y
76bc3daea3bf,남,2003,2013,2013,4,2023,1,N,Y,Y,Y,Y,Y,Y,Y,Y,Y
7b1e95e175d5,남,2003,2013,2013,4,2022,1,N,Y,Y,Y,Y,Y,Y,Y,Y,Y
800ace85c214,여,2003,2013,2013,4,2015,1,N,N,N,N,Y,Y,Y,Y,Y,Y
892a8cbbf065,여,2003,2014,2013,4,2014,1,N,N,N,N,Y,Y,Y,Y,Y,Y
935835189e37,여,2003,2013,2013,4,2024,1,N,Y,Y,Y,Y,Y,Y,Y,Y,Y
9de8fc70ff15,남,2003,2013,2013,4,2016,1,N,Y,N,N,Y,Y,Y,Y,Y,Y
b5c934579c5f,남,2003,2014,2013,4,2015,1,N,N,N,N,Y,Y,Y,Y,Y,Y
c006ae12a94f,남,2003,2014,2013,4,2016,1,N,Y,N,N,Y,Y,Y,Y,Y,Y
cca3d01fdc76,남,2003,2013,2013,4,2017,1,N,Y,N,N,Y,Y,Y,Y,Y,Y
d839ada55b1b,남,2003,2014,2013,4,2014,1,N,N,N,N,Y,Y,Y,Y,Y,Y
d95cbd5977dc,남,2003,2014,2013,4,2015,1,N,N,N,N,Y,Y,Y,Y,Y,Y
f414a1a6a5bf,남,2003,2013,2013,4,2016,1,N,Y,N,N,Y,Y,Y,Y,Y,Y
0415a9e7c846,남,2002,2013,2013,5,2015,1,N,Y,N,N,Y,Y,Y,Y,Y,Y
3f4a5e8bd35f,여,2002,2013,2013,5,2014,1,N,N,N,N,Y,Y,Y,Y,Y,Y
45d7ea66548c,남,2002,2014,2013,5,2016,1,N,Y,N,N,Y,Y,Y,Y,Y,Y
73a11d1749e0,여,2002,2013,2013,5,2015,1,N,Y,N,N,Y,Y,Y,Y,Y,Y
95726957d4e1,남,2002,2013,2013,5,2022,1,N,Y,Y,Y,Y,Y,Y,Y,Y,Y
9d848d9e6eac,여,2002,2013,2013,5,2016,1,N,Y,N,N,Y,Y,Y,Y,Y,Y
e2049ad004d8,여,2002,2013,2013,5,2024,1,N,Y,Y,Y,Y,Y,Y,Y,Y,Y
f6b5db5b466b,여,2002,2014,2013,5,2014,1,N,N,N,N,Y,Y,Y,Y,Y,Y
024cc1e28761,여,2001,2014,2013,6,2015,1,N,Y,N,N,Y,Y,Y,Y,Y,Y
21e8732e0c8c,남,2001,2014,2013,6,2014,1,N,Y,N,N,Y,Y,Y,Y,Y,Y
6f2d2c17ec51,여,2001,2013,2013,6,2018,1,N,Y,Y,N,Y,Y,Y,Y,Y,Y
706d471e6675,남,2001,2013,2013,6,2016,1,N,Y,N,N,Y,Y,Y,Y,Y,Y
aeb98b62c2a1,여,2001,2014,2013,6,2017,1,N,Y,Y,N,Y,Y,Y,Y,Y,Y
15550bfbbcd9,여,2000,2013,2013,7,2017,1,N,Y,Y,N,Y,Y,Y,Y,Y,Y
8a7c36f9cff8,남,2000,2013,2013,7,2018,1,N,Y,Y,N,Y,Y,Y,Y,Y,Y
b71b85c30059,여,2000,2014,2013,7,2014,1,N,Y,N,N,Y,Y,Y,Y,Y,Y
e188f6b0bb45,남,2000,2013,2013,7,2014,1,N,Y,N,N,Y,Y,Y,Y,Y,Y
010ac565e787,남,1999,2014,2013,8,2014,1,N,Y,N,N,Y,Y,Y,Y,Y,Y
30694b5c1800,남,1999,2013,2013,8,2018,1,N,Y,Y,Y,Y,Y,Y,Y,Y,Y
aada36e9c982,남,1999,2014,2013,8,2018,1,N,Y,Y,Y,Y,Y,Y,Y,Y,Y
33fd4496b754,남,1998,2014,2013,9,2018,1,N,Y,Y,Y,Y,Y,Y,Y,Y,Y
98d7288c7304,여,1998,2014,2013,9,2018,1,N,Y,Y,Y,Y,Y,Y,Y,Y,Y
d6e04790b18f,남,1998,2014,2013,9,2017,1,N,Y,Y,Y,Y,Y,Y,Y,Y,Y
d747953dba4c,남,1998,2013,2013,9,2017,1,N,Y,Y,Y,Y,Y,Y,Y,Y,Y
bc5c3aa8cafb,여,1997,2014,2013,10,2015,1,N,Y,Y,N,Y,Y,Y,Y,Y,Y
c8b15fe4ec56,여,1993,2013,2013,14,2016,1,N,Y,Y,Y,Y,Y,Y,Y,Y,Y
0b1a5b66a82c,남,1992,2014,2013,15,2015,1,N,Y,Y,Y,Y,Y,Y,Y,Y,Y
63562ae9c7d7,여,1979,2014,2013,28,2015,1,N,Y,Y,Y,Y,Y,Y,Y,Y,Y
41e064c7fd45,여,1968,2014,2013,39,2016,1,N,Y,Y,Y,Y,Y,Y,Y,Y,Y
4dbff7907bec,여,1968,2014,2013,39,2024,1,N,Y,Y,Y,Y,Y,Y,Y,Y,Y
0af5d7e67193,남,1963,2014,2013,44,2014,1,N,Y,Y,Y,Y,Y,Y,Y,Y,Y
07b80257b2c4,남,2007,2014,2014,1,2014,1,N,N,N,N,Y,Y,N,Y,Y,N
28133b25877f,여,2007,2014,2014,1,2025,1,N,Y,Y,N,Y,Y,N,Y,Y,N
383a7e1421ff,여,2007,2014,2014,1,2020,1,N,Y,N,N,Y,Y,N,Y,Y,N
44836eb7c1c3,남,2007,2015,2014,1,2020,1,N,Y,N,N,Y,Y,N,Y,Y,N
99acf4fb41d5,남,2007,2015,2014,1,2015,1,N,N,N,N,Y,Y,N,Y,Y,N
26e4ba0ba01a,여,2006,2014,2014,2,2018,1,N,N,N,N,Y,Y,Y,Y,Y,Y
294f42ea501c,여,2006,2014,2014,2,2014,1,N,N,N,N,Y,Y,Y,Y,Y,Y
3bcccfa4b437,남,2006,2014,2014,2,2019,1,N,Y,N,N,Y,Y,Y,Y,Y,Y
4998dc521b62,남,2006,2014,2014,2,2019,1,N,Y,N,N,Y,Y,Y,Y,Y,Y
5b906da5da48,남,2006,2014,2014,2,2014,1,N,N,N,N,Y,Y,Y,Y,Y,Y
66383d8daaac,남,2006,2014,2014,2,2026,1,N,Y,Y,Y,Y,Y,Y,Y,Y,Y
746395bcfe77,남,2006,2014,2014,2,2015,1,N,N,N,N,Y,Y,Y,Y,Y,Y
986ad5951944,남,2006,2014,2014,2,2025,1,N,Y,Y,Y,Y,Y,Y,Y,Y,Y
a3b48d5ade76,여,2006,2014,2014,2,2026,1,N,Y,Y,Y,Y,Y,Y,Y,Y,Y
b24d80d3ed53,남,2006,2015,2014,2,2015,1,N,N,N,N,Y,Y,Y,Y,Y,Y
c748efda2f20,여,2006,2014,2014,2,2026,1,N,Y,Y,Y,Y,Y,Y,Y,Y,Y
e720070cc73c,남,2006,2014,2014,2,2019,1,N,Y,N,N,Y,Y,Y,Y,Y,Y
04ddae787493,남,2005,2014,2014,3,2025,1,N,Y,Y,Y,Y,Y,Y,Y,Y,Y
0f3daa823e81,남,2005,2014,2014,3,2023,1,N,Y,Y,N,Y,Y,Y,Y,Y,Y
1554e7685232,남,2005,2014,2014,3,2015,1,N,N,N,N,Y,Y,Y,Y,Y,Y
46c211450ef5,남,2005,2014,2014,3,2022,1,N,Y,Y,N,Y,Y,Y,Y,Y,Y
58841b315fee,여,2005,2014,2014,3,2017,1,N,N,N,N,Y,Y,Y,Y,Y,Y
753bb60c91d8,남,2005,2014,2014,3,2025,1,N,Y,Y,Y,Y,Y,Y,Y,Y,Y
8752cf1a5d43,여,2005,2015,2014,3,2015,1,N,N,N,N,Y,Y,Y,Y,Y,Y
b0cafd0da6f4,여,2005,2015,2014,3,2015,1,N,N,N,N,Y,Y,Y,Y,Y,Y
c1496d6f19d5,남,2005,2014,2014,3,2017,1,N,N,N,N,Y,Y,Y,Y,Y,Y
da013bbf02f6,남,2005,2014,2014,3,2017,1,N,N,N,N,Y,Y,Y,Y,Y,Y
e4d61d3247ba,남,2005,2015,2014,3,2015,1,N,N,N,N,Y,Y,Y,Y,Y,Y
f6951d95cd22,남,2005,2014,2014,3,2015,1,N,N,N,N,Y,Y,Y,Y,Y,Y
fe3cef2855f3,남,2005,2014,2014,3,2026,1,N,Y,Y,Y,Y,Y,Y,Y,Y,Y
2ec6cabddf10,남,2004,2014,2014,4,2016,1,N,N,N,N,Y,Y,Y,Y,Y,Y
64b7cfce3630,남,2004,2014,2014,4,2017,1,N,Y,N,N,Y,Y,Y,Y,Y,Y
6c3de0c95546,여,2004,2014,2014,4,2017,1,N,Y,N,N,Y,Y,Y,Y,Y,Y
77617321cea7,남,2004,2014,2014,4,2015,1,N,N,N,N,Y,Y,Y,Y,Y,Y
83ffa1f62966,여,2004,2015,2014,4,2017,1,N,Y,N,N,Y,Y,Y,Y,Y,Y
8898cfc8efc8,여,2004,2015,2014,4,2016,1,N,N,N,N,Y,Y,Y,Y,Y,Y
8e937c37ff03,남,2004,2014,2014,4,2017,1,N,Y,N,N,Y,Y,Y,Y,Y,Y
ab46aac2506d,여,2004,2014,2014,4,2024,1,N,Y,Y,Y,Y,Y,Y,Y,Y,Y
ae079ebbad25,남,2004,2014,2014,4,2024,1,N,Y,Y,Y,Y,Y,Y,Y,Y,Y
b59b2188aa9c,남,2004,2014,2014,4,2022,1,N,Y,Y,N,Y,Y,Y,Y,Y,Y
b847ee6de612,남,2004,2015,2014,4,2020,1,N,Y,Y,N,Y,Y,Y,Y,Y,Y
bc090871124c,여,2004,2014,2014,4,2020,1,N,Y,Y,N,Y,Y,Y,Y,Y,Y
c2bfec1d2fc8,여,2004,2014,2014,4,2025,1,N,Y,Y,Y,Y,Y,Y,Y,Y,Y
c2c2ac55fd3c,남,2004,2014,2014,4,2026,1,N,Y,Y,Y,Y,Y,Y,Y,Y,Y
d2840f067bbe,남,2004,2015,2014,4,2016,1,N,N,N,N,Y,Y,Y,Y,Y,Y
d9e65639ab1a,남,2004,2015,2014,4,2017,1,N,Y,N,N,Y,Y,Y,Y,Y,Y
db1cdee67b02,남,2004,2015,2014,4,2020,1,N,Y,Y,N,Y,Y,Y,Y,Y,Y
e689dd10acfb,여,2004,2014,2014,4,2015,1,N,N,N,N,Y,Y,Y,Y,Y,Y
fd65df9d9852,여,2004,2015,2014,4,2017,1,N,Y,N,N,Y,Y,Y,Y,Y,Y
0296a68b22c2,남,2003,2014,2014,5,2026,1,N,Y,Y,Y,Y,Y,Y,Y,Y,Y
10f37f9a6472,남,2003,2014,2014,5,2015,1,N,N,N,N,Y,Y,Y,Y,Y,Y
39fa8705d0ce,남,2003,2014,2014,5,2016,1,N,Y,N,N,Y,Y,Y,Y,Y,Y
67f0f58a3c01,남,2003,2014,2014,5,2020,1,N,Y,Y,N,Y,Y,Y,Y,Y,Y
74f273f351ad,남,2003,2014,2014,5,2015,1,N,N,N,N,Y,Y,Y,Y,Y,Y
acc1b5c9f0a5,여,2003,2014,2014,5,2015,1,N,N,N,N,Y,Y,Y,Y,Y,Y
ae1d1fbaa694,여,2003,2014,2014,5,2016,1,N,Y,N,N,Y,Y,Y,Y,Y,Y
c5739e5bb80a,여,2003,2014,2014,5,2016,1,N,Y,N,N,Y,Y,Y,Y,Y,Y
c9f60af2daaa,여,2003,2014,2014,5,2018,1,N,Y,N,N,Y,Y,Y,Y,Y,Y
def24c182562,남,2003,2014,2014,5,2017,1,N,Y,N,N,Y,Y,Y,Y,Y,Y
e1d66b71c09e,여,2003,2014,2014,5,2016,1,N,Y,N,N,Y,Y,Y,Y,Y,Y
e37d609ba13f,여,2003,2014,2014,5,2022,1,N,Y,Y,Y,Y,Y,Y,Y,Y,Y
ec08969c46d4,남,2003,2014,2014,5,2020,1,N,Y,Y,N,Y,Y,Y,Y,Y,Y
f20265612a9a,남,2003,2014,2014,5,2016,1,N,Y,N,N,Y,Y,Y,Y,Y,Y
2bca6a71c5fc,남,2002,2014,2014,6,2015,1,N,Y,N,N,Y,Y,Y,Y,Y,Y
3d50fc7659e6,남,2002,2014,2014,6,2021,1,N,Y,Y,Y,Y,Y,Y,Y,Y,Y
635aaabb0921,여,2002,2015,2014,6,2020,1,N,Y,Y,N,Y,Y,Y,Y,Y,Y
764783edc41e,남,2002,2014,2014,6,2018,1,N,Y,Y,N,Y,Y,Y,Y,Y,Y
80ad9e3868fd,남,2002,2014,2014,6,2017,1,N,Y,N,N,Y,Y,Y,Y,Y,Y
8d741f47a76f,남,2002,2014,2014,6,2026,1,N,Y,Y,Y,Y,Y,Y,Y,Y,Y
9a0b23e8f1c8,여,2002,2014,2014,6,2017,1,N,Y,N,N,Y,Y,Y,Y,Y,Y
9c6e2c0608af,남,2002,2015,2014,6,2015,1,N,Y,N,N,Y,Y,Y,Y,Y,Y
a14c9c5d78c6,남,2002,2014,2014,6,2018,1,N,Y,Y,N,Y,Y,Y,Y,Y,Y
adc91c1a07c8,여,2002,2015,2014,6,2019,1,N,Y,Y,N,Y,Y,Y,Y,Y,Y
b23adf304bb3,여,2002,2014,2014,6,2024,1,N,Y,Y,Y,Y,Y,Y,Y,Y,Y
ba571c90b7e5,남,2002,2014,2014,6,2020,1,N,Y,Y,N,Y,Y,Y,Y,Y,Y
bb938f82563f,남,2002,2014,2014,6,2020,1,N,Y,Y,N,Y,Y,Y,Y,Y,Y
be32ea79ef79,여,2002,2014,2014,6,2014,1,N,N,N,N,Y,Y,Y,Y,Y,Y
f69ffb12d14e,남,2002,2014,2014,6,2018,1,N,Y,Y,N,Y,Y,Y,Y,Y,Y
2f7602dab9b3,남,2001,2015,2014,7,2015,1,N,Y,N,N,Y,Y,Y,Y,Y,Y
34053d95f43c,남,2001,2014,2014,7,2020,1,N,Y,Y,Y,Y,Y,Y,Y,Y,Y
42bb2f3789d2,여,2001,2014,2014,7,2017,1,N,Y,Y,N,Y,Y,Y,Y,Y,Y
b407980f8290,남,2000,2014,2014,8,2018,1,N,Y,Y,N,Y,Y,Y,Y,Y,Y
b4ddd41883d4,남,2000,2014,2014,8,2016,1,N,Y,Y,N,Y,Y,Y,Y,Y,Y
c5cd7dd40d89,남,2000,2014,2014,8,2020,1,N,Y,Y,Y,Y,Y,Y,Y,Y,Y
058ea815622d,여,1999,2014,2014,9,2021,1,N,Y,Y,Y,Y,Y,Y,Y,Y,Y
49fef45ce8d1,남,1999,2015,2014,9,2017,1,N,Y,Y,N,Y,Y,Y,Y,Y,Y
c4b324c94674,남,1999,2014,2014,9,2015,1,N,Y,Y,N,Y,Y,Y,Y,Y,Y
2e112b6ec914,여,1998,2014,2014,10,2015,1,N,Y,Y,N,Y,Y,Y,Y,Y,Y
aa1d1e3a414e,남,1998,2015,2014,10,2015,1,N,Y,Y,N,Y,Y,Y,Y,Y,Y
78025bc6e3af,남,1997,2014,2014,11,2016,1,N,Y,Y,Y,Y,Y,Y,Y,Y,Y
417c628db173,남,1996,2015,2014,12,2015,1,N,Y,Y,Y,Y,Y,Y,Y,Y,Y
4eca8593e9d0,남,1966,2015,2014,42,2015,1,N,Y,Y,Y,Y,Y,Y,Y,Y,Y
493845816306,남,1964,2015,2014,44,2015,1,N,Y,Y,Y,Y,Y,Y,Y,Y,Y
f3b59652bbcf,남,1950,2015,2014,58,2015,1,N,Y,Y,Y,Y,Y,Y,Y,Y,Y
0a4bf9101fa7,여,2008,2015,2015,1,2026,1,N,Y,Y,N,Y,Y,N,Y,Y,N
397690615298,남,2008,2015,2015,1,2016,1,N,N,N,N,Y,Y,N,Y,Y,N
46cdfe4b94d7,남,2008,2015,2015,1,2019,1,N,N,N,N,Y,Y,N,Y,Y,N
80c4d263fbe5,남,2008,2015,2015,1,2020,1,N,N,N,N,Y,Y,N,Y,Y,N
98a24c345bc4,여,2008,2015,2015,1,2026,1,N,Y,Y,N,Y,Y,N,Y,Y,N
a38f3e36f334,여,2008,2015,2015,1,2026,1,N,Y,Y,N,Y,Y,N,Y,Y,N
0065fa277ae2,여,2007,2015,2015,2,2016,1,N,N,N,N,Y,Y,N,Y,Y,N
0a72271a9015,남,2007,2015,2015,2,2017,1,N,N,N,N,Y,Y,N,Y,Y,N
0eb94a521cd7,남,2007,2015,2015,2,2017,1,N,N,N,N,Y,Y,N,Y,Y,N
169491b323b3,여,2007,2015,2015,2,2026,1,N,Y,Y,Y,Y,Y,N,Y,Y,Y
2e3ecd473e83,남,2007,2015,2015,2,2026,1,N,Y,Y,Y,Y,Y,N,Y,Y,Y
3aea36751045,남,2007,2015,2015,2,2018,1,N,N,N,N,Y,Y,N,Y,Y,N
42a7b66e8afe,남,2007,2015,2015,2,2026,1,N,Y,Y,Y,Y,Y,N,Y,Y,Y
5d21baafba1d,남,2007,2015,2015,2,2017,1,N,N,N,N,Y,Y,N,Y,Y,N
7d6f38807c1b,남,2007,2015,2015,2,2024,1,N,Y,Y,N,Y,Y,N,Y,Y,N
80b86f7b6f4f,여,2007,2016,2015,2,2016,1,N,N,N,N,Y,Y,N,Y,Y,N
9a3a6ed2ccb9,여,2007,2015,2015,2,2020,1,N,Y,N,N,Y,Y,N,Y,Y,N
a1e378b3288d,남,2007,2015,2015,2,2016,1,N,N,N,N,Y,Y,N,Y,Y,N
b5919aedfb55,여,2007,2016,2015,2,2020,1,N,Y,N,N,Y,Y,N,Y,Y,N
bc1f82eb21a3,여,2007,2015,2015,2,2026,1,N,Y,Y,Y,Y,Y,N,Y,Y,Y
fbdb4c0306ef,남,2007,2015,2015,2,2022,1,N,Y,N,N,Y,Y,N,Y,Y,N
feaf12c7995a,여,2007,2015,2015,2,2018,1,N,N,N,N,Y,Y,N,Y,Y,N
0b445b8581e0,여,2006,2015,2015,3,2024,1,N,Y,Y,N,Y,Y,Y,Y,Y,Y
118f70bb9fae,남,2006,2015,2015,3,2016,1,N,N,N,N,Y,Y,Y,Y,Y,Y
1f1e159f8f26,남,2006,2015,2015,3,2017,1,N,N,N,N,Y,Y,Y,Y,Y,Y
5218f509db6e,여,2006,2016,2015,3,2018,1,N,N,N,N,Y,Y,Y,Y,Y,Y
549b3ef90844,남,2006,2015,2015,3,2026,1,N,Y,Y,Y,Y,Y,Y,Y,Y,Y
91caa93ee855,여,2006,2015,2015,3,2026,1,N,Y,Y,Y,Y,Y,Y,Y,Y,Y
ac791540b2b5,여,2006,2016,2015,3,2016,1,N,N,N,N,Y,Y,Y,Y,Y,Y
be5403820fd0,여,2006,2016,2015,3,2017,1,N,N,N,N,Y,Y,Y,Y,Y,Y
c2dd4fa0aaf9,여,2006,2015,2015,3,2026,1,N,Y,Y,Y,Y,Y,Y,Y,Y,Y
c3845507716d,남,2006,2015,2015,3,2019,1,N,Y,N,N,Y,Y,Y,Y,Y,Y
ca74ac736a8c,남,2006,2015,2015,3,2026,1,N,Y,Y,Y,Y,Y,Y,Y,Y,Y
da216b6697bb,남,2006,2016,2015,3,2016,1,N,N,N,N,Y,Y,Y,Y,Y,Y
e22858211cfc,남,2006,2016,2015,3,2016,1,N,N,N,N,Y,Y,Y,Y,Y,Y
e6e4cd92df18,남,2006,2015,2015,3,2026,1,N,Y,Y,Y,Y,Y,Y,Y,Y,Y
0297fb5515f4,남,2005,2015,2015,4,2017,1,N,N,N,N,Y,Y,Y,Y,Y,Y
0ab88cfb98bc,여,2005,2015,2015,4,2024,1,N,Y,Y,Y,Y,Y,Y,Y,Y,Y
103a8754af0f,남,2005,2015,2015,4,2020,1,N,Y,N,N,Y,Y,Y,Y,Y,Y
1b136bac69d8,남,2005,2015,2015,4,2018,1,N,Y,N,N,Y,Y,Y,Y,Y,Y
1ecea82d2c2b,여,2005,2015,2015,4,2016,1,N,N,N,N,Y,Y,Y,Y,Y,Y
33039690841f,남,2005,2015,2015,4,2020,1,N,Y,N,N,Y,Y,Y,Y,Y,Y
3a9d9db31540,남,2005,2016,2015,4,2017,1,N,N,N,N,Y,Y,Y,Y,Y,Y
3c4cff57b8af,남,2005,2015,2015,4,2017,1,N,N,N,N,Y,Y,Y,Y,Y,Y
408a8e6caa8b,여,2005,2015,2015,4,2026,1,N,Y,Y,Y,Y,Y,Y,Y,Y,Y
49168e7c35ea,여,2005,2016,2015,4,2016,1,N,N,N,N,Y,Y,Y,Y,Y,Y
536d965b09a5,남,2005,2015,2015,4,2018,1,N,Y,N,N,Y,Y,Y,Y,Y,Y
74378e73b1d8,여,2005,2015,2015,4,2019,1,N,Y,N,N,Y,Y,Y,Y,Y,Y
751c1cad9993,여,2005,2015,2015,4,2017,1,N,N,N,N,Y,Y,Y,Y,Y,Y
857f6e20752f,남,2005,2015,2015,4,2021,1,N,Y,Y,N,Y,Y,Y,Y,Y,Y
94e735494a95,여,2005,2015,2015,4,2022,1,N,Y,Y,N,Y,Y,Y,Y,Y,Y
94f9fae60885,남,2005,2015,2015,4,2026,1,N,Y,Y,Y,Y,Y,Y,Y,Y,Y
a8f865854d1b,남,2005,2015,2015,4,2017,1,N,N,N,N,Y,Y,Y,Y,Y,Y
b2b87b35e012,남,2005,2015,2015,4,2016,1,N,N,N,N,Y,Y,Y,Y,Y,Y
b84a2a8ce26e,남,2005,2015,2015,4,2020,1,N,Y,N,N,Y,Y,Y,Y,Y,Y
c5b88177f870,남,2005,2015,2015,4,2018,1,N,Y,N,N,Y,Y,Y,Y,Y,Y
d8abff4d38f1,남,2005,2015,2015,4,2017,1,N,N,N,N,Y,Y,Y,Y,Y,Y
db3f17b5432d,여,2005,2015,2015,4,2026,1,N,Y,Y,Y,Y,Y,Y,Y,Y,Y
e29d4843a227,남,2005,2015,2015,4,2017,1,N,N,N,N,Y,Y,Y,Y,Y,Y
f12df0dbe7d0,남,2005,2015,2015,4,2026,1,N,Y,Y,Y,Y,Y,Y,Y,Y,Y
0434e5d4dea7,남,2004,2015,2015,5,2016,1,N,N,N,N,Y,Y,Y,Y,Y,Y
127e6c8048ef,여,2004,2015,2015,5,2017,1,N,Y,N,N,Y,Y,Y,Y,Y,Y
1292d69c4caf,남,2004,2015,2015,5,2024,1,N,Y,Y,Y,Y,Y,Y,Y,Y,Y
1766851ca86f,여,2004,2015,2015,5,2022,1,N,Y,Y,N,Y,Y,Y,Y,Y,Y
38c58d240e01,여,2004,2015,2015,5,2026,1,N,Y,Y,Y,Y,Y,Y,Y,Y,Y
4529e6f7aedd,여,2004,2015,2015,5,2025,1,N,Y,Y,Y,Y,Y,Y,Y,Y,Y
48313f2d5189,여,2004,2015,2015,5,2017,1,N,Y,N,N,Y,Y,Y,Y,Y,Y
4f8aa9e33e5b,여,2004,2016,2015,5,2024,1,N,Y,Y,Y,Y,Y,Y,Y,Y,Y
511a5228e6b7,여,2004,2015,2015,5,2017,1,N,Y,N,N,Y,Y,Y,Y,Y,Y
6c00c5ca3cc8,여,2004,2015,2015,5,2021,1,N,Y,Y,N,Y,Y,Y,Y,Y,Y
7c51c324e1de,남,2004,2015,2015,5,2016,1,N,N,N,N,Y,Y,Y,Y,Y,Y
874faf790003,남,2004,2015,2015,5,2019,1,N,Y,N,N,Y,Y,Y,Y,Y,Y
a263dd328a25,남,2004,2016,2015,5,2016,1,N,N,N,N,Y,Y,Y,Y,Y,Y
b9b4f5eea44b,남,2004,2015,2015,5,2023,1,N,Y,Y,Y,Y,Y,Y,Y,Y,Y
e5a99e70f794,여,2004,2015,2015,5,2016,1,N,N,N,N,Y,Y,Y,Y,Y,Y
f47f92dcf31c,여,2004,2016,2015,5,2019,1,N,Y,N,N,Y,Y,Y,Y,Y,Y
fcbeb2192a52,남,2004,2015,2015,5,2016,1,N,N,N,N,Y,Y,Y,Y,Y,Y
0869bb010f94,여,2003,2016,2015,6,2016,1,N,Y,N,N,Y,Y,Y,Y,Y,Y
10b6568c55cd,여,2003,2015,2015,6,2018,1,N,Y,N,N,Y,Y,Y,Y,Y,Y
167c1840e74e,여,2003,2015,2015,6,2022,1,N,Y,Y,Y,Y,Y,Y,Y,Y,Y
16edf8e09327,여,2003,2015,2015,6,2016,1,N,Y,N,N,Y,Y,Y,Y,Y,Y
26f77e512a43,여,2003,2015,2015,6,2017,1,N,Y,N,N,Y,Y,Y,Y,Y,Y
29ca9430c4f3,남,2003,2015,2015,6,2016,1,N,Y,N,N,Y,Y,Y,Y,Y,Y
32c25d65e95d,남,2003,2015,2015,6,2016,1,N,Y,N,N,Y,Y,Y,Y,Y,Y
446e5d32425d,남,2003,2015,2015,6,2018,1,N,Y,N,N,Y,Y,Y,Y,Y,Y
6fc419889959,남,2003,2015,2015,6,2021,1,N,Y,Y,N,Y,Y,Y,Y,Y,Y
85abaa27a28c,여,2003,2015,2015,6,2022,1,N,Y,Y,Y,Y,Y,Y,Y,Y,Y
8920b85c7a8e,남,2003,2015,2015,6,2021,1,N,Y,Y,N,Y,Y,Y,Y,Y,Y
8c2914cf58de,여,2003,2015,2015,6,2018,1,N,Y,N,N,Y,Y,Y,Y,Y,Y
8dac74f2ca04,남,2003,2015,2015,6,2017,1,N,Y,N,N,Y,Y,Y,Y,Y,Y
cbbb1a6a0478,남,2003,2015,2015,6,2020,1,N,Y,Y,N,Y,Y,Y,Y,Y,Y
ce28f665d8ec,여,2003,2016,2015,6,2016,1,N,Y,N,N,Y,Y,Y,Y,Y,Y
d52c08e8f70e,남,2003,2015,2015,6,2016,1,N,Y,N,N,Y,Y,Y,Y,Y,Y
e83d833e55f2,여,2003,2016,2015,6,2018,1,N,Y,N,N,Y,Y,Y,Y,Y,Y
0732e417b848,여,2002,2015,2015,7,2019,1,N,Y,Y,N,Y,Y,Y,Y,Y,Y
150a58864864,여,2002,2015,2015,7,2018,1,N,Y,Y,N,Y,Y,Y,Y,Y,Y
19dbab644b2c,남,2002,2015,2015,7,2017,1,N,Y,N,N,Y,Y,Y,Y,Y,Y
2de0b6fa1524,여,2002,2015,2015,7,2017,1,N,Y,N,N,Y,Y,Y,Y,Y,Y
47cf057207fd,남,2002,2015,2015,7,2017,1,N,Y,N,N,Y,Y,Y,Y,Y,Y
7e095e43f771,남,2002,2015,2015,7,2017,1,N,Y,N,N,Y,Y,Y,Y,Y,Y
9935f4e0f7dd,남,2002,2015,2015,7,2017,1,N,Y,N,N,Y,Y,Y,Y,Y,Y
a388696a931c,남,2002,2016,2015,7,2018,1,N,Y,Y,N,Y,Y,Y,Y,Y,Y
e9f2eb2cdb5e,여,2002,2015,2015,7,2024,1,N,Y,Y,Y,Y,Y,Y,Y,Y,Y
f3f3cebd89fe,남,2002,2015,2015,7,2019,1,N,Y,Y,N,Y,Y,Y,Y,Y,Y
fabef5f91cdd,남,2002,2015,2015,7,2021,1,N,Y,Y,Y,Y,Y,Y,Y,Y,Y
0ad6f1d603a9,여,2001,2015,2015,8,2020,1,N,Y,Y,Y,Y,Y,Y,Y,Y,Y
5043b9c52030,여,2001,2016,2015,8,2016,1,N,Y,N,N,Y,Y,Y,Y,Y,Y
59ca4969380f,여,2001,2016,2015,8,2016,1,N,Y,N,N,Y,Y,Y,Y,Y,Y
b3f6e5166563,여,2001,2016,2015,8,2016,1,N,Y,N,N,Y,Y,Y,Y,Y,Y
d54ee80faef2,여,2001,2016,2015,8,2016,1,N,Y,N,N,Y,Y,Y,Y,Y,Y
ecd1084af1e4,여,2001,2015,2015,8,2016,1,N,Y,N,N,Y,Y,Y,Y,Y,Y
ee0af29092e0,여,2001,2015,2015,8,2016,1,N,Y,N,N,Y,Y,Y,Y,Y,Y
005bc47c322f,여,2000,2016,2015,9,2016,1,N,Y,Y,N,Y,Y,Y,Y,Y,Y
26c658d9a885,남,2000,2016,2015,9,2016,1,N,Y,Y,N,Y,Y,Y,Y,Y,Y
c9d48e5977e8,남,2000,2015,2015,9,2016,1,N,Y,Y,N,Y,Y,Y,Y,Y,Y
ddceef8af3c7,남,2000,2015,2015,9,2018,1,N,Y,Y,N,Y,Y,Y,Y,Y,Y
ac9051c6491f,여,1999,2015,2015,10,2022,1,N,Y,Y,Y,Y,Y,Y,Y,Y,Y
161bde0d5b2c,남,1998,2016,2015,11,2016,1,N,Y,Y,N,Y,Y,Y,Y,Y,Y
5d1528b228c1,남,1998,2015,2015,11,2017,1,N,Y,Y,Y,Y,Y,Y,Y,Y,Y
8ba8685a7a99,남,1998,2016,2015,11,2016,1,N,Y,Y,N,Y,Y,Y,Y,Y,Y
ef9a488ce630,남,1997,2016,2015,12,2016,1,N,Y,Y,Y,Y,Y,Y,Y,Y,Y
d2e0a39a299f,남,1996,2015,2015,13,2023,1,N,Y,Y,Y,Y,Y,Y,Y,Y,Y
686a9d0d21ef,남,1990,2016,2015,19,2017,1,N,Y,Y,Y,Y,Y,Y,Y,Y,Y
9794df17eb6a,남,1976,2016,2015,33,2016,1,N,Y,Y,Y,Y,Y,Y,Y,Y,Y
0ea41de03207,남,1972,2016,2015,37,2016,1,N,Y,Y,Y,Y,Y,Y,Y,Y,Y
4be41b1f593d,남,1970,2016,2015,39,2016,1,N,Y,Y,Y,Y,Y,Y,Y,Y,Y
0e4bd541361f,남,1968,2015,2015,41,2016,1,N,Y,Y,Y,Y,Y,Y,Y,Y,Y
d08b814c6610,남,1956,2016,2015,53,2018,1,N,Y,Y,Y,Y,Y,Y,Y,Y,Y
233804408bef,여,2009,2016,2016,1,2026,1,N,Y,Y,N,Y,Y,N,Y,Y,N
3c7005fc99e1,남,2009,2016,2016,1,2026,1,N,Y,Y,N,Y,Y,N,Y,Y,N
552f6f49278f,여,2009,2016,2016,1,2026,1,N,Y,Y,N,Y,Y,N,Y,Y,N
04adc2490f0e,여,2008,2016,2016,2,2017,1,N,N,N,N,Y,Y,N,Y,Y,N
0c7d8679d55a,남,2008,2016,2016,2,2017,1,N,N,N,N,Y,Y,N,Y,Y,N
3da4d8cbc4a1,남,2008,2016,2016,2,2022,1,N,Y,N,N,Y,Y,N,Y,Y,N
489d2e100010,여,2008,2016,2016,2,2019,1,N,N,N,N,Y,Y,N,Y,Y,N
95d280fec7a1,여,2008,2016,2016,2,2019,1,N,N,N,N,Y,Y,N,Y,Y,N
9a136898aa22,남,2008,2016,2016,2,2024,1,N,Y,Y,N,Y,Y,N,Y,Y,N
9eb74bd65f6d,남,2008,2016,2016,2,2026,1,N,Y,Y,N,Y,Y,N,Y,Y,N
c7e03fe9a727,남,2008,2016,2016,2,2026,1,N,Y,Y,N,Y,Y,N,Y,Y,N
d632e357c512,남,2008,2016,2016,2,2019,1,N,N,N,N,Y,Y,N,Y,Y,N
dc8e8984ab33,남,2008,2016,2016,2,2026,1,N,Y,Y,N,Y,Y,N,Y,Y,N
12fc3065e382,남,2007,2016,2016,3,2025,1,N,Y,Y,N,Y,Y,N,Y,Y,N
2447ce15f2ca,여,2007,2017,2016,3,2023,1,N,Y,Y,N,Y,Y,N,Y,Y,N
44b321671632,남,2007,2017,2016,3,2024,1,N,Y,Y,N,Y,Y,N,Y,Y,N
516aadc16dd9,여,2007,2016,2016,3,2022,1,N,Y,N,N,Y,Y,N,Y,Y,N
544e7c62c2a9,여,2007,2016,2016,3,2025,1,N,Y,Y,N,Y,Y,N,Y,Y,N
7efea96608b4,남,2007,2016,2016,3,2024,1,N,Y,Y,N,Y,Y,N,Y,Y,N
80a3b8111542,남,2007,2016,2016,3,2017,1,N,N,N,N,Y,Y,N,Y,Y,N
a7781f4c24f4,여,2007,2017,2016,3,2020,1,N,Y,N,N,Y,Y,N,Y,Y,N
d04da41971ae,여,2007,2016,2016,3,2023,1,N,Y,Y,N,Y,Y,N,Y,Y,N
d68a10321ab6,남,2007,2016,2016,3,2026,1,N,Y,Y,Y,Y,Y,N,Y,Y,Y
d902f5800a69,남,2007,2016,2016,3,2022,1,N,Y,N,N,Y,Y,N,Y,Y,N
ecba42a38e94,남,2007,2017,2016,3,2019,1,N,N,N,N,Y,Y,N,Y,Y,N
fe42895c1935,남,2007,2016,2016,3,2017,1,N,N,N,N,Y,Y,N,Y,Y,N
ffaf75e1e3ac,남,2007,2016,2016,3,2026,1,N,Y,Y,Y,Y,Y,N,Y,Y,Y
0fec83800031,여,2006,2016,2016,4,2021,1,N,Y,N,N,Y,Y,Y,Y,Y,Y
21f1b227fff4,남,2006,2016,2016,4,2018,1,N,N,N,N,Y,Y,Y,Y,Y,Y
23c12e9b7060,여,2006,2016,2016,4,2024,1,N,Y,Y,N,Y,Y,Y,Y,Y,Y
25fb9cf0d380,여,2006,2016,2016,4,2019,1,N,Y,N,N,Y,Y,Y,Y,Y,Y
2a0d326cffff,남,2006,2016,2016,4,2018,1,N,N,N,N,Y,Y,Y,Y,Y,Y
2c46cf1d257c,남,2006,2016,2016,4,2026,1,N,Y,Y,Y,Y,Y,Y,Y,Y,Y
37653ea034d3,남,2006,2016,2016,4,2026,1,N,Y,Y,Y,Y,Y,Y,Y,Y,Y
3a3fb5481954,남,2006,2016,2016,4,2017,1,N,N,N,N,Y,Y,Y,Y,Y,Y
3bedd8cb10c8,여,2006,2016,2016,4,2020,1,N,Y,N,N,Y,Y,Y,Y,Y,Y
7886c0578460,남,2006,2016,2016,4,2022,1,N,Y,Y,N,Y,Y,Y,Y,Y,Y
8d4f8130264e,남,2006,2016,2016,4,2017,1,N,N,N,N,Y,Y,Y,Y,Y,Y
8d8636df70f2,남,2006,2016,2016,4,2020,1,N,Y,N,N,Y,Y,Y,Y,Y,Y
8f4bacd8e332,여,2006,2016,2016,4,2018,1,N,N,N,N,Y,Y,Y,Y,Y,Y
b4ee5650642f,남,2006,2016,2016,4,2018,1,N,N,N,N,Y,Y,Y,Y,Y,Y
c346076a8c65,여,2006,2016,2016,4,2024,1,N,Y,Y,N,Y,Y,Y,Y,Y,Y
c6517e79afe0,여,2006,2016,2016,4,2026,1,N,Y,Y,Y,Y,Y,Y,Y,Y,Y
d50f209f4e38,여,2006,2016,2016,4,2020,1,N,Y,N,N,Y,Y,Y,Y,Y,Y
02e2aa52f9ee,남,2005,2016,2016,5,2018,1,N,Y,N,N,Y,Y,Y,Y,Y,Y
2e86127057c0,남,2005,2016,2016,5,2019,1,N,Y,N,N,Y,Y,Y,Y,Y,Y
347591aff7c4,남,2005,2016,2016,5,2017,1,N,N,N,N,Y,Y,Y,Y,Y,Y
3a6a5a64b930,남,2005,2016,2016,5,2026,1,N,Y,Y,Y,Y,Y,Y,Y,Y,Y
65d806e2eb77,남,2005,2016,2016,5,2024,1,N,Y,Y,Y,Y,Y,Y,Y,Y,Y
7224895b6689,남,2005,2017,2016,5,2018,1,N,Y,N,N,Y,Y,Y,Y,Y,Y
b9fb5676d9c0,여,2005,2016,2016,5,2025,1,N,Y,Y,Y,Y,Y,Y,Y,Y,Y
bedd8a47f349,남,2005,2017,2016,5,2017,1,N,N,N,N,Y,Y,Y,Y,Y,Y
c4fffaf03c91,남,2005,2016,2016,5,2018,1,N,Y,N,N,Y,Y,Y,Y,Y,Y
d8aeb3c5bfd2,여,2005,2017,2016,5,2020,1,N,Y,N,N,Y,Y,Y,Y,Y,Y
edb7716ac8af,여,2005,2017,2016,5,2025,1,N,Y,Y,Y,Y,Y,Y,Y,Y,Y
18657920a677,여,2004,2017,2016,6,2017,1,N,Y,N,N,Y,Y,Y,Y,Y,Y
22c4395662f0,여,2004,2016,2016,6,2018,1,N,Y,N,N,Y,Y,Y,Y,Y,Y
29307a930b64,여,2004,2016,2016,6,2020,1,N,Y,Y,N,Y,Y,Y,Y,Y,Y
58418ba38085,남,2004,2016,2016,6,2022,1,N,Y,Y,N,Y,Y,Y,Y,Y,Y
7983c2463edc,여,2004,2017,2016,6,2017,1,N,Y,N,N,Y,Y,Y,Y,Y,Y
c7cea8aae72e,여,2004,2016,2016,6,2024,1,N,Y,Y,Y,Y,Y,Y,Y,Y,Y
d6be78d1e42a,남,2004,2017,2016,6,2023,1,N,Y,Y,Y,Y,Y,Y,Y,Y,Y
da8559996b5f,남,2004,2016,2016,6,2020,1,N,Y,Y,N,Y,Y,Y,Y,Y,Y
f22d80da94c5,남,2004,2016,2016,6,2026,1,N,Y,Y,Y,Y,Y,Y,Y,Y,Y
333f0fd3030f,여,2003,2016,2016,7,2019,1,N,Y,Y,N,Y,Y,Y,Y,Y,Y
3c6cd8dd118a,남,2003,2016,2016,7,2020,1,N,Y,Y,N,Y,Y,Y,Y,Y,Y
53e87fe20484,남,2003,2016,2016,7,2026,1,N,Y,Y,Y,Y,Y,Y,Y,Y,Y
59e668901ece,남,2003,2016,2016,7,2017,1,N,Y,N,N,Y,Y,Y,Y,Y,Y
7331b02e6521,남,2003,2016,2016,7,2022,1,N,Y,Y,Y,Y,Y,Y,Y,Y,Y
83ced91451ec,여,2003,2016,2016,7,2018,1,N,Y,N,N,Y,Y,Y,Y,Y,Y
c0ec766e62d3,남,2003,2016,2016,7,2020,1,N,Y,Y,N,Y,Y,Y,Y,Y,Y
d68b66341589,남,2003,2016,2016,7,2020,1,N,Y,Y,N,Y,Y,Y,Y,Y,Y
5f32c0914693,여,2002,2016,2016,8,2017,1,N,Y,N,N,Y,Y,Y,Y,Y,Y
b87b3e0e8d1f,여,2002,2016,2016,8,2019,1,N,Y,Y,N,Y,Y,Y,Y,Y,Y
308f73e06b7d,여,2001,2016,2016,9,2018,1,N,Y,Y,N,Y,Y,Y,Y,Y,Y
53d0fd32bf26,남,2001,2016,2016,9,2021,1,N,Y,Y,Y,Y,Y,Y,Y,Y,Y
eea04db8fc3f,여,2001,2017,2016,9,2020,1,N,Y,Y,Y,Y,Y,Y,Y,Y,Y
a9fc4b5978c9,남,1999,2016,2016,11,2017,1,N,Y,Y,N,Y,Y,Y,Y,Y,Y
07d9b3e2cade,남,1998,2016,2016,12,2021,1,N,Y,Y,Y,Y,Y,Y,Y,Y,Y
5d5457057f8a,남,1998,2016,2016,12,2018,1,N,Y,Y,Y,Y,Y,Y,Y,Y,Y
d922b1eedf3c,남,1998,2016,2016,12,2018,1,N,Y,Y,Y,Y,Y,Y,Y,Y,Y
1b75ad970c08,남,1997,2016,2016,13,2022,1,N,Y,Y,Y,Y,Y,Y,Y,Y,Y
23a5df22cfb8,남,1997,2016,2016,13,2024,1,N,Y,Y,Y,Y,Y,Y,Y,Y,Y
40793898b08e,남,1997,2016,2016,13,2024,1,N,Y,Y,Y,Y,Y,Y,Y,Y,Y
37cfdb33c608,남,1996,2016,2016,14,2016,1,N,Y,Y,Y,Y,Y,Y,Y,Y,Y
8f698e2869ae,남,1996,2016,2016,14,2019,1,N,Y,Y,Y,Y,Y,Y,Y,Y,Y
762dd8c1be0d,남,1990,2016,2016,20,2016,1,N,Y,Y,Y,Y,Y,Y,Y,Y,Y
96bc9aaee4e4,남,1985,2017,2016,25,2017,1,N,Y,Y,Y,Y,Y,Y,Y,Y,Y
c11bc920f80b,남,1974,2017,2016,36,2017,1,N,Y,Y,Y,Y,Y,Y,Y,Y,Y
0b1d64e0338c,남,1968,2017,2016,42,2017,1,N,Y,Y,Y,Y,Y,Y,Y,Y,Y
22ce3ebd7efd,남,1953,2017,2016,57,2017,1,N,Y,Y,Y,Y,Y,Y,Y,Y,Y
0f582fa50035,남,2010,2018,2017,1,2020,1,N,N,N,N,Y,N,N,Y,N,N
29a4138c63cb,남,2010,2018,2017,1,2018,1,N,N,N,N,Y,N,N,Y,N,N
3771801f4022,여,2010,2017,2017,1,2023,1,N,Y,N,N,Y,N,N,Y,N,N
555db47f1e2e,남,2010,2017,2017,1,2017,1,N,N,N,N,Y,N,N,Y,N,N
63db10152c9e,여,2010,2017,2017,1,2023,1,N,Y,N,N,Y,N,N,Y,N,N
cf7259007af6,남,2010,2017,2017,1,2026,1,N,Y,Y,N,Y,N,N,Y,Y,N
d88567a82252,남,2010,2017,2017,1,2017,1,N,N,N,N,Y,N,N,Y,N,N
fa4291494792,여,2010,2017,2017,1,2019,1,N,N,N,N,Y,N,N,Y,N,N
fb94cb00a5c7,남,2010,2017,2017,1,2020,1,N,N,N,N,Y,N,N,Y,N,N
3bd94fbc5a76,여,2009,2017,2017,2,2022,1,N,Y,N,N,Y,Y,N,Y,Y,N
4ea89950c447,남,2009,2018,2017,2,2018,1,N,N,N,N,Y,Y,N,Y,Y,N
7599fcb60326,남,2009,2017,2017,2,2019,1,N,N,N,N,Y,Y,N,Y,Y,N
afd5210eab86,남,2009,2017,2017,2,2018,1,N,N,N,N,Y,Y,N,Y,Y,N
b4462f101760,남,2009,2018,2017,2,2022,1,N,Y,N,N,Y,Y,N,Y,Y,N
e7d643456bac,남,2009,2017,2017,2,2017,1,N,N,N,N,Y,Y,N,Y,Y,N
f7bd20575e7c,여,2009,2017,2017,2,2026,1,N,Y,Y,N,Y,Y,N,Y,Y,N
06a1f68b64c8,남,2008,2018,2017,3,2020,1,N,N,N,N,Y,Y,N,Y,Y,N
0cf4462ac657,남,2008,2017,2017,3,2026,1,N,Y,Y,N,Y,Y,N,Y,Y,N
14a17e18da9d,여,2008,2017,2017,3,2022,1,N,Y,N,N,Y,Y,N,Y,Y,N
4a9b72c6415b,남,2008,2017,2017,3,2020,1,N,N,N,N,Y,Y,N,Y,Y,N
4f895cce3378,남,2008,2017,2017,3,2026,1,N,Y,Y,N,Y,Y,N,Y,Y,N
774892825a63,남,2008,2018,2017,3,2026,1,N,Y,Y,N,Y,Y,N,Y,Y,N
7bcef41c7919,남,2008,2017,2017,3,2026,1,N,Y,Y,N,Y,Y,N,Y,Y,N
91d9cc69803e,여,2008,2017,2017,3,2020,1,N,N,N,N,Y,Y,N,Y,Y,N
a040ef3107a1,남,2008,2017,2017,3,2022,1,N,Y,N,N,Y,Y,N,Y,Y,N
d8b4e7c25790,여,2008,2017,2017,3,2022,1,N,Y,N,N,Y,Y,N,Y,Y,N
d9e874308acb,여,2008,2017,2017,3,2026,1,N,Y,Y,N,Y,Y,N,Y,Y,N
02a4a843c02e,남,2007,2017,2017,4,2019,1,N,N,N,N,Y,Y,N,Y,Y,N
0de46d37712e,남,2007,2017,2017,4,2020,1,N,Y,N,N,Y,Y,N,Y,Y,N
2e7a0aab7956,여,2007,2017,2017,4,2026,1,N,Y,Y,Y,Y,Y,N,Y,Y,Y
5800fadae4ff,여,2007,2017,2017,4,2019,1,N,N,N,N,Y,Y,N,Y,Y,N
62eb10bcec3b,남,2007,2017,2017,4,2019,1,N,N,N,N,Y,Y,N,Y,Y,N
6b18c49592fb,여,2007,2017,2017,4,2020,1,N,Y,N,N,Y,Y,N,Y,Y,N
6c6001903f27,남,2007,2017,2017,4,2018,1,N,N,N,N,Y,Y,N,Y,Y,N
7682a4ba1353,남,2007,2018,2017,4,2022,1,N,Y,N,N,Y,Y,N,Y,Y,N
8b5a5a1dd231,남,2007,2017,2017,4,2020,1,N,Y,N,N,Y,Y,N,Y,Y,N
aff7a2436fa2,남,2007,2017,2017,4,2018,1,N,N,N,N,Y,Y,N,Y,Y,N
b761821ce5f1,남,2007,2017,2017,4,2026,1,N,Y,Y,Y,Y,Y,N,Y,Y,Y
d26b25a1b205,여,2007,2017,2017,4,2019,1,N,N,N,N,Y,Y,N,Y,Y,N
d3faafdd70b9,남,2007,2017,2017,4,2017,1,N,N,N,N,Y,Y,N,Y,Y,N
ddc529144693,여,2007,2017,2017,4,2019,1,N,N,N,N,Y,Y,N,Y,Y,N
dfa0e3b68789,남,2007,2017,2017,4,2019,1,N,N,N,N,Y,Y,N,Y,Y,N
eef9149d6be8,남,2007,2017,2017,4,2020,1,N,Y,N,N,Y,Y,N,Y,Y,N
f1c67ea3b4aa,여,2007,2017,2017,4,2018,1,N,N,N,N,Y,Y,N,Y,Y,N
fa15c2498b0c,남,2007,2017,2017,4,2020,1,N,Y,N,N,Y,Y,N,Y,Y,N
2f5876f49425,여,2006,2018,2017,5,2020,1,N,Y,N,N,Y,Y,Y,Y,Y,Y
57fea5d7f235,여,2006,2017,2017,5,2020,1,N,Y,N,N,Y,Y,Y,Y,Y,Y
8910573d2676,여,2006,2017,2017,5,2019,1,N,Y,N,N,Y,Y,Y,Y,Y,Y
0ab7dff2dd81,여,2005,2017,2017,6,2018,1,N,Y,N,N,Y,Y,Y,Y,Y,Y
3c3dd16e8c6d,여,2005,2017,2017,6,2017,1,N,N,N,N,Y,Y,Y,Y,Y,Y
48ccf52edfd4,여,2005,2017,2017,6,2026,1,N,Y,Y,Y,Y,Y,Y,Y,Y,Y
a299d04c9dca,여,2005,2017,2017,6,2019,1,N,Y,N,N,Y,Y,Y,Y,Y,Y
a71c2bf05cc5,여,2005,2017,2017,6,2018,1,N,Y,N,N,Y,Y,Y,Y,Y,Y
a9a5507b44e5,남,2005,2017,2017,6,2020,1,N,Y,N,N,Y,Y,Y,Y,Y,Y
b13c10ab1f4a,여,2005,2017,2017,6,2019,1,N,Y,N,N,Y,Y,Y,Y,Y,Y
cfd7ca90c85e,남,2005,2017,2017,6,2019,1,N,Y,N,N,Y,Y,Y,Y,Y,Y
d539912e8112,남,2005,2017,2017,6,2021,1,N,Y,Y,N,Y,Y,Y,Y,Y,Y
dc092a8ec0ef,남,2005,2017,2017,6,2023,1,N,Y,Y,N,Y,Y,Y,Y,Y,Y
de230c5e4502,여,2005,2017,2017,6,2017,1,N,N,N,N,Y,Y,Y,Y,Y,Y
e669472069da,남,2005,2017,2017,6,2020,1,N,Y,N,N,Y,Y,Y,Y,Y,Y
0e555532cf0b,여,2004,2017,2017,7,2020,1,N,Y,Y,N,Y,Y,Y,Y,Y,Y
5740ab030bcc,남,2003,2018,2017,8,2018,1,N,Y,N,N,Y,Y,Y,Y,Y,Y
3f5ac571de4c,여,2002,2017,2017,9,2020,1,N,Y,Y,N,Y,Y,Y,Y,Y,Y
4b2f5342f081,여,2002,2018,2017,9,2019,1,N,Y,Y,N,Y,Y,Y,Y,Y,Y
a54ffc97d962,남,2002,2017,2017,9,2020,1,N,Y,Y,N,Y,Y,Y,Y,Y,Y
f1b0960f93af,여,2001,2017,2017,10,2018,1,N,Y,Y,N,Y,Y,Y,Y,Y,Y
a38c13351511,여,2000,2018,2017,11,2018,1,N,Y,Y,N,Y,Y,Y,Y,Y,Y
0272e3dc57f0,남,1975,2018,2017,36,2018,1,N,Y,Y,Y,Y,Y,Y,Y,Y,Y
caf112cd8e6b,남,1970,2018,2017,41,2018,1,N,Y,Y,Y,Y,Y,Y,Y,Y,Y
3921a6f00ce3,남,1965,2018,2017,46,2018,1,N,Y,Y,Y,Y,Y,Y,Y,Y,Y
5c435cfdfec6,남,2011,2018,2018,1,2019,1,N,N,N,N,Y,N,N,Y,N,N
6caab414d3b5,남,2011,2019,2018,1,2019,1,N,N,N,N,Y,N,N,Y,N,N
99a88579c002,여,2011,2019,2018,1,2025,1,N,Y,N,N,Y,N,N,Y,N,N
138a16334fb4,남,2010,2018,2018,2,2025,1,N,Y,N,N,Y,N,N,Y,N,N
290a779c2d74,여,2010,2018,2018,2,2023,1,N,Y,N,N,Y,N,N,Y,N,N
4e81cdc8ee08,남,2010,2018,2018,2,2018,1,N,N,N,N,Y,N,N,Y,N,N
4eaadb04685a,남,2010,2018,2018,2,2020,1,N,N,N,N,Y,N,N,Y,N,N
59eff099283c,남,2010,2019,2018,2,2026,1,N,Y,Y,N,Y,N,N,Y,Y,N
783498b63937,남,2010,2019,2018,2,2026,1,N,Y,Y,N,Y,N,N,Y,Y,N
8815347c524d,남,2010,2019,2018,2,2026,1,N,Y,Y,N,Y,N,N,Y,Y,N
8ec8582847e8,여,2010,2018,2018,2,2022,1,N,N,N,N,Y,N,N,Y,N,N
c616ae81f421,여,2010,2018,2018,2,2026,1,N,Y,Y,N,Y,N,N,Y,Y,N
cb820612d8cf,남,2010,2018,2018,2,2020,1,N,N,N,N,Y,N,N,Y,N,N
f447b677aeb2,남,2010,2018,2018,2,2019,1,N,N,N,N,Y,N,N,Y,N,N
29442819f934,남,2009,2018,2018,3,2025,1,N,Y,Y,N,Y,Y,N,Y,Y,N
2c27663d5bca,남,2009,2018,2018,3,2020,1,N,N,N,N,Y,Y,N,Y,Y,N
3588a6c7598b,여,2009,2018,2018,3,2020,1,N,N,N,N,Y,Y,N,Y,Y,N
538e03971754,여,2009,2018,2018,3,2018,1,N,N,N,N,Y,Y,N,Y,Y,N
7e80c50a8902,여,2009,2018,2018,3,2018,1,N,N,N,N,Y,Y,N,Y,Y,N
ab84c20e2d56,여,2009,2019,2018,3,2024,1,N,Y,N,N,Y,Y,N,Y,Y,N
ab8fdf4add44,남,2009,2018,2018,3,2026,1,N,Y,Y,N,Y,Y,N,Y,Y,N
b20fc1b1e52f,여,2009,2019,2018,3,2022,1,N,Y,N,N,Y,Y,N,Y,Y,N
c155dbc1f57a,남,2009,2018,2018,3,2026,1,N,Y,Y,N,Y,Y,N,Y,Y,N
c18afd65dc2c,남,2009,2018,2018,3,2020,1,N,N,N,N,Y,Y,N,Y,Y,N
e1912baafc95,여,2009,2018,2018,3,2022,1,N,Y,N,N,Y,Y,N,Y,Y,N
e5228e00cb25,여,2009,2018,2018,3,2018,1,N,N,N,N,Y,Y,N,Y,Y,N
04386f5a7f38,남,2008,2018,2018,4,2026,1,N,Y,Y,N,Y,Y,N,Y,Y,N
05940adac1aa,남,2008,2018,2018,4,2019,1,N,N,N,N,Y,Y,N,Y,Y,N
09c55747f4e2,남,2008,2018,2018,4,2026,1,N,Y,Y,N,Y,Y,N,Y,Y,N
1619eedbe301,여,2008,2018,2018,4,2026,1,N,Y,Y,N,Y,Y,N,Y,Y,N
1839febe78e2,남,2008,2018,2018,4,2026,1,N,Y,Y,N,Y,Y,N,Y,Y,N
1d86f734093f,남,2008,2018,2018,4,2022,1,N,Y,N,N,Y,Y,N,Y,Y,N
26e910d3b288,여,2008,2018,2018,4,2022,1,N,Y,N,N,Y,Y,N,Y,Y,N
26fa09086642,남,2008,2018,2018,4,2020,1,N,N,N,N,Y,Y,N,Y,Y,N
347355986bec,남,2008,2018,2018,4,2026,1,N,Y,Y,N,Y,Y,N,Y,Y,N
3a645b26fe85,여,2008,2018,2018,4,2026,1,N,Y,Y,N,Y,Y,N,Y,Y,N
4de909d9bd68,여,2008,2018,2018,4,2026,1,N,Y,Y,N,Y,Y,N,Y,Y,N
699d71f9893a,여,2008,2018,2018,4,2024,1,N,Y,Y,N,Y,Y,N,Y,Y,N
8886758951e1,여,2008,2018,2018,4,2019,1,N,N,N,N,Y,Y,N,Y,Y,N
974d7c28a0f7,여,2008,2018,2018,4,2025,1,N,Y,Y,N,Y,Y,N,Y,Y,N
afd33403c291,남,2008,2018,2018,4,2019,1,N,N,N,N,Y,Y,N,Y,Y,N
b02a98c2d51e,여,2008,2018,2018,4,2026,1,N,Y,Y,N,Y,Y,N,Y,Y,N
b8bf145f0996,남,2008,2018,2018,4,2019,1,N,N,N,N,Y,Y,N,Y,Y,N
cddfbc9a0078,여,2008,2018,2018,4,2026,1,N,Y,Y,N,Y,Y,N,Y,Y,N
d2ef954fbebc,남,2008,2018,2018,4,2026,1,N,Y,Y,N,Y,Y,N,Y,Y,N
d4c0d967f8ad,여,2008,2018,2018,4,2026,1,N,Y,Y,N,Y,Y,N,Y,Y,N
d4cc8549f7d7,남,2008,2019,2018,4,2019,1,N,N,N,N,Y,Y,N,Y,Y,N
fa1333859694,남,2008,2018,2018,4,2026,1,N,Y,Y,N,Y,Y,N,Y,Y,N
fbf3ff5bed8a,남,2008,2018,2018,4,2026,1,N,Y,Y,N,Y,Y,N,Y,Y,N
fe545ef7b40a,여,2008,2018,2018,4,2026,1,N,Y,Y,N,Y,Y,N,Y,Y,N
0e72372ff945,여,2007,2018,2018,5,2021,1,N,Y,N,N,Y,Y,N,Y,Y,N
125aa3c2eee7,남,2007,2018,2018,5,2020,1,N,Y,N,N,Y,Y,N,Y,Y,N
28d888308d6a,여,2007,2018,2018,5,2026,1,N,Y,Y,Y,Y,Y,N,Y,Y,Y
2e45b697314b,여,2007,2018,2018,5,2020,1,N,Y,N,N,Y,Y,N,Y,Y,N
3ea8c0d38926,남,2007,2018,2018,5,2025,1,N,Y,Y,N,Y,Y,N,Y,Y,N
447334c61026,여,2007,2019,2018,5,2019,1,N,N,N,N,Y,Y,N,Y,Y,N
49229ae50147,여,2007,2018,2018,5,2026,1,N,Y,Y,Y,Y,Y,N,Y,Y,Y
9ce1b931f372,남,2007,2018,2018,5,2020,1,N,Y,N,N,Y,Y,N,Y,Y,N
9eb7d8edc89f,남,2007,2018,2018,5,2025,1,N,Y,Y,N,Y,Y,N,Y,Y,N
ac52eaedefcd,여,2007,2018,2018,5,2026,1,N,Y,Y,Y,Y,Y,N,Y,Y,Y
b35b483035fd,남,2007,2019,2018,5,2026,1,N,Y,Y,Y,Y,Y,N,Y,Y,Y
b769baf07269,남,2007,2018,2018,5,2020,1,N,Y,N,N,Y,Y,N,Y,Y,N
d88e5cc057ad,여,2007,2018,2018,5,2026,1,N,Y,Y,Y,Y,Y,N,Y,Y,Y
da43cc039eb5,여,2007,2018,2018,5,2021,1,N,Y,N,N,Y,Y,N,Y,Y,N
e6d5ca2fe35a,여,2007,2018,2018,5,2026,1,N,Y,Y,Y,Y,Y,N,Y,Y,Y
ed62dfb93983,여,2007,2019,2018,5,2019,1,N,N,N,N,Y,Y,N,Y,Y,N
118652fcd85c,여,2006,2018,2018,6,2020,1,N,Y,N,N,Y,Y,Y,Y,Y,Y
3bc8fa847760,남,2006,2018,2018,6,2019,1,N,Y,N,N,Y,Y,Y,Y,Y,Y
4c27f57219f5,남,2006,2018,2018,6,2024,1,N,Y,Y,N,Y,Y,Y,Y,Y,Y
53c5b47c0a2a,남,2006,2018,2018,6,2020,1,N,Y,N,N,Y,Y,Y,Y,Y,Y
5cf18822da66,남,2006,2018,2018,6,2025,1,N,Y,Y,Y,Y,Y,Y,Y,Y,Y
5d6cf45bcecb,남,2006,2018,2018,6,2026,1,N,Y,Y,Y,Y,Y,Y,Y,Y,Y
a0b51cc17751,여,2006,2018,2018,6,2024,1,N,Y,Y,N,Y,Y,Y,Y,Y,Y
a4290a42ccda,여,2006,2018,2018,6,2019,1,N,Y,N,N,Y,Y,Y,Y,Y,Y
af4280f25442,남,2006,2019,2018,6,2019,1,N,Y,N,N,Y,Y,Y,Y,Y,Y
d408b43bf352,남,2006,2018,2018,6,2019,1,N,Y,N,N,Y,Y,Y,Y,Y,Y
e166910dce4a,여,2006,2018,2018,6,2020,1,N,Y,N,N,Y,Y,Y,Y,Y,Y
e89c982f130a,남,2006,2018,2018,6,2023,1,N,Y,Y,N,Y,Y,Y,Y,Y,Y
e8dade32a3dc,여,2006,2018,2018,6,2023,1,N,Y,Y,N,Y,Y,Y,Y,Y,Y
f954406da362,남,2006,2018,2018,6,2020,1,N,Y,N,N,Y,Y,Y,Y,Y,Y
3bd4e66c4fa2,여,2005,2019,2018,7,2020,1,N,Y,N,N,Y,Y,Y,Y,Y,Y
7e6bedd198e9,남,2005,2018,2018,7,2020,1,N,Y,N,N,Y,Y,Y,Y,Y,Y
610496298856,여,2004,2019,2018,8,2019,1,N,Y,N,N,Y,Y,Y,Y,Y,Y
8fd394e484e9,여,2004,2018,2018,8,2019,1,N,Y,N,N,Y,Y,Y,Y,Y,Y
eb31c336f8c9,남,2004,2018,2018,8,2020,1,N,Y,Y,N,Y,Y,Y,Y,Y,Y
0ac794715ebe,남,2003,2019,2018,9,2020,1,N,Y,Y,N,Y,Y,Y,Y,Y,Y
0b0bf6457fd7,남,2003,2018,2018,9,2018,1,N,Y,N,N,Y,Y,Y,Y,Y,Y
808f736e1107,여,2003,2019,2018,9,2024,1,N,Y,Y,Y,Y,Y,Y,Y,Y,Y
ac2d91cfdee1,남,2003,2018,2018,9,2020,1,N,Y,Y,N,Y,Y,Y,Y,Y,Y
50901ef2fea3,남,2002,2019,2018,10,2025,1,N,Y,Y,Y,Y,Y,Y,Y,Y,Y
a47fb5acff0f,여,2001,2019,2018,11,2019,1,N,Y,Y,N,Y,Y,Y,Y,Y,Y
1d3dfaa24dc9,여,2000,2019,2018,12,2019,1,N,Y,Y,Y,Y,Y,Y,Y,Y,Y
2c28b5461f8b,여,2000,2019,2018,12,2019,1,N,Y,Y,Y,Y,Y,Y,Y,Y,Y
4ce691a84146,남,2012,2019,2019,1,2019,1,N,N,N,N,Y,N,N,Y,N,N
86fa534b67ee,남,2012,2019,2019,1,2022,1,N,N,N,N,Y,N,N,Y,N,N
908dae81514b,남,2012,2019,2019,1,2023,1,N,N,N,N,Y,N,N,Y,N,N
9ed8f69a980c,남,2012,2019,2019,1,2026,1,N,Y,N,N,Y,N,N,Y,N,N
1a03f5049518,남,2011,2019,2019,2,2026,1,N,Y,N,N,Y,N,N,Y,N,N
262c76c8c94d,남,2011,2019,2019,2,2023,1,N,N,N,N,Y,N,N,Y,N,N
493abb9bc998,남,2011,2019,2019,2,2024,1,N,Y,N,N,Y,N,N,Y,N,N
71f0fc6fb19f,남,2011,2019,2019,2,2019,1,N,N,N,N,Y,N,N,Y,N,N
7348b88668e6,남,2011,2019,2019,2,2019,1,N,N,N,N,Y,N,N,Y,N,N
75f5d02152b2,남,2011,2019,2019,2,2026,1,N,Y,N,N,Y,N,N,Y,N,N
781895b5dc37,남,2011,2019,2019,2,2026,1,N,Y,N,N,Y,N,N,Y,N,N
816539253a72,남,2011,2019,2019,2,2019,1,N,N,N,N,Y,N,N,Y,N,N
975e4dfdb143,여,2011,2019,2019,2,2019,1,N,N,N,N,Y,N,N,Y,N,N
b19f4001ab7b,여,2011,2019,2019,2,2026,1,N,Y,N,N,Y,N,N,Y,N,N
b422b5587676,남,2011,2019,2019,2,2026,1,N,Y,N,N,Y,N,N,Y,N,N
c6bdaceaa5c9,여,2011,2019,2019,2,2026,1,N,Y,N,N,Y,N,N,Y,N,N
ce56b4f0e051,남,2011,2019,2019,2,2019,1,N,N,N,N,Y,N,N,Y,N,N
dfe129442cd7,여,2011,2019,2019,2,2026,1,N,Y,N,N,Y,N,N,Y,N,N
e03b75c343df,남,2011,2019,2019,2,2026,1,N,Y,N,N,Y,N,N,Y,N,N
ef06a006cd75,여,2011,2019,2019,2,2022,1,N,N,N,N,Y,N,N,Y,N,N
f4152fa55c4d,남,2011,2019,2019,2,2023,1,N,N,N,N,Y,N,N,Y,N,N
fd8946419227,남,2011,2019,2019,2,2026,1,N,Y,N,N,Y,N,N,Y,N,N
01056e001ef7,남,2010,2019,2019,3,2022,1,N,N,N,N,Y,N,N,Y,N,N
2566c4325a2a,여,2010,2020,2019,3,2020,1,N,N,N,N,Y,N,N,Y,N,N
34b879e373ee,여,2010,2020,2019,3,2022,1,N,N,N,N,Y,N,N,Y,N,N
4dd7d705fd6c,남,2010,2019,2019,3,2026,1,N,Y,Y,N,Y,N,N,Y,Y,N
5bc252b8e59a,남,2010,2020,2019,3,2020,1,N,N,N,N,Y,N,N,Y,N,N
689862795a46,남,2010,2019,2019,3,2026,1,N,Y,Y,N,Y,N,N,Y,Y,N
7a9990a361f2,남,2010,2019,2019,3,2019,1,N,N,N,N,Y,N,N,Y,N,N
8b0ca8a04c7a,여,2010,2019,2019,3,2026,1,N,Y,Y,N,Y,N,N,Y,Y,N
b27548ca343a,남,2010,2019,2019,3,2019,1,N,N,N,N,Y,N,N,Y,N,N
b6af10605c4a,남,2010,2019,2019,3,2026,1,N,Y,Y,N,Y,N,N,Y,Y,N
bb9a0da3e797,남,2010,2019,2019,3,2020,1,N,N,N,N,Y,N,N,Y,N,N
e2ec544f388f,남,2010,2019,2019,3,2019,1,N,N,N,N,Y,N,N,Y,N,N
f56467b8cd68,남,2010,2020,2019,3,2020,1,N,N,N,N,Y,N,N,Y,N,N
f7ee4efbc69b,남,2010,2019,2019,3,2024,1,N,Y,N,N,Y,N,N,Y,N,N
fe68ac402077,남,2010,2019,2019,3,2024,1,N,Y,N,N,Y,N,N,Y,N,N
00acbd9601d1,여,2009,2019,2019,4,2026,1,N,Y,Y,N,Y,Y,N,Y,Y,N
073257bbb042,여,2009,2019,2019,4,2020,1,N,N,N,N,Y,Y,N,Y,Y,N
0db761b6e87b,여,2009,2019,2019,4,2020,1,N,N,N,N,Y,Y,N,Y,Y,N
208e52da1f63,남,2009,2019,2019,4,2026,1,N,Y,Y,N,Y,Y,N,Y,Y,N
341ba5941e18,남,2009,2020,2019,4,2020,1,N,N,N,N,Y,Y,N,Y,Y,N
3f5a14b081de,여,2009,2019,2019,4,2019,1,N,N,N,N,Y,Y,N,Y,Y,N
4eb96e5d2708,남,2009,2019,2019,4,2026,1,N,Y,Y,N,Y,Y,N,Y,Y,N
4ed3d1e6f22a,여,2009,2019,2019,4,2024,1,N,Y,N,N,Y,Y,N,Y,Y,N
6a1ee142573a,남,2009,2019,2019,4,2026,1,N,Y,Y,N,Y,Y,N,Y,Y,N
6d785cb1e276,남,2009,2019,2019,4,2020,1,N,N,N,N,Y,Y,N,Y,Y,N
7f08a553abe6,여,2009,2019,2019,4,2019,1,N,N,N,N,Y,Y,N,Y,Y,N
89c19685d3a5,남,2009,2019,2019,4,2026,1,N,Y,Y,N,Y,Y,N,Y,Y,N
92e683c0b1ab,남,2009,2019,2019,4,2020,1,N,N,N,N,Y,Y,N,Y,Y,N
9f20dc23b98e,여,2009,2019,2019,4,2019,1,N,N,N,N,Y,Y,N,Y,Y,N
afb9b9a19d71,여,2009,2019,2019,4,2025,1,N,Y,Y,N,Y,Y,N,Y,Y,N
b1be767c6aed,여,2009,2019,2019,4,2024,1,N,Y,N,N,Y,Y,N,Y,Y,N
b6ba08a11135,여,2009,2019,2019,4,2026,1,N,Y,Y,N,Y,Y,N,Y,Y,N
d4509fd514c6,여,2009,2019,2019,4,2023,1,N,Y,N,N,Y,Y,N,Y,Y,N
d579e9ab7dbb,여,2009,2019,2019,4,2019,1,N,N,N,N,Y,Y,N,Y,Y,N
dd43ece87bb0,남,2009,2019,2019,4,2022,1,N,Y,N,N,Y,Y,N,Y,Y,N
defdba760e16,여,2009,2019,2019,4,2019,1,N,N,N,N,Y,Y,N,Y,Y,N
e95757919175,남,2009,2019,2019,4,2020,1,N,N,N,N,Y,Y,N,Y,Y,N
ec0056a960a8,남,2009,2019,2019,4,2026,1,N,Y,Y,N,Y,Y,N,Y,Y,N
fe5eedc6998d,여,2009,2019,2019,4,2026,1,N,Y,Y,N,Y,Y,N,Y,Y,N
006257fa91c5,남,2008,2019,2019,5,2024,1,N,Y,Y,N,Y,Y,N,Y,Y,N
12adb198d4d5,여,2008,2019,2019,5,2019,1,N,N,N,N,Y,Y,N,Y,Y,N
15aec51fe947,남,2008,2020,2019,5,2020,1,N,N,N,N,Y,Y,N,Y,Y,N
210f1e8445e1,여,2008,2020,2019,5,2020,1,N,N,N,N,Y,Y,N,Y,Y,N
284e15594677,여,2008,2019,2019,5,2019,1,N,N,N,N,Y,Y,N,Y,Y,N
39c9affa23f9,여,2008,2019,2019,5,2026,1,N,Y,Y,N,Y,Y,N,Y,Y,N
5752c98d4580,남,2008,2019,2019,5,2020,1,N,N,N,N,Y,Y,N,Y,Y,N
9f3faff9be72,여,2008,2019,2019,5,2019,1,N,N,N,N,Y,Y,N,Y,Y,N
a32ea3346685,여,2008,2020,2019,5,2025,1,N,Y,Y,N,Y,Y,N,Y,Y,N
b43ac65fd8f4,남,2008,2020,2019,5,2020,1,N,N,N,N,Y,Y,N,Y,Y,N
bb6473fd28f1,남,2008,2019,2019,5,2021,1,N,Y,N,N,Y,Y,N,Y,Y,N
c9ea200dfdd1,남,2008,2019,2019,5,2024,1,N,Y,Y,N,Y,Y,N,Y,Y,N
d6743c3ad463,여,2008,2019,2019,5,2024,1,N,Y,Y,N,Y,Y,N,Y,Y,N
df00fead1dc2,남,2008,2019,2019,5,2020,1,N,N,N,N,Y,Y,N,Y,Y,N
edff70a0df8f,남,2008,2019,2019,5,2026,1,N,Y,Y,N,Y,Y,N,Y,Y,N
f31352f02fa1,남,2008,2019,2019,5,2025,1,N,Y,Y,N,Y,Y,N,Y,Y,N
0860b6aa59b5,남,2007,2020,2019,6,2020,1,N,Y,N,N,Y,Y,N,Y,Y,N
22c5081170f1,여,2007,2019,2019,6,2019,1,N,N,N,N,Y,Y,N,Y,Y,N
24396606f1da,남,2007,2020,2019,6,2020,1,N,Y,N,N,Y,Y,N,Y,Y,N
258b22e343ae,남,2007,2019,2019,6,2024,1,N,Y,Y,N,Y,Y,N,Y,Y,N
25d6b855be4b,여,2007,2019,2019,6,2020,1,N,Y,N,N,Y,Y,N,Y,Y,N
30c5cc12e5e5,남,2007,2019,2019,6,2023,1,N,Y,Y,N,Y,Y,N,Y,Y,N
351640d9764b,남,2007,2019,2019,6,2026,1,N,Y,Y,Y,Y,Y,N,Y,Y,Y
380e564d823c,남,2007,2019,2019,6,2022,1,N,Y,N,N,Y,Y,N,Y,Y,N
52c0962044f1,남,2007,2019,2019,6,2020,1,N,Y,N,N,Y,Y,N,Y,Y,N
59dc5628721a,여,2007,2019,2019,6,2022,1,N,Y,N,N,Y,Y,N,Y,Y,N
745718330858,남,2007,2019,2019,6,2022,1,N,Y,N,N,Y,Y,N,Y,Y,N
78ad7a2e2d07,남,2007,2020,2019,6,2020,1,N,Y,N,N,Y,Y,N,Y,Y,N
812f8b5b4c78,여,2007,2019,2019,6,2019,1,N,N,N,N,Y,Y,N,Y,Y,N
92a31ec3a07f,남,2007,2019,2019,6,2024,1,N,Y,Y,N,Y,Y,N,Y,Y,N
9366e3efd384,남,2007,2019,2019,6,2024,1,N,Y,Y,N,Y,Y,N,Y,Y,N
9659b564e53d,여,2007,2019,2019,6,2020,1,N,Y,N,N,Y,Y,N,Y,Y,N
a2187bf732eb,남,2007,2019,2019,6,2024,1,N,Y,Y,N,Y,Y,N,Y,Y,N
a49cec2ecad2,여,2007,2019,2019,6,2020,1,N,Y,N,N,Y,Y,N,Y,Y,N
a623bbe508b6,남,2007,2019,2019,6,2020,1,N,Y,N,N,Y,Y,N,Y,Y,N
b831e7281af3,남,2007,2019,2019,6,2019,1,N,N,N,N,Y,Y,N,Y,Y,N
bb09c749b2ed,여,2007,2019,2019,6,2026,1,N,Y,Y,Y,Y,Y,N,Y,Y,Y
cb70c5e09d61,남,2007,2020,2019,6,2020,1,N,Y,N,N,Y,Y,N,Y,Y,N
ce17414cc716,남,2007,2019,2019,6,2019,1,N,N,N,N,Y,Y,N,Y,Y,N
de76cdda89f2,남,2007,2019,2019,6,2026,1,N,Y,Y,Y,Y,Y,N,Y,Y,Y
dfff3e1dfb9e,여,2007,2019,2019,6,2023,1,N,Y,Y,N,Y,Y,N,Y,Y,N
e027f858978e,여,2007,2019,2019,6,2023,1,N,Y,Y,N,Y,Y,N,Y,Y,N
ec76589289c9,여,2007,2019,2019,6,2020,1,N,Y,N,N,Y,Y,N,Y,Y,N
05556f10b7e4,여,2006,2019,2019,7,2026,1,N,Y,Y,Y,Y,Y,Y,Y,Y,Y
6e8f6d9dbc27,남,2006,2019,2019,7,2026,1,N,Y,Y,Y,Y,Y,Y,Y,Y,Y
87775b9d0595,남,2006,2019,2019,7,2019,1,N,Y,N,N,Y,Y,Y,Y,Y,Y
92cbda503019,남,2006,2020,2019,7,2020,1,N,Y,N,N,Y,Y,Y,Y,Y,Y
9d4b7a90e20b,여,2006,2019,2019,7,2024,1,N,Y,Y,N,Y,Y,Y,Y,Y,Y
c212501d9167,남,2006,2020,2019,7,2020,1,N,Y,N,N,Y,Y,Y,Y,Y,Y
e092597d66c0,여,2006,2019,2019,7,2026,1,N,Y,Y,Y,Y,Y,Y,Y,Y,Y
f7c7a65e7b29,남,2006,2019,2019,7,2020,1,N,Y,N,N,Y,Y,Y,Y,Y,Y
0251ca40c1c7,여,2005,2019,2019,8,2022,1,N,Y,Y,N,Y,Y,Y,Y,Y,Y
6000c97ae09b,여,2005,2019,2019,8,2020,1,N,Y,N,N,Y,Y,Y,Y,Y,Y
60f93167710c,여,2005,2019,2019,8,2024,1,N,Y,Y,Y,Y,Y,Y,Y,Y,Y
b3d2b1445f0f,남,2005,2020,2019,8,2022,1,N,Y,Y,N,Y,Y,Y,Y,Y,Y
df2fcef1c0fa,여,2005,2019,2019,8,2020,1,N,Y,N,N,Y,Y,Y,Y,Y,Y
0d6e76f4a3ff,여,2004,2020,2019,9,2022,1,N,Y,Y,N,Y,Y,Y,Y,Y,Y
3373316d3423,남,2004,2019,2019,9,2019,1,N,Y,N,N,Y,Y,Y,Y,Y,Y
757a161b37a7,여,2004,2019,2019,9,2023,1,N,Y,Y,Y,Y,Y,Y,Y,Y,Y
be6a657d494e,남,2003,2019,2019,10,2023,1,N,Y,Y,Y,Y,Y,Y,Y,Y,Y
2c430975e447,남,2000,2020,2019,13,2020,1,N,Y,Y,Y,Y,Y,Y,Y,Y,Y
4d54d9021641,남,1998,2019,2019,15,2023,1,N,Y,Y,Y,Y,Y,Y,Y,Y,Y
42392ffd8d05,여,1996,2020,2019,17,2020,1,N,Y,Y,Y,Y,Y,Y,Y,Y,Y
75b2d4d412d3,남,1984,2020,2019,29,2023,1,N,Y,Y,Y,Y,Y,Y,Y,Y,Y
f5387e08492e,남,1980,2020,2019,33,2020,1,N,Y,Y,Y,Y,Y,Y,Y,Y,Y
dcca80eccb4f,남,1971,2020,2019,42,2023,1,N,Y,Y,Y,Y,Y,Y,Y,Y,Y
1026f92bcb31,여,2013,2020,2020,1,2026,1,N,Y,N,N,N,N,N,Y,N,N
2d3e94a43fab,여,2013,2021,2020,1,2026,1,N,Y,N,N,N,N,N,Y,N,N
31bc88c0dfa7,남,2013,2021,2020,1,2026,1,N,Y,N,N,N,N,N,Y,N,N
daf079f4f7c6,남,2013,2021,2020,1,2026,1,N,Y,N,N,N,N,N,Y,N,N
f319872bbcda,남,2013,2021,2020,1,2026,1,N,Y,N,N,N,N,N,Y,N,N
05506c84b5c0,남,2012,2020,2020,2,2026,1,N,Y,N,N,Y,N,N,Y,N,N
11a836e3d374,남,2012,2021,2020,2,2026,1,N,Y,N,N,Y,N,N,Y,N,N
72f4a8d79bd7,남,2012,2020,2020,2,2021,1,N,N,N,N,Y,N,N,Y,N,N
735d8cc447ac,여,2012,2020,2020,2,2026,1,N,Y,N,N,Y,N,N,Y,N,N
9a8425552d6a,남,2012,2021,2020,2,2021,1,N,N,N,N,Y,N,N,Y,N,N
9d9efc312f5a,남,2012,2020,2020,2,2020,1,N,N,N,N,Y,N,N,Y,N,N
9e9691f963b5,여,2012,2020,2020,2,2026,1,N,Y,N,N,Y,N,N,Y,N,N
a3e6ceef0e4f,여,2012,2020,2020,2,2026,1,N,Y,N,N,Y,N,N,Y,N,N
a74d1464d69d,남,2012,2021,2020,2,2025,1,N,Y,N,N,Y,N,N,Y,N,N
a9d9b15b53ba,여,2012,2020,2020,2,2020,1,N,N,N,N,Y,N,N,Y,N,N
be839f3a0092,남,2012,2021,2020,2,2026,1,N,Y,N,N,Y,N,N,Y,N,N
d60013b04bb3,여,2012,2021,2020,2,2026,1,N,Y,N,N,Y,N,N,Y,N,N
e665f9ad1324,남,2012,2020,2020,2,2021,1,N,N,N,N,Y,N,N,Y,N,N
e85d6f4038c0,여,2012,2020,2020,2,2025,1,N,Y,N,N,Y,N,N,Y,N,N
0f0fd7271c04,남,2011,2020,2020,3,2024,1,N,Y,N,N,Y,N,N,Y,N,N
14d4313fd366,여,2011,2020,2020,3,2026,1,N,Y,N,N,Y,N,N,Y,N,N
2948c412f69c,남,2011,2021,2020,3,2026,1,N,Y,N,N,Y,N,N,Y,N,N
2c6563c5e63c,남,2011,2021,2020,3,2021,1,N,N,N,N,Y,N,N,Y,N,N
2daee764a606,남,2011,2021,2020,3,2020,1,N,N,N,N,Y,N,N,Y,N,N
2eb9eed1198f,남,2011,2020,2020,3,2020,1,N,N,N,N,Y,N,N,Y,N,N
55dffcf02d1a,남,2011,2020,2020,3,2026,1,N,Y,N,N,Y,N,N,Y,N,N
58076c846493,남,2011,2020,2020,3,2021,1,N,N,N,N,Y,N,N,Y,N,N
5b05981e77b5,남,2011,2020,2020,3,2024,1,N,Y,N,N,Y,N,N,Y,N,N
72a90767c572,남,2011,2021,2020,3,2026,1,N,Y,N,N,Y,N,N,Y,N,N
7a129f79642d,남,2011,2020,2020,3,2026,1,N,Y,N,N,Y,N,N,Y,N,N
83858edebf68,남,2011,2021,2020,3,2026,1,N,Y,N,N,Y,N,N,Y,N,N
a363e66c13c0,남,2011,2020,2020,3,2026,1,N,Y,N,N,Y,N,N,Y,N,N
a5c5c29df24a,여,2011,2020,2020,3,2026,1,N,Y,N,N,Y,N,N,Y,N,N
b4b6155ed347,여,2011,2020,2020,3,2023,1,N,N,N,N,Y,N,N,Y,N,N
c369c8724780,남,2011,2021,2020,3,2022,1,N,N,N,N,Y,N,N,Y,N,N
c3831d185360,남,2011,2020,2020,3,2026,1,N,Y,N,N,Y,N,N,Y,N,N
c81771420ea8,여,2011,2021,2020,3,2023,1,N,N,N,N,Y,N,N,Y,N,N
e3214f6631b8,여,2011,2020,2020,3,2025,1,N,Y,N,N,Y,N,N,Y,N,N
f6956093bce7,남,2011,2020,2020,3,2023,1,N,N,N,N,Y,N,N,Y,N,N
02b78970de01,남,2010,2020,2020,4,2026,1,N,Y,Y,N,Y,N,N,Y,Y,N
0f2481c12b45,여,2010,2021,2020,4,2026,1,N,Y,Y,N,Y,N,N,Y,Y,N
224195206fd6,남,2010,2020,2020,4,2026,1,N,Y,Y,N,Y,N,N,Y,Y,N
3eebf85cd6ca,여,2010,2020,2020,4,2024,1,N,Y,N,N,Y,N,N,Y,N,N
418c30a6926b,여,2010,2021,2020,4,2024,1,N,Y,N,N,Y,N,N,Y,N,N
5c95bcfe8ca4,여,2010,2020,2020,4,2026,1,N,Y,Y,N,Y,N,N,Y,Y,N
63caafae5f6e,남,2010,2020,2020,4,2026,1,N,Y,Y,N,Y,N,N,Y,Y,N
68770bb4d8c5,여,2010,2020,2020,4,2020,1,N,N,N,N,Y,N,N,Y,N,N
6a6ca62dea84,여,2010,2020,2020,4,2026,1,N,Y,Y,N,Y,N,N,Y,Y,N
6b49ccefbf06,여,2010,2020,2020,4,2026,1,N,Y,Y,N,Y,N,N,Y,Y,N
6ed72b8bf745,여,2010,2020,2020,4,2026,1,N,Y,Y,N,Y,N,N,Y,Y,N
7aa207dab581,여,2010,2021,2020,4,2026,1,N,Y,Y,N,Y,N,N,Y,Y,N
86b76272a648,남,2010,2020,2020,4,2020,1,N,N,N,N,Y,N,N,Y,N,N
8cc3153ca83e,남,2010,2020,2020,4,2026,1,N,Y,Y,N,Y,N,N,Y,Y,N
981c220407bb,남,2010,2020,2020,4,2020,1,N,N,N,N,Y,N,N,Y,N,N
bba72da500e1,남,2010,2020,2020,4,2026,1,N,Y,Y,N,Y,N,N,Y,Y,N
bd5b5baf6deb,여,2010,2020,2020,4,2023,1,N,Y,N,N,Y,N,N,Y,N,N
c8d1cdeb3082,남,2010,2020,2020,4,2026,1,N,Y,Y,N,Y,N,N,Y,Y,N
cb4e1d6f09d4,여,2010,2020,2020,4,2020,1,N,N,N,N,Y,N,N,Y,N,N
f149426aa2c5,남,2010,2020,2020,4,2022,1,N,N,N,N,Y,N,N,Y,N,N
f76bfb2ed250,남,2010,2020,2020,4,2020,1,N,N,N,N,Y,N,N,Y,N,N
030f43d05649,여,2009,2021,2020,5,2025,1,N,Y,Y,N,Y,Y,N,Y,Y,N
0d83b926bbdc,여,2009,2021,2020,5,2022,1,N,Y,N,N,Y,Y,N,Y,Y,N
118d346ca624,남,2009,2020,2020,5,2020,1,N,N,N,N,Y,Y,N,Y,Y,N
35a3cf3eca23,여,2009,2021,2020,5,2020,1,N,N,N,N,Y,Y,N,Y,Y,N
3777e13862ff,여,2009,2020,2020,5,2026,1,N,Y,Y,N,Y,Y,N,Y,Y,N
3ac6e70cce45,남,2009,2020,2020,5,2020,1,N,N,N,N,Y,Y,N,Y,Y,N
649418d5da42,여,2009,2020,2020,5,2026,1,N,Y,Y,N,Y,Y,N,Y,Y,N
86a6367976fa,여,2009,2020,2020,5,2020,1,N,N,N,N,Y,Y,N,Y,Y,N
8c36a537cd20,남,2009,2021,2020,5,2024,1,N,Y,N,N,Y,Y,N,Y,Y,N
9397b110f4c3,남,2009,2020,2020,5,2020,1,N,N,N,N,Y,Y,N,Y,Y,N
a54eedebac80,남,2009,2021,2020,5,2023,1,N,Y,N,N,Y,Y,N,Y,Y,N
a8db8c51ebd6,여,2009,2020,2020,5,2026,1,N,Y,Y,N,Y,Y,N,Y,Y,N
aa72b62902a5,남,2009,2020,2020,5,2024,1,N,Y,N,N,Y,Y,N,Y,Y,N
bedb4b00c460,여,2009,2020,2020,5,2025,1,N,Y,Y,N,Y,Y,N,Y,Y,N
c2c8b46ac9e8,남,2009,2020,2020,5,2026,1,N,Y,Y,N,Y,Y,N,Y,Y,N
de856cd6a5e8,남,2009,2021,2020,5,2025,1,N,Y,Y,N,Y,Y,N,Y,Y,N
fe7b2a8bf2e8,여,2009,2020,2020,5,2023,1,N,Y,N,N,Y,Y,N,Y,Y,N
0978740c413c,남,2008,2021,2020,6,2025,1,N,Y,Y,N,Y,Y,N,Y,Y,N
1ccf5cb96e86,남,2008,2020,2020,6,2026,1,N,Y,Y,N,Y,Y,N,Y,Y,N
320c4c1a0032,남,2008,2020,2020,6,2023,1,N,Y,N,N,Y,Y,N,Y,Y,N
364aa9a98d93,여,2008,2020,2020,6,2021,1,N,Y,N,N,Y,Y,N,Y,Y,N
5054028f8e78,여,2008,2020,2020,6,2024,1,N,Y,Y,N,Y,Y,N,Y,Y,N
740db73bc336,여,2008,2021,2020,6,2023,1,N,Y,N,N,Y,Y,N,Y,Y,N
9a1324e83814,여,2008,2020,2020,6,2022,1,N,Y,N,N,Y,Y,N,Y,Y,N
c38d698bcab8,여,2008,2020,2020,6,2024,1,N,Y,Y,N,Y,Y,N,Y,Y,N
d8a1efa97274,남,2008,2020,2020,6,2025,1,N,Y,Y,N,Y,Y,N,Y,Y,N
d9c4091972fe,남,2008,2020,2020,6,2025,1,N,Y,Y,N,Y,Y,N,Y,Y,N
69dee89a8f97,여,2007,2020,2020,7,2020,1,N,Y,N,N,Y,Y,N,Y,Y,N
c37b4ddd75b9,여,2007,2020,2020,7,2024,1,N,Y,Y,N,Y,Y,N,Y,Y,N
c74233fbb62b,남,2007,2020,2020,7,2020,1,N,Y,N,N,Y,Y,N,Y,Y,N
d7cad95610a1,여,2007,2020,2020,7,2023,1,N,Y,Y,N,Y,Y,N,Y,Y,N
75c457dd2269,남,2006,2020,2020,8,2025,1,N,Y,Y,Y,Y,Y,Y,Y,Y,Y
a28462783741,여,2005,2020,2020,9,2021,1,N,Y,Y,N,Y,Y,Y,Y,Y,Y
27439efce170,남,2014,2022,2021,1,2026,1,N,N,N,N,N,N,N,N,N,N
5cc1ca644994,여,2014,2021,2021,1,2023,1,N,N,N,N,N,N,N,N,N,N
d15c239efda3,여,2014,2021,2021,1,2025,1,N,N,N,N,N,N,N,N,N,N
dfe31cc2f869,여,2014,2021,2021,1,2026,1,N,N,N,N,N,N,N,N,N,N
f11d47ded0ae,남,2014,2022,2021,1,2025,1,N,N,N,N,N,N,N,N,N,N
11e51593e347,여,2013,2021,2021,2,2023,1,N,N,N,N,N,N,N,N,N,N
418cb84da970,남,2013,2021,2021,2,2024,1,N,N,N,N,N,N,N,N,N,N
51c74e362d0b,남,2013,2021,2021,2,2023,1,N,N,N,N,N,N,N,N,N,N
7bb4d1ca9a4f,남,2013,2021,2021,2,2021,1,N,N,N,N,N,N,N,N,N,N
86f64b8b7c43,남,2013,2021,2021,2,2023,1,N,N,N,N,N,N,N,N,N,N
8cb0d2b57d5d,남,2013,2021,2021,2,2022,1,N,N,N,N,N,N,N,N,N,N
be081b048efe,남,2013,2021,2021,2,2025,1,N,N,N,N,N,N,N,N,N,N
ca82db7b607b,여,2013,2021,2021,2,2026,1,N,Y,N,N,N,N,N,Y,N,N
d238fd9bf9ed,여,2013,2021,2021,2,2026,1,N,Y,N,N,N,N,N,Y,N,N
deb4ac10aeb9,남,2013,2021,2021,2,2026,1,N,Y,N,N,N,N,N,Y,N,N
fa163df460a1,여,2013,2021,2021,2,2024,1,N,N,N,N,N,N,N,N,N,N
094ad6ade705,남,2012,2021,2021,3,2024,1,N,N,N,N,Y,N,N,Y,N,N
3216e9afccbe,여,2012,2021,2021,3,2021,1,N,N,N,N,Y,N,N,Y,N,N
6145e7152ddf,여,2012,2021,2021,3,2024,1,N,N,N,N,Y,N,N,Y,N,N
8d411f62e728,남,2012,2021,2021,3,2026,1,N,Y,N,N,Y,N,N,Y,N,N
b356cda0a1d4,남,2012,2021,2021,3,2024,1,N,N,N,N,Y,N,N,Y,N,N
b6ec95557f63,남,2012,2021,2021,3,2023,1,N,N,N,N,Y,N,N,Y,N,N
eaf5f9ec7a00,남,2012,2022,2021,3,2022,1,N,N,N,N,Y,N,N,Y,N,N
00b37e1d60f9,여,2011,2021,2021,4,2026,1,N,Y,N,N,Y,N,N,Y,N,N
389deced1b8c,여,2011,2021,2021,4,2026,1,N,Y,N,N,Y,N,N,Y,N,N
5596ace9559b,남,2011,2022,2021,4,2021,1,N,N,N,N,Y,N,N,Y,N,N
8b3c37edc028,여,2011,2022,2021,4,2026,1,N,Y,N,N,Y,N,N,Y,N,N
a201e5927d46,남,2011,2022,2021,4,2022,1,N,N,N,N,Y,N,N,Y,N,N
00d15c066e19,남,2010,2021,2021,5,2025,1,N,Y,N,N,Y,N,N,Y,N,N
0c3c0c1621f4,여,2010,2021,2021,5,2026,1,N,Y,Y,N,Y,N,N,Y,Y,N
4d480e3191c4,남,2010,2021,2021,5,2026,1,N,Y,Y,N,Y,N,N,Y,Y,N
57d7855cead2,남,2010,2021,2021,5,2024,1,N,Y,N,N,Y,N,N,Y,N,N
90e188e096c2,남,2010,2021,2021,5,2025,1,N,Y,N,N,Y,N,N,Y,N,N
b3bdb09ee34b,남,2010,2021,2021,5,2025,1,N,Y,N,N,Y,N,N,Y,N,N
f07d0104c4dd,여,2010,2022,2021,5,2024,1,N,Y,N,N,Y,N,N,Y,N,N
f5441ee3475e,여,2010,2022,2021,5,2023,1,N,Y,N,N,Y,N,N,Y,N,N
d161edfa2637,남,2009,2021,2021,6,2026,1,N,Y,Y,N,Y,Y,N,Y,Y,N
e23c8f9be364,여,2009,2022,2021,6,2026,1,N,Y,Y,N,Y,Y,N,Y,Y,N
91708e2353e4,남,2008,2021,2021,7,2021,1,N,Y,N,N,Y,Y,N,Y,Y,N
4b5373f11c97,여,2007,2021,2021,8,2022,1,N,Y,N,N,Y,Y,N,Y,Y,N
624bac6b6dd0,남,2007,2021,2021,8,2026,1,N,Y,Y,Y,Y,Y,N,Y,Y,Y
7c8198137902,남,2007,2022,2021,8,2022,1,N,Y,N,N,Y,Y,N,Y,Y,N
a47337dcdbe5,여,2007,2021,2021,8,2022,1,N,Y,N,N,Y,Y,N,Y,Y,N
bf8e7e903373,남,2006,2022,2021,9,2022,1,N,Y,Y,N,Y,Y,Y,Y,Y,Y
015806c84cab,남,2005,2021,2021,10,2023,1,N,Y,Y,N,Y,Y,Y,Y,Y,Y
90e065ac5bdb,남,1980,2022,2021,35,2023,1,N,Y,Y,Y,Y,Y,Y,Y,Y,Y
2d4e5da5a632,남,2014,2022,2022,2,2024,1,N,N,N,N,N,N,N,N,N,N
377b9bf118e4,여,2014,2022,2022,2,2026,1,N,N,N,N,N,N,N,N,N,N
39f95a246be3,남,2014,2022,2022,2,2024,1,N,N,N,N,N,N,N,N,N,N
4f0b40aa3052,남,2014,2022,2022,2,2026,1,N,N,N,N,N,N,N,N,N,N
5358121e28c0,여,2014,2022,2022,2,2023,1,N,N,N,N,N,N,N,N,N,N
55303d1b64d9,남,2014,2022,2022,2,2026,1,N,N,N,N,N,N,N,N,N,N
5c6fd82c9489,여,2014,2022,2022,2,2026,1,N,N,N,N,N,N,N,N,N,N
69ee22c9f4c8,남,2014,2022,2022,2,2022,1,N,N,N,N,N,N,N,N,N,N
701172186227,남,2014,2022,2022,2,2026,1,N,N,N,N,N,N,N,N,N,N
7513985c2bc2,남,2014,2022,2022,2,2026,1,N,N,N,N,N,N,N,N,N,N
a7161f4a8bbc,남,2014,2022,2022,2,2022,1,N,N,N,N,N,N,N,N,N,N
e5dd1dac58d1,남,2014,2022,2022,2,2022,1,N,N,N,N,N,N,N,N,N,N
ea52d25b50bf,남,2014,2022,2022,2,2026,1,N,N,N,N,N,N,N,N,N,N
08aabf0db656,여,2013,2022,2022,3,2026,1,N,Y,N,N,N,N,N,Y,N,N
0e4e717982a4,여,2013,2022,2022,3,2024,1,N,N,N,N,N,N,N,N,N,N
4a73cd6acc9c,남,2013,2022,2022,3,2026,1,N,Y,N,N,N,N,N,Y,N,N
5a31807933f2,남,2013,2022,2022,3,2022,1,N,N,N,N,N,N,N,N,N,N
5da3822739fe,남,2013,2022,2022,3,2026,1,N,Y,N,N,N,N,N,Y,N,N
8059af4bf19c,남,2013,2022,2022,3,2026,1,N,Y,N,N,N,N,N,Y,N,N
824430541cd2,남,2013,2022,2022,3,2025,1,N,N,N,N,N,N,N,N,N,N
e5c5968809fd,남,2013,2022,2022,3,2024,1,N,N,N,N,N,N,N,N,N,N
480fe7675598,남,2012,2022,2022,4,2026,1,N,Y,N,N,Y,N,N,Y,N,N
7d3f436c0c4c,남,2012,2022,2022,4,2023,1,N,N,N,N,Y,N,N,Y,N,N
81e66f34f2fc,남,2012,2022,2022,4,2022,1,N,N,N,N,Y,N,N,Y,N,N
8a38091df0fb,남,2012,2022,2022,4,2026,1,N,Y,N,N,Y,N,N,Y,N,N
9d5e85aa6913,남,2012,2022,2022,4,2024,1,N,N,N,N,Y,N,N,Y,N,N
b0c29c398dad,여,2012,2022,2022,4,2023,1,N,N,N,N,Y,N,N,Y,N,N
3d75ea897e6a,남,2011,2022,2022,5,2023,1,N,N,N,N,Y,N,N,Y,N,N
b8d64470b1f3,여,2011,2022,2022,5,2023,1,N,N,N,N,Y,N,N,Y,N,N
c3ec8b8ec548,여,2011,2022,2022,5,2023,1,N,N,N,N,Y,N,N,Y,N,N
17f23658fc15,남,2010,2022,2022,6,2023,1,N,Y,N,N,Y,N,N,Y,N,N
1ba208a9d24d,남,2010,2022,2022,6,2026,1,N,Y,Y,N,Y,N,N,Y,Y,N
4c79dd1c9e78,남,2010,2022,2022,6,2026,1,N,Y,Y,N,Y,N,N,Y,Y,N
6785746c6c80,여,2010,2022,2022,6,2024,1,N,Y,N,N,Y,N,N,Y,N,N
79a606666509,남,2010,2022,2022,6,2022,1,N,N,N,N,Y,N,N,Y,N,N
88030c2a0901,여,2010,2022,2022,6,2026,1,N,Y,Y,N,Y,N,N,Y,Y,N
83665a944539,남,2009,2023,2022,7,2024,1,N,Y,N,N,Y,Y,N,Y,Y,N
bb169fafbaa8,여,2009,2022,2022,7,2025,1,N,Y,Y,N,Y,Y,N,Y,Y,N
be011fa57aa3,남,2009,2023,2022,7,2023,1,N,Y,N,N,Y,Y,N,Y,Y,N
c6786b5c50a2,여,2009,2022,2022,7,2026,1,N,Y,Y,N,Y,Y,N,Y,Y,N
c8e6ab3ccf9c,남,2008,2022,2022,8,2026,1,N,Y,Y,N,Y,Y,N,Y,Y,N
38af20d518a4,여,2007,2022,2022,9,2023,1,N,Y,Y,N,Y,Y,N,Y,Y,N
51251be98cc4,여,2007,2022,2022,9,2022,1,N,Y,N,N,Y,Y,N,Y,Y,N
085f93e08073,남,2006,2022,2022,10,2023,1,N,Y,Y,N,Y,Y,Y,Y,Y,Y
9ca5377279a8,여,2006,2022,2022,10,2024,1,N,Y,Y,N,Y,Y,Y,Y,Y,Y
9c50e980cbfc,남,2005,2022,2022,11,2023,1,N,Y,Y,N,Y,Y,Y,Y,Y,Y
f06e44b646b5,여,2001,2023,2022,15,2024,1,N,Y,Y,Y,Y,Y,Y,Y,Y,Y
2fa36652fdf5,남,2016,2023,2023,1,2025,1,N,N,N,N,N,N,N,N,N,N
309315cecac8,여,2016,2023,2023,1,2026,1,N,N,N,N,N,N,N,N,N,N
574e556dd4d3,여,2016,2023,2023,1,2026,1,N,N,N,N,N,N,N,N,N,N
b58fa272da54,여,2016,2023,2023,1,2026,1,N,N,N,N,N,N,N,N,N,N
cf6a0254fa37,남,2016,2023,2023,1,2026,1,N,N,N,N,N,N,N,N,N,N
e5756d3bff8b,여,2016,2023,2023,1,2026,1,N,N,N,N,N,N,N,N,N,N
eba462d02bdf,남,2016,2023,2023,1,2023,1,N,N,N,N,N,N,N,N,N,N
019f36411d3c,남,2015,2023,2023,2,2023,1,N,N,N,N,N,N,N,N,N,N
14c7e53f149e,남,2015,2023,2023,2,2026,1,N,N,N,N,N,N,N,N,N,N
1ccf2f350834,남,2015,2023,2023,2,2023,1,N,N,N,N,N,N,N,N,N,N
34440db65489,남,2015,2023,2023,2,2026,1,N,N,N,N,N,N,N,N,N,N
37f9656488b2,남,2015,2023,2023,2,2025,1,N,N,N,N,N,N,N,N,N,N
4340eec0366a,여,2015,2023,2023,2,2026,1,N,N,N,N,N,N,N,N,N,N
5819d8518528,남,2015,2024,2023,2,2026,1,N,N,N,N,N,N,N,N,N,N
633a4c804c25,남,2015,2023,2023,2,2026,1,N,N,N,N,N,N,N,N,N,N
a3f80fbc08a5,여,2015,2023,2023,2,2024,1,N,N,N,N,N,N,N,N,N,N
aabfbcb87311,남,2015,2023,2023,2,2026,1,N,N,N,N,N,N,N,N,N,N
cd6786d5973e,남,2015,2023,2023,2,2025,1,N,N,N,N,N,N,N,N,N,N
ce3a931530d7,남,2015,2023,2023,2,2026,1,N,N,N,N,N,N,N,N,N,N
d87cdae548f4,여,2015,2023,2023,2,2025,1,N,N,N,N,N,N,N,N,N,N
eb502de129f0,남,2015,2023,2023,2,2026,1,N,N,N,N,N,N,N,N,N,N
eff97017c281,여,2015,2023,2023,2,2026,1,N,N,N,N,N,N,N,N,N,N
269c8baba8ec,남,2014,2023,2023,3,2026,1,N,N,N,N,N,N,N,N,N,N
85a9f47dee71,남,2014,2023,2023,3,2026,1,N,N,N,N,N,N,N,N,N,N
a0713622e52a,남,2014,2023,2023,3,2025,1,N,N,N,N,N,N,N,N,N,N
a52a074b0895,여,2014,2023,2023,3,2026,1,N,N,N,N,N,N,N,N,N,N
c296253d8c94,남,2014,2023,2023,3,2024,1,N,N,N,N,N,N,N,N,N,N
c75391bc11b7,남,2014,2023,2023,3,2024,1,N,N,N,N,N,N,N,N,N,N
180a961ed3b7,남,2013,2023,2023,4,2026,1,N,Y,N,N,N,N,N,Y,N,N
214465405c76,남,2013,2023,2023,4,2024,1,N,N,N,N,N,N,N,N,N,N
3724fd193089,여,2013,2023,2023,4,2026,1,N,Y,N,N,N,N,N,Y,N,N
5335a8eeb18d,여,2013,2023,2023,4,2026,1,N,Y,N,N,N,N,N,Y,N,N
5b51bb23bfb8,여,2013,2023,2023,4,2025,1,N,N,N,N,N,N,N,N,N,N
867c69521f72,남,2013,2023,2023,4,2023,1,N,N,N,N,N,N,N,N,N,N
8879ec568075,여,2013,2023,2023,4,2024,1,N,N,N,N,N,N,N,N,N,N
89001d8f7969,남,2013,2023,2023,4,2026,1,N,Y,N,N,N,N,N,Y,N,N
892d22b61717,남,2013,2023,2023,4,2026,1,N,Y,N,N,N,N,N,Y,N,N
94ef0c791c06,여,2013,2023,2023,4,2026,1,N,Y,N,N,N,N,N,Y,N,N
a718ebb0d001,남,2013,2023,2023,4,2023,1,N,N,N,N,N,N,N,N,N,N
ab6247083880,남,2013,2023,2023,4,2026,1,N,Y,N,N,N,N,N,Y,N,N
b77e9e6101dc,남,2013,2023,2023,4,2026,1,N,Y,N,N,N,N,N,Y,N,N
d23f0eb4f26f,남,2013,2023,2023,4,2024,1,N,N,N,N,N,N,N,N,N,N
dffcb43e2eb5,여,2013,2023,2023,4,2024,1,N,N,N,N,N,N,N,N,N,N
f8a83d0288b9,여,2013,2023,2023,4,2026,1,N,Y,N,N,N,N,N,Y,N,N
0191b5c728d9,남,2012,2024,2023,5,2026,1,N,Y,N,N,Y,N,N,Y,N,N
151976693835,여,2012,2023,2023,5,2024,1,N,N,N,N,Y,N,N,Y,N,N
18be24734874,여,2012,2023,2023,5,2024,1,N,N,N,N,Y,N,N,Y,N,N
19a95144a641,남,2012,2023,2023,5,2026,1,N,Y,N,N,Y,N,N,Y,N,N
6b055a174c0f,남,2012,2023,2023,5,2024,1,N,N,N,N,Y,N,N,Y,N,N
8d48218806e1,여,2012,2023,2023,5,2026,1,N,Y,N,N,Y,N,N,Y,N,N
96e5b21fdf71,남,2012,2023,2023,5,2024,1,N,N,N,N,Y,N,N,Y,N,N
d9f00046461d,남,2012,2023,2023,5,2024,1,N,N,N,N,Y,N,N,Y,N,N
3d0b385aa9d4,남,2011,2023,2023,6,2024,1,N,Y,N,N,Y,N,N,Y,N,N
492179a049bf,여,2011,2024,2023,6,2026,1,N,Y,N,N,Y,N,N,Y,N,N
66af8e9216b6,여,2011,2023,2023,6,2023,1,N,N,N,N,Y,N,N,Y,N,N
687c70b0608c,여,2011,2023,2023,6,2023,1,N,N,N,N,Y,N,N,Y,N,N
783591a12eed,여,2011,2023,2023,6,2023,1,N,N,N,N,Y,N,N,Y,N,N
b9263fe2dfa3,남,2011,2023,2023,6,2026,1,N,Y,N,N,Y,N,N,Y,N,N
bf514891fcba,여,2011,2023,2023,6,2025,1,N,Y,N,N,Y,N,N,Y,N,N
f04a0dc898ad,여,2011,2023,2023,6,2026,1,N,Y,N,N,Y,N,N,Y,N,N
f8cf3a326e35,여,2011,2023,2023,6,2024,1,N,Y,N,N,Y,N,N,Y,N,N
feac00a20ee4,여,2011,2023,2023,6,2023,1,N,N,N,N,Y,N,N,Y,N,N
12d3fd2d2534,여,2010,2023,2023,7,2026,1,N,Y,Y,N,Y,N,N,Y,Y,N
26de757a68b9,여,2010,2024,2023,7,2024,1,N,Y,N,N,Y,N,N,Y,N,N
7a9d22966243,남,2010,2023,2023,7,2024,1,N,Y,N,N,Y,N,N,Y,N,N
8699e4ca2f55,여,2010,2023,2023,7,2026,1,N,Y,Y,N,Y,N,N,Y,Y,N
aaff148ae476,남,2010,2024,2023,7,2026,1,N,Y,Y,N,Y,N,N,Y,Y,N
e595961f1fcd,남,2010,2023,2023,7,2026,1,N,Y,Y,N,Y,N,N,Y,Y,N
11f6de08c476,여,2009,2023,2023,8,2025,1,N,Y,Y,N,Y,Y,N,Y,Y,N
157b1c9b9124,여,2009,2023,2023,8,2024,1,N,Y,N,N,Y,Y,N,Y,Y,N
2bab31cafc4b,여,2009,2023,2023,8,2026,1,N,Y,Y,N,Y,Y,N,Y,Y,N
0c371d25fa82,여,2008,2023,2023,9,2024,1,N,Y,Y,N,Y,Y,N,Y,Y,N
18137fbb3180,여,2008,2024,2023,9,2024,1,N,Y,Y,N,Y,Y,N,Y,Y,N
195aed9f373f,여,2008,2023,2023,9,2026,1,N,Y,Y,N,Y,Y,N,Y,Y,N
68efe34330e1,여,2008,2023,2023,9,2023,1,N,Y,N,N,Y,Y,N,Y,Y,N
952a422b299f,여,2008,2023,2023,9,2026,1,N,Y,Y,N,Y,Y,N,Y,Y,N
0868535af5cc,남,2007,2023,2023,10,2024,1,N,Y,Y,N,Y,Y,N,Y,Y,N
20db3a96647f,여,2007,2023,2023,10,2023,1,N,Y,Y,N,Y,Y,N,Y,Y,N
d90354acc13c,남,2007,2023,2023,10,2026,1,N,Y,Y,Y,Y,Y,N,Y,Y,Y
e25183828abb,남,2007,2023,2023,10,2024,1,N,Y,Y,N,Y,Y,N,Y,Y,N
3e4fb61edbdb,남,2005,2023,2023,12,2024,1,N,Y,Y,Y,Y,Y,Y,Y,Y,Y
10218e73775e,남,2017,2025,2024,1,2026,1,N,N,N,N,N,N,N,N,N,N
19ca246c8c85,남,2017,2024,2024,1,2025,1,N,N,N,N,N,N,N,N,N,N
b06c78b12eee,여,2017,2024,2024,1,2026,1,N,N,N,N,N,N,N,N,N,N
e379078a684d,남,2017,2024,2024,1,2025,1,N,N,N,N,N,N,N,N,N,N
0991b2c96ea1,여,2016,2024,2024,2,2026,1,N,N,N,N,N,N,N,N,N,N
09c3276a580f,남,2016,2024,2024,2,2025,1,N,N,N,N,N,N,N,N,N,N
1ee53d453a30,남,2016,2024,2024,2,2026,1,N,N,N,N,N,N,N,N,N,N
2dd27dc24ab6,남,2016,2024,2024,2,2026,1,N,N,N,N,N,N,N,N,N,N
399b3a194b02,여,2016,2024,2024,2,2026,1,N,N,N,N,N,N,N,N,N,N
46bc4b7be7b6,여,2016,2024,2024,2,2026,1,N,N,N,N,N,N,N,N,N,N
5f101a506f5e,남,2016,2024,2024,2,2026,1,N,N,N,N,N,N,N,N,N,N
8a6c96aa71ec,남,2016,2024,2024,2,2026,1,N,N,N,N,N,N,N,N,N,N
8f0680cb194d,여,2016,2024,2024,2,2024,1,N,N,N,N,N,N,N,N,N,N
a46ec51cc8b6,남,2016,2025,2024,2,2026,1,N,N,N,N,N,N,N,N,N,N
e8036dc2e7fa,남,2016,2024,2024,2,2025,1,N,N,N,N,N,N,N,N,N,N
fd9f1ef0b510,여,2016,2024,2024,2,2026,1,N,N,N,N,N,N,N,N,N,N
0ebe2c8e6cba,여,2015,2024,2024,3,2024,1,N,N,N,N,N,N,N,N,N,N
27df053bd374,남,2015,2024,2024,3,2026,1,N,N,N,N,N,N,N,N,N,N
363f836b533b,남,2015,2024,2024,3,2026,1,N,N,N,N,N,N,N,N,N,N
452b18d67b1d,남,2015,2024,2024,3,2026,1,N,N,N,N,N,N,N,N,N,N
508e8de1766a,남,2015,2024,2024,3,2026,1,N,N,N,N,N,N,N,N,N,N
702d52b7366c,남,2015,2025,2024,3,2025,1,N,N,N,N,N,N,N,N,N,N
73796a033ca1,여,2015,2024,2024,3,2024,1,N,N,N,N,N,N,N,N,N,N
7e6d474ca8c6,남,2015,2024,2024,3,2026,1,N,N,N,N,N,N,N,N,N,N
9948818db3c5,여,2015,2024,2024,3,2026,1,N,N,N,N,N,N,N,N,N,N
aa04dd29a236,여,2015,2025,2024,3,2026,1,N,N,N,N,N,N,N,N,N,N
b4cef65949b9,여,2015,2024,2024,3,2026,1,N,N,N,N,N,N,N,N,N,N
d7bf5b038d16,여,2015,2024,2024,3,2025,1,N,N,N,N,N,N,N,N,N,N
d9b8259d7770,남,2015,2024,2024,3,2024,1,N,N,N,N,N,N,N,N,N,N
f8550d4547a4,여,2015,2024,2024,3,2026,1,N,N,N,N,N,N,N,N,N,N
fbb0b150e271,여,2015,2024,2024,3,2025,1,N,N,N,N,N,N,N,N,N,N
0674e6dcf518,여,2014,2024,2024,4,2026,1,N,N,N,N,N,N,N,N,N,N
204b6f364418,남,2014,2024,2024,4,2026,1,N,N,N,N,N,N,N,N,N,N
40df3e4f2f43,여,2014,2024,2024,4,2026,1,N,N,N,N,N,N,N,N,N,N
5250a0145766,남,2014,2025,2024,4,2026,1,N,N,N,N,N,N,N,N,N,N
61b09767a2d6,남,2014,2024,2024,4,2026,1,N,N,N,N,N,N,N,N,N,N
66e7e5d2fe8f,여,2014,2024,2024,4,2026,1,N,N,N,N,N,N,N,N,N,N
691648ffa53f,남,2014,2024,2024,4,2026,1,N,N,N,N,N,N,N,N,N,N
84c5e2fa91bf,여,2014,2024,2024,4,2026,1,N,N,N,N,N,N,N,N,N,N
9d159bf814c3,남,2014,2024,2024,4,2026,1,N,N,N,N,N,N,N,N,N,N
a2d2f99cb896,남,2014,2024,2024,4,2024,1,N,N,N,N,N,N,N,N,N,N
b0a15301d6c8,여,2014,2024,2024,4,2024,1,N,N,N,N,N,N,N,N,N,N
d1449d14bd3b,남,2014,2024,2024,4,2026,1,N,N,N,N,N,N,N,N,N,N
ebe548be794a,남,2014,2024,2024,4,2024,1,N,N,N,N,N,N,N,N,N,N
f7d2fedec70b,여,2014,2024,2024,4,2026,1,N,N,N,N,N,N,N,N,N,N
fd1e0d085578,남,2014,2024,2024,4,2026,1,N,N,N,N,N,N,N,N,N,N
08906f47de46,남,2013,2024,2024,5,2025,1,N,N,N,N,N,N,N,N,N,N
1ab1ad6922cf,남,2013,2024,2024,5,2024,1,N,N,N,N,N,N,N,N,N,N
2fc2d081b68f,여,2013,2024,2024,5,2024,1,N,N,N,N,N,N,N,N,N,N
3e994c03d3a1,여,2013,2024,2024,5,2026,1,N,Y,N,N,N,N,N,Y,N,N
57db7616efe2,남,2013,2024,2024,5,2026,1,N,Y,N,N,N,N,N,Y,N,N
5a914849ffd8,남,2013,2024,2024,5,2026,1,N,Y,N,N,N,N,N,Y,N,N
71b2d0b88c1e,남,2013,2025,2024,5,2026,1,N,Y,N,N,N,N,N,Y,N,N
9a0eb18e93d2,남,2013,2024,2024,5,2024,1,N,N,N,N,N,N,N,N,N,N
bb26ea278260,남,2013,2024,2024,5,2024,1,N,N,N,N,N,N,N,N,N,N
bd3d635b7a7e,여,2013,2024,2024,5,2026,1,N,Y,N,N,N,N,N,Y,N,N
bd8f8c4daa5b,여,2013,2024,2024,5,2026,1,N,Y,N,N,N,N,N,Y,N,N
c477545bdc6b,여,2013,2024,2024,5,2026,1,N,Y,N,N,N,N,N,Y,N,N
ddef3a76bf7d,남,2013,2024,2024,5,2026,1,N,Y,N,N,N,N,N,Y,N,N
e52f75a6b429,남,2013,2024,2024,5,2026,1,N,Y,N,N,N,N,N,Y,N,N
00e053bb8bcc,여,2012,2024,2024,6,2026,1,N,Y,N,N,Y,N,N,Y,N,N
1f9513fdf0f5,남,2012,2024,2024,6,2026,1,N,Y,N,N,Y,N,N,Y,N,N
2cbccc516c41,여,2012,2024,2024,6,2024,1,N,N,N,N,Y,N,N,Y,N,N
52dffc210698,남,2012,2024,2024,6,2024,1,N,N,N,N,Y,N,N,Y,N,N
5fb78ffd7f63,여,2012,2024,2024,6,2024,1,N,N,N,N,Y,N,N,Y,N,N
63f0711a8bb2,남,2012,2024,2024,6,2026,1,N,Y,N,N,Y,N,N,Y,N,N
6aaffae6de12,여,2012,2024,2024,6,2026,1,N,Y,N,N,Y,N,N,Y,N,N
7e9c2ecddaba,남,2012,2024,2024,6,2026,1,N,Y,N,N,Y,N,N,Y,N,N
852e453e9b68,여,2012,2024,2024,6,2026,1,N,Y,N,N,Y,N,N,Y,N,N
9237f7c019e8,여,2012,2024,2024,6,2024,1,N,N,N,N,Y,N,N,Y,N,N
9364d55fdd41,여,2012,2024,2024,6,2026,1,N,Y,N,N,Y,N,N,Y,N,N
9cf8d8072eb1,여,2012,2024,2024,6,2024,1,N,N,N,N,Y,N,N,Y,N,N
b334bfc22958,남,2012,2024,2024,6,2024,1,N,N,N,N,Y,N,N,Y,N,N
b4ce82bdaa49,남,2012,2024,2024,6,2024,1,N,N,N,N,Y,N,N,Y,N,N
be75ecedbdd9,여,2012,2024,2024,6,2026,1,N,Y,N,N,Y,N,N,Y,N,N
c91ad072c6de,여,2012,2024,2024,6,2025,1,N,Y,N,N,Y,N,N,Y,N,N
c97041647900,남,2012,2024,2024,6,2026,1,N,Y,N,N,Y,N,N,Y,N,N
d3d1a9ac53a0,여,2012,2024,2024,6,2026,1,N,Y,N,N,Y,N,N,Y,N,N
ecb71b87655e,여,2012,2024,2024,6,2026,1,N,Y,N,N,Y,N,N,Y,N,N
ed4d9f19334d,남,2012,2024,2024,6,2026,1,N,Y,N,N,Y,N,N,Y,N,N
f31ea3004cbb,남,2012,2024,2024,6,2026,1,N,Y,N,N,Y,N,N,Y,N,N
6588d7c57998,여,2011,2024,2024,7,2026,1,N,Y,N,N,Y,N,N,Y,N,N
c3d69774db87,남,2011,2024,2024,7,2026,1,N,Y,N,N,Y,N,N,Y,N,N
cb1ff547084a,여,2011,2024,2024,7,2025,1,N,Y,N,N,Y,N,N,Y,N,N
d8d2a459de66,남,2011,2024,2024,7,2026,1,N,Y,N,N,Y,N,N,Y,N,N
3b87fcc5c06b,남,2010,2024,2024,8,2025,1,N,Y,N,N,Y,N,N,Y,N,N
0fe56e9c6d27,남,2009,2024,2024,9,2026,1,N,Y,Y,N,Y,Y,N,Y,Y,N
400d8112b357,남,2009,2024,2024,9,2026,1,N,Y,Y,N,Y,Y,N,Y,Y,N
ab0cca63dd40,남,2009,2024,2024,9,2024,1,N,Y,N,N,Y,Y,N,Y,Y,N
4110f7d40714,여,2008,2025,2024,10,2024,1,N,Y,Y,N,Y,Y,N,Y,Y,N
b8aa736fa92e,여,2008,2024,2024,10,2026,1,N,Y,Y,N,Y,Y,N,Y,Y,N
bcf0a10e50bd,남,2008,2025,2024,10,2024,1,N,Y,Y,N,Y,Y,N,Y,Y,N
243faf06ba99,여,2007,2024,2024,11,2026,1,N,Y,Y,Y,Y,Y,N,Y,Y,Y
268c0e16439e,여,2018,2025,2025,1,2025,1,N,N,N,N,N,N,N,N,N,N
72851d7ec568,남,2018,2025,2025,1,2026,1,N,N,N,N,N,N,N,N,N,N
73a58381cce0,여,2018,2025,2025,1,2026,1,N,N,N,N,N,N,N,N,N,N
d7cf984955a0,남,2018,2026,2025,1,2026,1,N,N,N,N,N,N,N,N,N,N
0eb2d551c902,여,2017,2025,2025,2,2026,1,N,N,N,N,N,N,N,N,N,N
12b6e4293464,남,2017,2025,2025,2,2026,1,N,N,N,N,N,N,N,N,N,N
23ef617ead89,여,2017,2025,2025,2,2026,1,N,N,N,N,N,N,N,N,N,N
5ba7cba283e6,여,2017,2025,2025,2,2026,1,N,N,N,N,N,N,N,N,N,N
922350882556,남,2017,2025,2025,2,2026,1,N,N,N,N,N,N,N,N,N,N
a48bd4dc655e,여,2017,2025,2025,2,2025,1,N,N,N,N,N,N,N,N,N,N
ada1d0bce872,남,2017,2025,2025,2,2026,1,N,N,N,N,N,N,N,N,N,N
af03a05e8005,여,2017,2025,2025,2,2025,1,N,N,N,N,N,N,N,N,N,N
b144c668f8c2,남,2017,2025,2025,2,2026,1,N,N,N,N,N,N,N,N,N,N
cd773b58a824,남,2017,2025,2025,2,2025,1,N,N,N,N,N,N,N,N,N,N
095cdc95fbb6,남,2016,2025,2025,3,2025,1,N,N,N,N,N,N,N,N,N,N
0f4a5ddbb248,여,2016,2025,2025,3,2026,1,N,N,N,N,N,N,N,N,N,N
1208b2fadec5,남,2016,2025,2025,3,2026,1,N,N,N,N,N,N,N,N,N,N
21744fcab52d,남,2016,2025,2025,3,2026,1,N,N,N,N,N,N,N,N,N,N
30c3937e0940,여,2016,2025,2025,3,2026,1,N,N,N,N,N,N,N,N,N,N
971893c43cba,남,2016,2026,2025,3,2026,1,N,N,N,N,N,N,N,N,N,N
97ab336c3662,여,2016,2025,2025,3,2026,1,N,N,N,N,N,N,N,N,N,N
98967445a1d6,여,2016,2025,2025,3,2026,1,N,N,N,N,N,N,N,N,N,N
9ea220a64859,남,2016,2025,2025,3,2026,1,N,N,N,N,N,N,N,N,N,N
a4cb1c9e5a3a,여,2016,2025,2025,3,2026,1,N,N,N,N,N,N,N,N,N,N
cc048224024b,남,2016,2025,2025,3,2026,1,N,N,N,N,N,N,N,N,N,N
d7b352d6fd20,여,2016,2025,2025,3,2025,1,N,N,N,N,N,N,N,N,N,N
e1d75d355ba5,여,2016,2026,2025,3,2026,1,N,N,N,N,N,N,N,N,N,N
e30439c9aad5,여,2016,2025,2025,3,2026,1,N,N,N,N,N,N,N,N,N,N
ff00185410cf,여,2016,2025,2025,3,2026,1,N,N,N,N,N,N,N,N,N,N
13c690d81d35,남,2015,2025,2025,4,2026,1,N,N,N,N,N,N,N,N,N,N
3841bb162853,여,2015,2025,2025,4,2025,1,N,N,N,N,N,N,N,N,N,N
61f90b7072b8,여,2015,2025,2025,4,2026,1,N,N,N,N,N,N,N,N,N,N
73648f3675f6,여,2015,2025,2025,4,2026,1,N,N,N,N,N,N,N,N,N,N
73890f877cea,여,2015,2025,2025,4,2026,1,N,N,N,N,N,N,N,N,N,N
7d5b7b3aff72,여,2015,2025,2025,4,2026,1,N,N,N,N,N,N,N,N,N,N
93a733a3415e,여,2015,2025,2025,4,2026,1,N,N,N,N,N,N,N,N,N,N
95bb53250a88,남,2015,2025,2025,4,2026,1,N,N,N,N,N,N,N,N,N,N
998e492a0a01,남,2015,2026,2025,4,2026,1,N,N,N,N,N,N,N,N,N,N
b62ed72b884b,여,2015,2025,2025,4,2026,1,N,N,N,N,N,N,N,N,N,N
b6f065979ed3,여,2015,2025,2025,4,2026,1,N,N,N,N,N,N,N,N,N,N
b932ec42a904,남,2015,2025,2025,4,2026,1,N,N,N,N,N,N,N,N,N,N
f8a5ed570940,남,2015,2025,2025,4,2026,1,N,N,N,N,N,N,N,N,N,N
f907a7daa49e,남,2015,2025,2025,4,2026,1,N,N,N,N,N,N,N,N,N,N
0fb94e8678c3,여,2014,2025,2025,5,2026,1,N,N,N,N,N,N,N,N,N,N
2466b205de6e,여,2014,2025,2025,5,2026,1,N,N,N,N,N,N,N,N,N,N
36c9038eb548,여,2014,2025,2025,5,2026,1,N,N,N,N,N,N,N,N,N,N
5b7637e25e57,남,2014,2025,2025,5,2026,1,N,N,N,N,N,N,N,N,N,N
75fa610bb711,여,2014,2025,2025,5,2026,1,N,N,N,N,N,N,N,N,N,N
8eb67c5a53cb,여,2014,2025,2025,5,2026,1,N,N,N,N,N,N,N,N,N,N
ac797018e188,여,2014,2025,2025,5,2025,1,N,N,N,N,N,N,N,N,N,N
d6f8d1d128af,여,2014,2025,2025,5,2026,1,N,N,N,N,N,N,N,N,N,N
f60011de2d01,여,2014,2025,2025,5,2026,1,N,N,N,N,N,N,N,N,N,N
16d1b305e693,남,2013,2026,2025,6,2026,1,N,Y,N,N,N,N,N,Y,N,N
4d8ea1a2bc61,여,2013,2026,2025,6,2026,1,N,Y,N,N,N,N,N,Y,N,N
532c8987353c,여,2013,2025,2025,6,2026,1,N,Y,N,N,N,N,N,Y,N,N
672b59718d7d,여,2013,2025,2025,6,2026,1,N,Y,N,N,N,N,N,Y,N,N
9cffffbac67b,여,2013,2025,2025,6,2026,1,N,Y,N,N,N,N,N,Y,N,N
a8dc7176797d,여,2013,2025,2025,6,2026,1,N,Y,N,N,N,N,N,Y,N,N
b2181ae742fd,여,2013,2025,2025,6,2026,1,N,Y,N,N,N,N,N,Y,N,N
b3cefc456f81,여,2013,2025,2025,6,2026,1,N,Y,N,N,N,N,N,Y,N,N
b614695afa47,여,2013,2025,2025,6,2026,1,N,Y,N,N,N,N,N,Y,N,N
bcebf7c7da77,남,2013,2025,2025,6,2025,1,N,N,N,N,N,N,N,N,N,N
d18d719d4c98,여,2013,2025,2025,6,2026,1,N,Y,N,N,N,N,N,Y,N,N
e313488fe85c,남,2013,2025,2025,6,2026,1,N,Y,N,N,N,N,N,Y,N,N
f2c33539019b,남,2013,2025,2025,6,2026,1,N,Y,N,N,N,N,N,Y,N,N
f45b813e6446,여,2013,2025,2025,6,2026,1,N,Y,N,N,N,N,N,Y,N,N
fe49d3c4561c,여,2013,2025,2025,6,2026,1,N,Y,N,N,N,N,N,Y,N,N
ff4c192bcd0c,여,2013,2025,2025,6,2026,1,N,Y,N,N,N,N,N,Y,N,N
15809ca1340c,남,2012,2026,2025,7,2026,1,N,Y,N,N,Y,N,N,Y,N,N
18f164dee5ea,여,2012,2026,2025,7,2026,1,N,Y,N,N,Y,N,N,Y,N,N
515b39b69e9e,여,2012,2025,2025,7,2026,1,N,Y,N,N,Y,N,N,Y,N,N
8e09566d4102,남,2012,2025,2025,7,2026,1,N,Y,N,N,Y,N,N,Y,N,N
ae221804fb65,남,2012,2025,2025,7,2026,1,N,Y,N,N,Y,N,N,Y,N,N
cb1fc7072813,남,2012,2025,2025,7,2026,1,N,Y,N,N,Y,N,N,Y,N,N
127ecbb657d7,남,2011,2025,2025,8,2026,1,N,Y,N,N,Y,N,N,Y,N,N
2353552b4953,남,2011,2025,2025,8,2025,1,N,Y,N,N,Y,N,N,Y,N,N
2f8f90a62ba9,여,2011,2025,2025,8,2026,1,N,Y,N,N,Y,N,N,Y,N,N
88590df7902f,여,2010,2025,2025,9,2026,1,N,Y,Y,N,Y,N,N,Y,Y,N
8a707977dc18,남,2010,2025,2025,9,2026,1,N,Y,Y,N,Y,N,N,Y,Y,N
e3929ac3dbec,남,2010,2025,2025,9,2026,1,N,Y,Y,N,Y,N,N,Y,Y,N
93e4a8732aaa,남,2007,2026,2025,12,2026,1,N,Y,Y,Y,Y,Y,N,Y,Y,Y
1eea44ca2717,남,2003,2025,2025,16,2025,1,N,Y,Y,Y,Y,Y,Y,Y,Y,Y
821a50fe0a44,남,2003,2026,2025,16,2026,1,N,Y,Y,Y,Y,Y,Y,Y,Y,Y
83bc588112f0,남,2001,2026,2025,18,2026,1,N,Y,Y,Y,Y,Y,Y,Y,Y,Y
625520f31949,남,2000,2025,2025,19,2025,1,N,Y,Y,Y,Y,Y,Y,Y,Y,Y
990ff1f5d17a,남,1991,2026,2025,28,2026,1,N,Y,Y,Y,Y,Y,Y,Y,Y,Y
3b15e9dfd383,남,2018,2026,2026,2,2026,1,N,N,N,N,N,N,N,N,N,N
6f9b3d066393,남,2018,2026,2026,2,2026,1,N,N,N,N,N,N,N,N,N,N
07e26a7e147e,여,2017,2026,2026,3,2026,1,N,N,N,N,N,N,N,N,N,N
0acd91e5e18d,여,2017,2026,2026,3,2026,1,N,N,N,N,N,N,N,N,N,N
4d6000e3269b,여,2017,2026,2026,3,2026,1,N,N,N,N,N,N,N,N,N,N
9a0cd4dd1efa,남,2017,2026,2026,3,2026,1,N,N,N,N,N,N,N,N,N,N
21d825b03153,남,2016,2026,2026,4,2026,1,N,N,N,N,N,N,N,N,N,N
5f6aaf1af264,여,2016,2026,2026,4,2026,1,N,N,N,N,N,N,N,N,N,N
9d6d4f8b7452,남,2016,2026,2026,4,2026,1,N,N,N,N,N,N,N,N,N,N
f4c2585b109c,남,2016,2026,2026,4,2026,1,N,N,N,N,N,N,N,N,N,N
2d376862aa65,남,2015,2026,2026,5,2026,1,N,N,N,N,N,N,N,N,N,N
467e35666d3e,여,2015,2026,2026,5,2026,1,N,N,N,N,N,N,N,N,N,N
6e272cdd41ba,남,2015,2026,2026,5,2026,1,N,N,N,N,N,N,N,N,N,N
9da5fffc6d39,남,2015,2026,2026,5,2026,1,N,N,N,N,N,N,N,N,N,N
66c3e4fe4813,남,2014,2026,2026,6,2026,1,N,N,N,N,N,N,N,N,N,N
9370d146e8b7,남,2014,2026,2026,6,2026,1,N,N,N,N,N,N,N,N,N,N
b337ea795cad,남,2014,2026,2026,6,2026,1,N,N,N,N,N,N,N,N,N,N
decfde9d331c,남,2014,2026,2026,6,2026,1,N,N,N,N,N,N,N,N,N,N
f12bbdcd4977,남,2014,2026,2026,6,2026,1,N,N,N,N,N,N,N,N,N,N
