익명키,시즌,출생연도,성별,학년,단계,종별_단계,대회수,경기수,classCd목록,오픈참가
003a4f4bf634,2006,1992,남,8,중등,중등,1,2,2,N
013ffe268093,2006,1995,남,5,초등,초등,1,4,2,N
03864a5f44da,2006,1987,여,13,대학·일반,대학·일반,1,2,2,N
03a71cae72a1,2006,1986,여,14,대학·일반,대학·일반,1,3,2,N
04c5a22f8436,2006,1990,여,10,고등,고등,1,4,2,N
059632336a62,2006,1985,남,15,대학·일반,대학·일반,1,2,2,N
06a2e9a7cbaa,2006,1988,여,12,고등,고등,1,2,2,N
093751dfd382,2006,1990,여,10,고등,고등,1,2,2,N
09a141acd968,2006,1988,남,12,고등,고등,1,3,2,N
0aa4c3c53f54,2006,1996,남,4,초등,초등,1,3,2,N
0af1f8641a01,2006,1993,남,7,중등,중등,1,2,2,N
0b22f4ac3c5a,2006,1983,여,17,대학·일반,대학·일반,1,2,2,N
0db5810a67de,2006,1992,남,8,중등,중등,1,4,2,N
0dd2b5579ad1,2006,1995,남,5,초등,초등,1,4,2,N
0e336592b3d6,2006,1984,남,16,대학·일반,대학·일반,1,3,2,N
0ea0f5ea4950,2006,1989,남,11,고등,고등,1,2,2,N
0ebee756e8e4,2006,1995,여,5,초등,초등,1,2,2,N
0f4ddee2a4bf,2006,1995,여,5,초등,초등,1,2,2,N
10d54ed3e18e,2006,1994,남,6,초등,초등,1,4,2,N
120a8bdd9867,2006,1994,남,6,초등,초등,1,4,2,N
121f5b9adbcf,2006,1995,남,5,초등,초등,1,1,2,N
12857deb2953,2006,1998,여,2,초등,초등,1,4,1|2,N
13234d547fef,2006,1997,여,3,초등,초등,1,2,2,N
14a21cfa416a,2006,1993,여,7,중등,중등,1,3,2,N
1502df7edb16,2006,1994,남,6,초등,초등,1,3,2,N
16e8c6d7367d,2006,1992,여,8,중등,중등,1,5,2,N
17e7c6ce5ee3,2006,1989,남,11,고등,고등,1,4,2,N
18ee553f4b1f,2006,1997,남,3,초등,초등,1,2,2,N
197892c3e852,2006,1997,남,3,초등,초등,1,5,2,N
1c1883e3e060,2006,1988,남,12,고등,고등,1,4,2,N
1d832ec4e806,2006,1998,여,2,초등,초등,1,4,2,N
1e0cbcf31898,2006,1999,남,1,초등,초등,1,4,1|2,N
1f0954e96210,2006,1989,남,11,고등,고등,1,3,2,N
1f0f26f535e5,2006,1991,여,9,중등,중등,1,6,2,N
1f7edacccc17,2006,1997,여,3,초등,초등,1,2,2,N
1fb0966c3867,2006,1997,남,3,초등,초등,1,1,2,N
208788bfc4a2,2006,1996,남,4,초등,초등,1,1,2,N
209d7f786bd2,2006,1992,여,8,중등,중등,1,4,2,N
213dd96bc532,2006,1994,남,6,초등,초등,1,7,2,N
225fb455c010,2006,1993,남,7,중등,중등,1,5,2,N
22c70867823a,2006,1993,남,7,중등,중등,1,3,2,N
23229c9f004b,2006,1998,남,2,초등,초등,1,2,2,N
233b40519c1a,2006,1997,여,3,초등,초등,1,2,2,N
2340f7c314fd,2006,1996,남,4,초등,초등,1,1,2,N
23fdd3113f3e,2006,1994,여,6,초등,초등,1,7,2,N
25316ea32f0b,2006,1983,남,17,대학·일반,대학·일반,1,3,2,N
26d5bb612f35,2006,1993,남,7,중등,중등,1,6,2,N
2796274b6b7c,2006,1989,남,11,고등,고등,1,6,2,N
27b173f8fe71,2006,1984,여,16,대학·일반,대학·일반,1,2,2,N
2800c29284fd,2006,1957,여,43,대학·일반,대학·일반,1,2,2,N
284cc082d4eb,2006,1990,여,10,고등,고등,1,4,2,N
28a8c1500f26,2006,1996,여,4,초등,초등,1,3,2,N
2909bacf2b4c,2006,1990,남,10,고등,고등,1,3,2,N
2af4aa3d8347,2006,1993,여,7,중등,중등,1,4,2,N
2b4eca169bba,2006,1986,남,14,대학·일반,대학·일반,1,3,2,N
2bd45abdf686,2006,1996,여,4,초등,초등,1,4,2,N
2c021d98fc97,2006,1992,남,8,중등,중등,1,5,2,N
2cd17c6a3c6f,2006,1990,남,10,고등,중등,1,2,2,N
2d46caf4d922,2006,1994,남,6,초등,초등,1,8,2,N
2dfec49bed16,2006,1990,남,10,고등,고등,1,6,2,N
2e607341fcd3,2006,1992,남,8,중등,중등,1,3,2,N
2f428e11b789,2006,1996,남,4,초등,초등,1,5,2,N
31deaa043f12,2006,1997,여,3,초등,초등,1,4,2,N
353c5f11b576,2006,1964,여,36,대학·일반,대학·일반,1,1,2,N
360ca438dd1b,2006,1994,여,6,초등,초등,1,4,2,N
386a61e110a7,2006,1992,남,8,중등,중등,1,5,2,N
399812def382,2006,1997,남,3,초등,초등,1,2,2,N
39f6621d7e2b,2006,1995,여,5,초등,초등,1,4,2,N
3a0c05301215,2006,1994,여,6,초등,초등,1,2,2,N
3b0d6635d264,2006,1995,남,5,초등,초등,1,3,2,N
3e80a02ff6a1,2006,1997,남,3,초등,초등,1,1,2,N
3f1788095245,2006,1988,여,12,고등,고등,1,2,2,N
40edf77df701,2006,1995,남,5,초등,초등,1,2,2,N
410165e0952a,2006,1988,여,12,고등,고등,1,4,2,N
41505a8e971a,2006,1982,남,18,대학·일반,대학·일반,1,3,2,N
41d894c45470,2006,1998,남,2,초등,초등,1,1,2,N
41daacdce9f4,2006,1986,남,14,대학·일반,대학·일반,1,2,2,N
41e6b8ece69c,2006,1982,남,18,대학·일반,대학·일반,1,4,2,N
4280c7cb11a8,2006,1995,여,5,초등,초등,1,6,2,N
42c665383c05,2006,1990,남,10,고등,고등,1,4,2,N
43f440a30a61,2006,1987,남,13,대학·일반,대학·일반,1,1,2,N
445c1ffd77ff,2006,1987,남,13,대학·일반,대학·일반,1,2,2,N
44ce8b98600d,2006,1989,여,11,고등,고등,1,4,2,N
4646f63de992,2006,1983,남,17,대학·일반,대학·일반,1,2,2,N
469128197622,2006,1996,남,4,초등,초등,1,4,2,N
4773cab8f530,2006,1994,남,6,초등,초등,1,6,2,N
48c0037b849a,2006,1995,여,5,초등,초등,1,3,2,N
48eed1d4a807,2006,1997,여,3,초등,초등,1,2,2,N
4ded9774e8af,2006,1984,남,16,대학·일반,대학·일반,1,4,2,N
4e6b997a8725,2006,1989,여,11,고등,고등,1,2,2,N
4f42cd0206f2,2006,1989,남,11,고등,고등,1,2,2,N
4f8d3f680d61,2006,1997,남,3,초등,초등,1,2,2,N
5085ca159c8f,2006,1988,남,12,고등,고등,1,2,2,N
5140194a098d,2006,1993,남,7,중등,중등,1,3,2,N
522178dded04,2006,1993,남,7,중등,중등,1,2,2,N
52fb82ab3a08,2006,1990,남,10,고등,고등,1,1,2,N
55354c9371d1,2006,1992,남,8,중등,중등,1,2,2,N
553b3be74f3e,2006,1992,여,8,중등,중등,1,2,2,N
562e5fe825a7,2006,1995,여,5,초등,초등,1,2,2,N
568d30615abe,2006,1993,여,7,중등,중등,1,2,2,N
5895d578875a,2006,1993,여,7,중등,중등,1,3,2,N
58c7e9519e49,2006,1989,남,11,고등,고등,1,2,2,N
58e0de64f75b,2006,1989,여,11,고등,고등,1,2,2,N
590deecb8409,2006,1962,남,38,대학·일반,대학·일반,1,1,2,N
5a48fa55599c,2006,1996,여,4,초등,초등,1,4,2,N
5ba6602282a6,2006,1998,여,2,초등,초등,1,2,2,N
5bae8dbea2a0,2006,1995,남,5,초등,초등,1,6,2,N
5c46ec9fe215,2006,1997,남,3,초등,초등,1,1,2,N
5c75f5194b15,2006,1990,남,10,고등,고등,1,2,2,N
5eb13f527fe7,2006,1992,여,8,중등,중등,1,4,2,N
5ec15f0604fb,2006,1985,남,15,대학·일반,대학·일반,1,2,2,N
5f9645c292e9,2006,1992,남,8,중등,중등,1,7,2,N
5ff1e218fcd8,2006,1991,남,9,중등,중등,1,2,2,N
60eaac476253,2006,1988,여,12,고등,고등,1,1,2,N
62c11a801dcd,2006,1988,남,12,고등,고등,1,2,2,N
630c5a5cdfd2,2006,1986,남,14,대학·일반,대학·일반,1,3,2,N
634ddb0fe080,2006,1991,남,9,중등,중등,1,5,2,N
6352595f975c,2006,1992,남,8,중등,중등,1,5,2,N
63635f6574ae,2006,1996,여,4,초등,초등,1,2,2,N
643e2bd747aa,2006,1987,여,13,대학·일반,대학·일반,1,2,2,N
64762911db97,2006,1993,남,7,중등,중등,1,6,2,N
652cac194737,2006,1991,남,9,중등,중등,1,6,2,N
65b8db63a6f3,2006,1995,여,5,초등,초등,1,2,2,N
65dd4577519a,2006,1991,남,9,중등,고등,1,2,2,N
669f394d43bf,2006,1996,남,4,초등,초등,1,1,2,N
670cacd56ebc,2006,1993,여,7,중등,중등,1,4,2,N
67c82e980096,2006,1991,남,9,중등,중등,1,8,2,N
6a06ceea920f,2006,1993,여,7,중등,중등,1,3,2,N
6a079b9181c5,2006,1988,여,12,고등,고등,1,3,2,N
6a1768916603,2006,1990,여,10,고등,고등,1,3,2,N
6a24f85ba7f3,2006,1993,남,7,중등,중등,1,2,2,N
6a9b86db8452,2006,1995,남,5,초등,초등,1,5,2,N
6b07a2191c5f,2006,1995,남,5,초등,초등,1,3,2,N
6b1054af486e,2006,1995,여,5,초등,초등,1,4,1|2,N
6b6217835a81,2006,1993,남,7,중등,중등,1,5,2,N
6c14525d9ac7,2006,1992,남,8,중등,중등,1,2,2,N
6d16ce9fa92e,2006,1988,여,12,고등,대학·일반,1,2,2,N
6ea2e7a25605,2006,1997,남,3,초등,초등,1,1,2,N
6eb4cb0c489c,2006,1983,여,17,대학·일반,대학·일반,1,2,2,N
703d71ebe1bf,2006,1990,남,10,고등,고등,1,2,2,N
705bb485ca5f,2006,1990,남,10,고등,고등,1,2,2,N
716122f09a99,2006,1991,여,9,중등,중등,1,4,2,N
71d0f368817c,2006,1987,남,13,대학·일반,대학·일반,1,2,2,N
73f7e164b027,2006,1982,남,18,대학·일반,대학·일반,1,5,2,N
747998c3be2f,2006,1965,남,35,대학·일반,대학·일반,1,2,2,N
75613589746d,2006,1996,남,4,초등,초등,1,3,2,N
769c547e8d2e,2006,1996,여,4,초등,초등,1,4,2,N
76d7fa10b2b4,2006,1983,여,17,대학·일반,대학·일반,1,2,2,N
779035097887,2006,1991,남,9,중등,중등,1,2,2,N
77aea32d94e2,2006,1995,여,5,초등,초등,1,6,2,N
7846ebce93a3,2006,1986,여,14,대학·일반,대학·일반,1,2,1,N
7888da2a2b75,2006,1993,남,7,중등,중등,1,4,2,N
78b743c5bff1,2006,1992,여,8,중등,중등,1,4,2,N
78ca889b0543,2006,1983,남,17,대학·일반,대학·일반,1,4,2,N
79ae0d5998d5,2006,1993,여,7,중등,중등,1,3,2,N
7a327b933fcf,2006,1980,남,20,대학·일반,대학·일반,1,3,2,N
7ba47907d375,2006,1994,남,6,초등,초등,1,6,2,N
7c5808f07c72,2006,1995,남,5,초등,초등,1,2,2,N
7dad824c884d,2006,1992,여,8,중등,중등,1,2,2,N
7fad02e54fdc,2006,1996,남,4,초등,초등,1,4,1|2,N
811dec6e3ad3,2006,1994,남,6,초등,초등,1,6,2,N
82baf36eaef3,2006,1958,남,42,대학·일반,대학·일반,1,2,2,N
83bb9ef5e6b5,2006,1985,남,15,대학·일반,대학·일반,1,3,2,N
8479f75333fb,2006,1987,남,13,대학·일반,대학·일반,1,4,2,N
848ae7cf03ef,2006,1993,남,7,중등,중등,1,2,2,N
867a4d62483e,2006,1995,남,5,초등,초등,1,1,2,N
86887407de94,2006,1986,여,14,대학·일반,대학·일반,1,2,2,N
86e080aa0611,2006,1992,남,8,중등,중등,1,2,2,N
8813b3e58801,2006,1992,남,8,중등,중등,1,5,2,N
8970c464b9f4,2006,1993,남,7,중등,중등,1,3,2,N
8b63c19ea1b3,2006,1982,여,18,대학·일반,대학·일반,1,2,2,N
8c1f0bb5bd9e,2006,1993,남,7,중등,중등,1,2,2,N
8cd44ee59ba5,2006,1997,여,3,초등,초등,1,2,2,N
8e3e74877d31,2006,1998,여,2,초등,초등,1,1,2,N
8f1a4f2282cf,2006,1987,남,13,대학·일반,대학·일반,1,3,2,N
8f2c757086f5,2006,1960,여,40,대학·일반,대학·일반,1,2,2,N
8f46bcdf68e5,2006,1997,남,3,초등,초등,1,3,2,N
9062f24f709d,2006,1991,남,9,중등,중등,1,2,2,N
90d84f81fc5c,2006,1989,남,11,고등,고등,1,3,2,N
91a4c590d6c0,2006,1973,여,27,대학·일반,대학·일반,1,2,2,N
91b2404fb38a,2006,1991,남,9,중등,중등,1,8,2,N
9222fdaf4c9d,2006,1997,여,3,초등,초등,1,3,2,N
93208f96391b,2006,1963,남,37,대학·일반,대학·일반,1,1,2,N
93535f0fb85d,2006,1985,여,15,대학·일반,대학·일반,1,2,2,N
93ea3ce3de52,2006,1995,여,5,초등,초등,1,6,2,N
94677631a5cb,2006,1996,남,4,초등,초등,1,4,1|2,N
96f5a11bda66,2006,1990,남,10,고등,고등,1,2,2,N
983ec6748edb,2006,1996,여,4,초등,초등,1,2,2,N
99c3290d8c36,2006,1962,남,38,대학·일반,대학·일반,1,2,2,N
99f40318b5ec,2006,1997,여,3,초등,초등,1,2,2,N
9d1a843b9f83,2006,1981,여,19,대학·일반,대학·일반,1,2,2,N
9d5453b2ab94,2006,1988,남,12,고등,고등,1,3,2,N
9f0e1d6faa94,2006,1990,남,10,고등,고등,1,1,2,N
9f82f48a01db,2006,1985,남,15,대학·일반,대학·일반,1,4,2,N
a01c4784bda5,2006,1995,남,5,초등,초등,1,2,2,N
a0de74945cd5,2006,1997,여,3,초등,초등,1,3,2,N
a15ddf7281f5,2006,1985,남,15,대학·일반,대학·일반,1,5,2,N
a1f37c87087b,2006,1997,남,3,초등,초등,1,3,2,N
a488b240507a,2006,1961,여,39,대학·일반,대학·일반,1,2,2,N
a598eab16662,2006,1989,여,11,고등,고등,1,3,2,N
a6852bc3f5b9,2006,1995,남,5,초등,초등,1,6,2,N
a71c3c6038a8,2006,1996,여,4,초등,초등,1,2,2,N
a75e2f14bd29,2006,1998,남,2,초등,초등,1,2,2,N
a765c0d58fea,2006,1985,여,15,대학·일반,대학·일반,1,3,2,N
a9c24d83a06b,2006,1989,여,11,고등,고등,1,2,2,N
aa5b1901f36e,2006,1990,남,10,고등,고등,1,2,2,N
aba961280670,2006,1985,남,15,대학·일반,대학·일반,1,5,2,N
acac3d142d7b,2006,1989,여,11,고등,고등,1,2,2,N
ae785a71ea2d,2006,1990,여,10,고등,고등,1,2,2,N
aec3d4890d1d,2006,1994,여,6,초등,초등,1,5,2,N
af5f9ce8641e,2006,1996,남,4,초등,초등,1,7,2,N
af613fde6bf6,2006,1993,여,7,중등,중등,1,5,2,N
af898ae6a548,2006,1985,남,15,대학·일반,대학·일반,1,5,2,N
b039ac988a07,2006,1990,남,10,고등,고등,1,4,2,N
b13b3d5dfd31,2006,1990,남,10,고등,고등,1,2,2,N
b23ef5311053,2006,1996,남,4,초등,초등,1,3,2,N
b247735762fa,2006,1991,여,9,중등,중등,1,2,2,N
b4e504709892,2006,1998,남,2,초등,초등,1,2,2,N
b5b94e97b0eb,2006,1989,여,11,고등,고등,1,2,2,N
b5e12f4b2d19,2006,1992,여,8,중등,중등,1,5,2,N
b699495e24aa,2006,1988,남,12,고등,고등,1,2,2,N
b7bb17f0d8f0,2006,1996,남,4,초등,초등,1,4,2,N
b803e1a4c02e,2006,1987,여,13,대학·일반,대학·일반,1,3,2,N
b98baeab3ecf,2006,1982,여,18,대학·일반,대학·일반,1,2,2,N
b9d76942397b,2006,1988,남,12,고등,고등,1,4,2,N
ba10717f413e,2006,1992,여,8,중등,중등,1,2,2,N
ba137adc112d,2006,1991,여,9,중등,고등,1,3,2,N
bac68acf29ff,2006,1992,여,8,중등,중등,1,5,2,N
bad58700eefa,2006,1994,남,6,초등,초등,1,3,2,N
bda07c64e0d7,2006,1998,남,2,초등,초등,1,4,1|2,N
be55d9533923,2006,1964,남,36,대학·일반,대학·일반,1,3,2,N
be908d8b267f,2006,1996,여,4,초등,초등,1,3,2,N
c088d6dfee2c,2006,1993,남,7,중등,중등,1,3,2,N
c0d64d87b6f0,2006,1988,여,12,고등,고등,1,2,2,N
c1a1edc25cac,2006,1987,남,13,대학·일반,대학·일반,1,4,2,N
c31c57957ac5,2006,1995,남,5,초등,초등,1,6,2,N
c3d174bd7b0d,2006,1994,여,6,초등,초등,1,8,2,N
c4537e6535c0,2006,1998,남,2,초등,초등,1,1,2,N
c584956e3254,2006,1997,남,3,초등,초등,1,3,2,N
c5f8853cdb58,2006,1995,여,5,초등,초등,1,6,2,N
c74ff3dead88,2006,1988,남,12,고등,대학·일반,1,2,2,N
c89ae9d8de3c,2006,1990,남,10,고등,고등,1,2,2,N
c986ac4282ff,2006,1996,남,4,초등,초등,1,3,2,N
cab67bcee5d4,2006,1987,남,13,대학·일반,대학·일반,1,4,2,N
cbcbabc66c25,2006,1965,여,35,대학·일반,대학·일반,1,2,2,N
cc8aacdad28a,2006,1995,남,5,초등,초등,1,4,1|2,N
ccf59ce133d9,2006,1985,남,15,대학·일반,대학·일반,1,1,2,N
ce0155d99725,2006,1992,여,8,중등,중등,1,2,2,N
ceee39590d44,2006,1987,여,13,대학·일반,대학·일반,1,3,2,N
cf724ab5e04b,2006,1997,남,3,초등,초등,1,6,2,N
d05c19e307a9,2006,1988,여,12,고등,고등,1,2,2,N
d1d65ce6c04c,2006,1969,남,31,대학·일반,대학·일반,1,3,2,N
d2529fb44dab,2006,1995,여,5,초등,초등,1,4,2,N
d2f949849085,2006,1963,남,37,대학·일반,대학·일반,1,3,2,N
d450334d5fda,2006,1993,남,7,중등,중등,1,2,2,N
d5272b79a481,2006,1994,여,6,초등,초등,1,8,2,N
d648010916b3,2006,1989,남,11,고등,고등,1,5,2,N
d66fe4ac13ba,2006,1992,남,8,중등,중등,1,2,1,N
d7d7c6478ccd,2006,1995,남,5,초등,초등,1,5,2,N
d7feb4abef2c,2006,1991,남,9,중등,중등,1,5,2,N
d9e1451f260a,2006,1986,남,14,대학·일반,대학·일반,1,4,2,N
d9ea856ffc04,2006,1991,남,9,중등,중등,1,3,2,N
d9eb328b75b3,2006,1996,여,4,초등,초등,1,2,2,N
da074dfc95bc,2006,1996,남,4,초등,초등,1,4,2,N
da2f19d481de,2006,1997,남,3,초등,초등,1,1,2,N
db8b19278a09,2006,1992,여,8,중등,중등,1,4,2,N
dbe9eb2ab621,2006,1997,남,3,초등,초등,1,4,2,N
de04d8551f85,2006,1993,여,7,중등,중등,1,5,2,N
de1a37e081c7,2006,1994,남,6,초등,초등,1,7,2,N
dead955b9f4a,2006,1981,남,19,대학·일반,대학·일반,1,3,2,N
df0e87cc1575,2006,1997,여,3,초등,초등,1,2,2,N
e02e5ece24f5,2006,1988,남,12,고등,고등,1,5,2,N
e035dd2d8dd1,2006,1998,남,2,초등,초등,1,2,2,N
e0c8d6d91885,2006,1996,남,4,초등,초등,1,6,2,N
e2b11f1f8811,2006,1994,남,6,초등,초등,1,2,2,N
e353f8b619cb,2006,1993,남,7,중등,중등,1,5,2,N
e376b8d1e5d2,2006,1989,남,11,고등,고등,1,3,2,N
e3bd567ad8c2,2006,1992,남,8,중등,중등,1,2,2,N
e52eb36bd534,2006,1991,남,9,중등,중등,1,6,2,N
e7c8828467ef,2006,1988,여,12,고등,고등,1,3,2,N
ed484b1c7b7c,2006,1994,남,6,초등,초등,1,5,2,N
ed87b0533c13,2006,1992,남,8,중등,중등,1,3,2,N
edb109a26935,2006,1968,남,32,대학·일반,대학·일반,1,2,2,N
edb357db45c8,2006,1991,남,9,중등,중등,1,6,2,N
ef1251926c55,2006,1995,남,5,초등,초등,1,2,2,N
f145e63d5ed5,2006,1993,여,7,중등,중등,1,2,2,N
f17bd9cb7818,2006,1989,남,11,고등,고등,1,4,2,N
f2b1ce560ae8,2006,1991,여,9,중등,중등,1,2,2,N
f47f31b344a7,2006,1988,남,12,고등,고등,1,5,2,N
f584aca5c0db,2006,1964,남,36,대학·일반,대학·일반,1,1,2,N
f6c165689145,2006,1996,남,4,초등,초등,1,3,2,N
f6cfa91a4aa0,2006,1981,여,19,대학·일반,대학·일반,1,3,2,N
f7586faa9b4b,2006,1995,여,5,초등,초등,1,2,2,N
f7b21c318096,2006,1987,남,13,대학·일반,대학·일반,1,3,2,N
f9485279a90f,2006,1995,여,5,초등,초등,1,6,2,N
f998f5d02d84,2006,1998,남,2,초등,초등,1,1,2,N
faf222e8aacc,2006,1996,남,4,초등,초등,1,2,2,N
fc4b158387cd,2006,1996,남,4,초등,초등,1,1,2,N
fcaf4a531687,2006,1991,남,9,중등,중등,1,2,1,N
fd8b316c68e4,2006,1994,남,6,초등,초등,1,1,2,N
fde970be336a,2006,1983,남,17,대학·일반,대학·일반,1,5,2,N
ff65337f79d1,2006,1986,여,14,대학·일반,대학·일반,1,2,2,N
ff81aa9e113e,2006,1991,여,9,중등,중등,1,4,2,N
ffa09b3e968a,2006,1997,여,3,초등,초등,1,3,2,N
ffdeddf2cdff,2006,1980,여,20,대학·일반,대학·일반,1,2,2,N
003a4f4bf634,2007,1992,남,9,중등,중등,2,6,2,N
013ffe268093,2007,1995,남,6,초등,초등,3,10,1|2,N
03864a5f44da,2007,1987,여,14,대학·일반,대학·일반,1,2,2,N
03a71cae72a1,2007,1986,여,15,대학·일반,대학·일반,2,4,2,N
04c5a22f8436,2007,1990,여,11,고등,고등,2,8,2,N
0560c00c0517,2007,1995,남,6,초등,초등,1,7,2,N
057e219fc79b,2007,1995,남,6,초등,초등,1,5,2,N
059632336a62,2007,1985,남,16,대학·일반,대학·일반,2,8,2,N
05ba5d870049,2007,1998,여,3,초등,초등,1,6,2,N
0687308f5775,2007,1995,여,6,초등,초등,1,7,2,N
06a2e9a7cbaa,2007,1988,여,13,대학·일반,대학·일반,2,5,2,N
093751dfd382,2007,1990,여,11,고등,고등,2,6,2,N
09a141acd968,2007,1988,남,13,대학·일반,고등,1,2,2,N
0aa4c3c53f54,2007,1996,남,5,초등,초등,1,2,2,N
0af1f8641a01,2007,1993,남,8,중등,중등,2,7,2,N
0b0d5f9ed4ff,2007,1997,여,4,초등,초등,1,5,2,N
0b22f4ac3c5a,2007,1983,여,18,대학·일반,대학·일반,2,7,2,N
0db5810a67de,2007,1992,남,9,중등,중등,2,8,2,N
0dd2b5579ad1,2007,1995,남,6,초등,초등,2,12,2,N
0e336592b3d6,2007,1984,남,17,대학·일반,대학·일반,2,6,2,N
0ea0f5ea4950,2007,1989,남,12,고등,고등,2,7,2,N
0ebee756e8e4,2007,1995,여,6,초등,초등,1,2,2,N
0f41fbece094,2007,1995,남,6,초등,초등,1,6,2,N
0f4ddee2a4bf,2007,1995,여,6,초등,초등,1,2,2,N
1019c9947000,2007,1997,남,4,초등,초등,1,5,2,N
10d54ed3e18e,2007,1994,남,7,중등,중등,2,6,2,N
113bdf7467e4,2007,1998,남,3,초등,초등,1,4,2,N
120a8bdd9867,2007,1994,남,7,중등,중등,2,6,2,N
121f5b9adbcf,2007,1995,남,6,초등,초등,1,1,2,N
13234d547fef,2007,1997,여,4,초등,초등,2,6,2,N
14a21cfa416a,2007,1993,여,8,중등,중등,2,8,2,N
1502df7edb16,2007,1994,남,7,중등,중등,2,6,2,N
16e8c6d7367d,2007,1992,여,9,중등,중등,2,7,2,N
17113bcfe022,2007,1995,남,6,초등,초등,1,5,2,N
17e7c6ce5ee3,2007,1989,남,12,고등,대학·일반,2,9,2,N
18ee553f4b1f,2007,1997,남,4,초등,초등,2,8,2,N
197892c3e852,2007,1997,남,4,초등,초등,1,2,2,N
1991b251b243,2007,1998,여,3,초등,초등,1,4,2,N
1b11ac92f237,2007,1980,남,21,대학·일반,대학·일반,1,4,2,N
1c1883e3e060,2007,1988,남,13,대학·일반,대학·일반,2,8,2,N
1c5e68f84cf3,2007,1998,남,3,초등,초등,1,4,2,N
1c75a270f566,2007,1994,여,7,중등,중등,1,5,2,N
1c95897f5874,2007,1996,남,5,초등,초등,1,6,2,N
1d832ec4e806,2007,1998,여,3,초등,초등,1,2,2,N
1de8837fcb8c,2007,1997,남,4,초등,초등,1,5,2,N
1e0cbcf31898,2007,1999,남,2,초등,초등,2,8,1|2,N
1f0954e96210,2007,1989,남,12,고등,고등,2,11,2,N
1f0f26f535e5,2007,1991,여,10,고등,고등,2,8,2,N
1f402285733b,2007,1991,남,10,고등,고등,1,5,2,N
1f7edacccc17,2007,1997,여,4,초등,초등,2,7,2,N
1fb0966c3867,2007,1997,남,4,초등,초등,2,5,2,N
208788bfc4a2,2007,1996,남,5,초등,초등,1,1,2,N
209d7f786bd2,2007,1992,여,9,중등,중등,2,6,2,N
213dd96bc532,2007,1994,남,7,중등,중등,2,6,2,N
225fb455c010,2007,1993,남,8,중등,중등,2,9,2,N
22c70867823a,2007,1993,남,8,중등,중등,2,7,2,N
23229c9f004b,2007,1998,남,3,초등,초등,1,1,2,N
233b40519c1a,2007,1997,여,4,초등,초등,2,7,2,N
2340f7c314fd,2007,1996,남,5,초등,초등,2,3,2,N
23fdd3113f3e,2007,1994,여,7,중등,중등,2,7,2,N
24eae5e24b66,2007,1996,여,5,초등,초등,1,6,2,N
25316ea32f0b,2007,1983,남,18,대학·일반,대학·일반,2,6,2,N
25aaa6f75c68,2007,1997,여,4,초등,초등,1,5,2,N
26d5bb612f35,2007,1993,남,8,중등,중등,2,11,2,N
26ea0b5729cc,2007,1995,여,6,초등,초등,1,5,2,N
278b8984168a,2007,1997,남,4,초등,초등,1,4,2,N
2796274b6b7c,2007,1989,남,12,고등,고등,2,7,2,N
27b173f8fe71,2007,1984,여,17,대학·일반,대학·일반,1,2,2,N
2800c29284fd,2007,1957,여,44,대학·일반,대학·일반,2,5,2,N
284cc082d4eb,2007,1990,여,11,고등,고등,2,8,2,N
28a8c1500f26,2007,1996,여,5,초등,초등,2,10,2,N
28cbe64faa7e,2007,1972,남,29,대학·일반,대학·일반,1,4,2,N
2909bacf2b4c,2007,1990,남,11,고등,고등,2,8,2,N
2af4aa3d8347,2007,1993,여,8,중등,중등,2,9,2,N
2b4eca169bba,2007,1986,남,15,대학·일반,대학·일반,2,8,2,N
2b5f31869781,2007,1997,여,4,초등,초등,1,8,2,N
2bd45abdf686,2007,1996,여,5,초등,초등,2,10,2,N
2c021d98fc97,2007,1992,남,9,중등,중등,1,2,2,N
2cb5dcec1fea,2007,1996,남,5,초등,초등,1,6,2,N
2cd17c6a3c6f,2007,1990,남,11,고등,중등,1,2,2,N
2d46caf4d922,2007,1994,남,7,중등,초등,1,2,2,N
2dfec49bed16,2007,1990,남,11,고등,고등,2,7,2,N
2e3db3c28a4b,2007,1996,남,5,초등,초등,1,8,2,N
2e607341fcd3,2007,1992,남,9,중등,중등,2,10,2,N
2f428e11b789,2007,1996,남,5,초등,초등,2,9,2,N
31933d64c233,2007,1996,남,5,초등,초등,1,4,2,N
31deaa043f12,2007,1997,여,4,초등,초등,2,9,2,N
3281617690c3,2007,1995,남,6,초등,초등,2,8,1|2,N
33fde8305857,2007,1997,여,4,초등,초등,1,5,2,N
353c5f11b576,2007,1964,여,37,대학·일반,대학·일반,1,2,2,N
360ca438dd1b,2007,1994,여,7,중등,중등,2,6,2,N
386a61e110a7,2007,1992,남,9,중등,중등,2,7,2,N
3941377e2539,2007,1985,남,16,대학·일반,대학·일반,1,6,2,N
399812def382,2007,1997,남,4,초등,초등,1,2,2,N
39f6621d7e2b,2007,1995,여,6,초등,초등,2,8,2,N
3a0c05301215,2007,1994,여,7,중등,초등,1,2,2,N
3b0d6635d264,2007,1995,남,6,초등,중등,2,6,2,N
3b8c3f7937a3,2007,1991,여,10,고등,고등,1,6,2,N
3bc573dec665,2007,1971,남,30,대학·일반,대학·일반,1,4,2,N
3e80a02ff6a1,2007,1997,남,4,초등,초등,2,5,2,N
3ee0582d221b,2007,1992,남,9,중등,중등,1,4,2,N
3f1788095245,2007,1988,여,13,대학·일반,대학·일반,2,6,2,N
40edf77df701,2007,1995,남,6,초등,초등,1,2,2,N
410165e0952a,2007,1988,여,13,대학·일반,대학·일반,2,6,2,N
41505a8e971a,2007,1982,남,19,대학·일반,대학·일반,2,10,2,N
41d894c45470,2007,1998,남,3,초등,초등,2,6,2,N
41daacdce9f4,2007,1986,남,15,대학·일반,대학·일반,1,2,2,N
41e6b8ece69c,2007,1982,남,19,대학·일반,대학·일반,1,6,2,N
4280c7cb11a8,2007,1995,여,6,초등,초등,1,2,2,N
42a2af913d30,2007,1998,남,3,초등,초등,1,6,2,N
42c665383c05,2007,1990,남,11,고등,고등,2,11,2,N
43f440a30a61,2007,1987,남,14,대학·일반,대학·일반,2,8,2,N
445c1ffd77ff,2007,1987,남,14,대학·일반,대학·일반,2,7,2,N
44ce8b98600d,2007,1989,여,12,고등,대학·일반,2,6,2,N
45cd73afc9d3,2007,1992,남,9,중등,중등,1,6,2,N
4646f63de992,2007,1983,남,18,대학·일반,대학·일반,1,2,2,N
469128197622,2007,1996,남,5,초등,초등,2,7,2,N
4773cab8f530,2007,1994,남,7,중등,중등,2,10,2,N
48c0037b849a,2007,1995,여,6,초등,초등,2,7,2,N
48eed1d4a807,2007,1997,여,4,초등,초등,1,2,2,N
4ab142155140,2007,1992,남,9,중등,중등,1,6,2,N
4af9b5fd38fd,2007,1984,남,17,대학·일반,대학·일반,1,6,2,N
4b99e8f0642d,2007,1985,여,16,대학·일반,대학·일반,1,3,2,N
4d478dab67e1,2007,1994,남,7,중등,중등,1,4,2,N
4ded9774e8af,2007,1984,남,17,대학·일반,대학·일반,2,11,2,N
4e6b997a8725,2007,1989,여,12,고등,고등,2,8,2,N
4f42cd0206f2,2007,1989,남,12,고등,대학·일반,2,7,2,N
4f8d3f680d61,2007,1997,남,4,초등,초등,1,2,2,N
5085ca159c8f,2007,1988,남,13,대학·일반,대학·일반,2,6,2,N
50bb4357045f,2007,1999,남,2,초등,초등,1,4,2,N
5140194a098d,2007,1993,남,8,중등,중등,2,8,2,N
522178dded04,2007,1993,남,8,중등,중등,1,2,2,N
52f0bfd82915,2007,1967,여,34,대학·일반,대학·일반,1,2,2,N
52fb82ab3a08,2007,1990,남,11,고등,고등,2,7,2,N
55354c9371d1,2007,1992,남,9,중등,중등,2,6,2,N
553b3be74f3e,2007,1992,여,9,중등,중등,2,8,2,N
562e5fe825a7,2007,1995,여,6,초등,초등,1,2,2,N
568d30615abe,2007,1993,여,8,중등,중등,1,2,2,N
570ba29fd1bf,2007,1997,남,4,초등,초등,1,4,2,N
5895d578875a,2007,1993,여,8,중등,중등,2,7,2,N
58c7e9519e49,2007,1989,남,12,고등,고등,1,2,2,N
58e0de64f75b,2007,1989,여,12,고등,고등,2,7,2,N
590deecb8409,2007,1962,남,39,대학·일반,대학·일반,1,1,2,N
5946862e40e4,2007,1997,남,4,초등,초등,1,5,2,N
5979e84dd54c,2007,1998,여,3,초등,초등,1,4,2,N
5a48fa55599c,2007,1996,여,5,초등,초등,2,9,2,N
5ada9c5b317e,2007,1997,여,4,초등,초등,1,5,2,N
5ba6602282a6,2007,1998,여,3,초등,초등,2,7,2,N
5bae8dbea2a0,2007,1995,남,6,초등,초등,2,12,2,N
5c46ec9fe215,2007,1997,남,4,초등,초등,1,1,2,N
5c75f5194b15,2007,1990,남,11,고등,고등,2,7,2,N
5c8a7319c979,2007,1998,남,3,초등,초등,1,4,2,N
5eb13f527fe7,2007,1992,여,9,중등,고등,2,8,2,N
5ec15f0604fb,2007,1985,남,16,대학·일반,대학·일반,2,9,2,N
5f9645c292e9,2007,1992,남,9,중등,중등,2,12,2,N
5ff1e218fcd8,2007,1991,남,10,고등,고등,2,6,2,N
60250f5316db,2007,1995,여,6,초등,초등,1,7,2,N
60eaac476253,2007,1988,여,13,대학·일반,대학·일반,2,6,2,N
62c11a801dcd,2007,1988,남,13,대학·일반,대학·일반,2,6,2,N
630c5a5cdfd2,2007,1986,남,15,대학·일반,대학·일반,2,6,2,N
634ddb0fe080,2007,1991,남,10,고등,중등,1,2,2,N
6352595f975c,2007,1992,남,9,중등,고등,2,9,2,N
63635f6574ae,2007,1996,여,5,초등,초등,2,6,2,N
643e2bd747aa,2007,1987,여,14,대학·일반,대학·일반,1,2,2,N
64762911db97,2007,1993,남,8,중등,중등,2,10,2,N
64ccdf0998d0,2007,1985,여,16,대학·일반,대학·일반,1,2,2,N
652cac194737,2007,1991,남,10,고등,고등,2,8,2,N
6534884917ea,2007,1991,여,10,고등,고등,1,5,2,N
65b8db63a6f3,2007,1995,여,6,초등,초등,1,2,2,N
65dd4577519a,2007,1991,남,10,고등,고등,2,6,2,N
669f394d43bf,2007,1996,남,5,초등,초등,1,1,2,N
670cacd56ebc,2007,1993,여,8,중등,중등,2,8,2,N
67801385bcaa,2007,1990,남,11,고등,고등,1,4,2,N
67c82e980096,2007,1991,남,10,고등,고등,2,7,2,N
6a06ceea920f,2007,1993,여,8,중등,중등,1,2,2,N
6a079b9181c5,2007,1988,여,13,대학·일반,대학·일반,2,8,2,N
6a1768916603,2007,1990,여,11,고등,고등,2,7,2,N
6a24f85ba7f3,2007,1993,남,8,중등,중등,2,7,2,N
6a9b86db8452,2007,1995,남,6,초등,초등,2,11,2,N
6b07a2191c5f,2007,1995,남,6,초등,초등,1,2,2,N
6b1054af486e,2007,1995,여,6,초등,초등,1,10,2,N
6b1db24cd950,2007,1999,남,2,초등,초등,1,5,2,N
6b6217835a81,2007,1993,남,8,중등,중등,2,7,2,N
6c14525d9ac7,2007,1992,남,9,중등,중등,2,10,2,N
6d16ce9fa92e,2007,1988,여,13,대학·일반,대학·일반,2,8,2,N
6ea2e7a25605,2007,1997,남,4,초등,초등,1,1,2,N
6eb4cb0c489c,2007,1983,여,18,대학·일반,대학·일반,2,5,2,N
703d71ebe1bf,2007,1990,남,11,고등,고등,2,8,2,N
705bb485ca5f,2007,1990,남,11,고등,고등,2,7,2,N
715cec6a3d40,2007,1998,남,3,초등,초등,1,6,2,N
716122f09a99,2007,1991,여,10,고등,고등,2,7,2,N
71d0f368817c,2007,1987,남,14,대학·일반,대학·일반,2,8,2,N
73f7e164b027,2007,1982,남,19,대학·일반,대학·일반,2,11,2,N
743406386e3c,2007,1983,남,18,대학·일반,대학·일반,1,4,2,N
747998c3be2f,2007,1965,남,36,대학·일반,대학·일반,2,7,2,N
75613589746d,2007,1996,남,5,초등,초등,2,8,2,N
769c547e8d2e,2007,1996,여,5,초등,초등,1,2,2,N
76d7fa10b2b4,2007,1983,여,18,대학·일반,대학·일반,1,2,2,N
76f5009703cd,2007,1998,남,3,초등,초등,1,4,2,N
779035097887,2007,1991,남,10,고등,고등,2,6,2,N
77aea32d94e2,2007,1995,여,6,초등,초등,2,10,2,N
7846ebce93a3,2007,1986,여,15,대학·일반,대학·일반,1,2,1,N
7888da2a2b75,2007,1993,남,8,중등,중등,2,7,2,N
78b743c5bff1,2007,1992,여,9,중등,중등,2,9,2,N
78ca889b0543,2007,1983,남,18,대학·일반,대학·일반,2,7,2,N
78ce4ef94fb2,2007,1994,남,7,중등,중등,1,5,2,N
79ae0d5998d5,2007,1993,여,8,중등,중등,2,7,2,N
7a327b933fcf,2007,1980,남,21,대학·일반,대학·일반,1,2,2,N
7abf37c335c1,2007,1990,남,11,고등,고등,1,6,2,N
7ba47907d375,2007,1994,남,7,중등,중등,2,7,2,N
7c5808f07c72,2007,1995,남,6,초등,초등,1,2,2,N
7dad824c884d,2007,1992,여,9,중등,중등,2,6,2,N
7fad02e54fdc,2007,1996,남,5,초등,초등,1,7,2,N
811dec6e3ad3,2007,1994,남,7,중등,중등,2,9,2,N
82baf36eaef3,2007,1958,남,43,대학·일반,대학·일반,2,5,2,N
83bb9ef5e6b5,2007,1985,남,16,대학·일반,대학·일반,2,6,2,N
8479f75333fb,2007,1987,남,14,대학·일반,대학·일반,2,6,2,N
848ae7cf03ef,2007,1993,남,8,중등,중등,2,7,2,N
867a4d62483e,2007,1995,남,6,초등,초등,1,1,2,N
86887407de94,2007,1986,여,15,대학·일반,대학·일반,2,8,2,N
86b41b0ffde8,2007,1984,남,17,대학·일반,대학·일반,1,4,2,N
86e080aa0611,2007,1992,남,9,중등,중등,2,7,2,N
8813b3e58801,2007,1992,남,9,중등,중등,2,12,2,N
8970c464b9f4,2007,1993,남,8,중등,중등,1,2,2,N
8b63c19ea1b3,2007,1982,여,19,대학·일반,대학·일반,1,2,2,N
8c1f0bb5bd9e,2007,1993,남,8,중등,중등,2,7,2,N
8c464f28a5bd,2007,1998,여,3,초등,초등,1,4,2,N
8cd122f40903,2007,1998,남,3,초등,초등,1,6,2,N
8cd44ee59ba5,2007,1997,여,4,초등,초등,1,2,2,N
8d9a0852d766,2007,1993,남,8,중등,중등,1,4,2,N
8e3e74877d31,2007,1998,여,3,초등,초등,1,1,2,N
8ec9a37d1317,2007,1998,남,3,초등,초등,1,5,2,N
8f1a4f2282cf,2007,1987,남,14,대학·일반,대학·일반,2,9,2,N
8f2c757086f5,2007,1960,여,41,대학·일반,대학·일반,2,6,2,N
8f46bcdf68e5,2007,1997,남,4,초등,초등,2,8,2,N
900df6910556,2007,1999,여,2,초등,초등,1,5,2,N
9062f24f709d,2007,1991,남,10,고등,중등,1,2,2,N
90d84f81fc5c,2007,1989,남,12,고등,고등,2,10,2,N
916d7aceb74d,2007,1984,여,17,대학·일반,대학·일반,1,6,2,N
91a4c590d6c0,2007,1973,여,28,대학·일반,대학·일반,2,6,2,N
91b2404fb38a,2007,1991,남,10,고등,고등,2,7,2,N
9222fdaf4c9d,2007,1997,여,4,초등,초등,2,6,2,N
93208f96391b,2007,1963,남,38,대학·일반,대학·일반,1,1,2,N
93535f0fb85d,2007,1985,여,16,대학·일반,대학·일반,2,4,2,N
9379ca2b18ef,2007,1995,남,6,초등,초등,1,5,2,N
93ea3ce3de52,2007,1995,여,6,초등,초등,2,8,2,N
94677631a5cb,2007,1996,남,5,초등,초등,2,8,1|2,N
96f5a11bda66,2007,1990,남,11,고등,고등,1,2,2,N
983ec6748edb,2007,1996,여,5,초등,초등,2,6,2,N
99c3290d8c36,2007,1962,남,39,대학·일반,대학·일반,1,2,2,N
99f40318b5ec,2007,1997,여,4,초등,초등,1,2,2,N
9acf72cf60a7,2007,1996,여,5,초등,초등,1,4,1,N
9addc1f30c15,2007,1996,남,5,초등,초등,1,5,2,N
9c86f94c6306,2007,1997,여,4,초등,초등,1,5,2,N
9d179c0e30b9,2007,1999,남,2,초등,초등,1,4,2,N
9d1a843b9f83,2007,1981,여,20,대학·일반,대학·일반,1,2,2,N
9d5453b2ab94,2007,1988,남,13,대학·일반,고등,1,2,2,N
9f0e1d6faa94,2007,1990,남,11,고등,고등,1,1,2,N
9f82f48a01db,2007,1985,남,16,대학·일반,대학·일반,2,6,2,N
9f87d6c741dc,2007,1999,남,2,초등,초등,1,4,2,N
a01c4784bda5,2007,1995,남,6,초등,초등,1,2,2,N
a095c7277f13,2007,1997,여,4,초등,초등,1,4,2,N
a0de74945cd5,2007,1997,여,4,초등,초등,1,2,2,N
a15ddf7281f5,2007,1985,남,16,대학·일반,대학·일반,2,9,2,N
a196952b4e61,2007,1968,여,33,대학·일반,대학·일반,1,4,2,N
a1f37c87087b,2007,1997,남,4,초등,초등,1,2,2,N
a305c2ca5547,2007,1997,남,4,초등,초등,1,6,2,N
a488b240507a,2007,1961,여,40,대학·일반,대학·일반,2,4,2,N
a598eab16662,2007,1989,여,12,고등,대학·일반,2,8,2,N
a60f8826a2f7,2007,1963,남,38,대학·일반,대학·일반,1,4,2,N
a6852bc3f5b9,2007,1995,남,6,초등,초등,2,10,2,N
a71c3c6038a8,2007,1996,여,5,초등,초등,2,6,2,N
a75e2f14bd29,2007,1998,남,3,초등,초등,2,6,2,N
a765c0d58fea,2007,1985,여,16,대학·일반,대학·일반,2,8,2,N
a9c24d83a06b,2007,1989,여,12,고등,고등,2,7,2,N
a9dfbb59bbf5,2007,1995,여,6,초등,초등,1,4,2,N
aa5b1901f36e,2007,1990,남,11,고등,고등,2,9,2,N
aba961280670,2007,1985,남,16,대학·일반,대학·일반,1,2,2,N
acac3d142d7b,2007,1989,여,12,고등,고등,2,7,2,N
ae6dd5c70109,2007,1997,남,4,초등,초등,1,5,2,N
ae785a71ea2d,2007,1990,여,11,고등,고등,2,7,2,N
aec3d4890d1d,2007,1994,여,7,중등,초등,1,2,2,N
af5f9ce8641e,2007,1996,남,5,초등,초등,2,12,2,N
af613fde6bf6,2007,1993,여,8,중등,중등,2,9,2,N
af898ae6a548,2007,1985,남,16,대학·일반,대학·일반,1,2,2,N
afcf60305d72,2007,1997,여,4,초등,초등,1,4,2,N
b039ac988a07,2007,1990,남,11,고등,고등,2,8,2,N
b13b3d5dfd31,2007,1990,남,11,고등,고등,2,6,2,N
b18b368d31d8,2007,1994,남,7,중등,중등,1,6,2,N
b23ef5311053,2007,1996,남,5,초등,초등,2,10,2,N
b247735762fa,2007,1991,여,10,고등,고등,2,6,2,N
b4e504709892,2007,1998,남,3,초등,초등,1,2,2,N
b5b94e97b0eb,2007,1989,여,12,고등,고등,2,7,2,N
b5e12f4b2d19,2007,1992,여,9,중등,중등,2,7,2,N
b5f11360667c,2007,1998,여,3,초등,초등,1,4,1,N
b699495e24aa,2007,1988,남,13,대학·일반,대학·일반,2,8,2,N
b7a1e5ed093e,2007,1993,남,8,중등,중등,1,4,2,N
b7bb17f0d8f0,2007,1996,남,5,초등,초등,1,2,2,N
b803e1a4c02e,2007,1987,여,14,대학·일반,대학·일반,2,5,2,N
b98baeab3ecf,2007,1982,여,19,대학·일반,대학·일반,1,2,2,N
b9d76942397b,2007,1988,남,13,대학·일반,대학·일반,2,10,2,N
ba10717f413e,2007,1992,여,9,중등,중등,2,7,2,N
ba137adc112d,2007,1991,여,10,고등,고등,2,6,2,N
bac68acf29ff,2007,1992,여,9,중등,고등,2,8,2,N
bad58700eefa,2007,1994,남,7,중등,중등,2,6,2,N
bda07c64e0d7,2007,1998,남,3,초등,초등,2,8,1|2,N
be55d9533923,2007,1964,남,37,대학·일반,대학·일반,2,5,2,N
be908d8b267f,2007,1996,여,5,초등,초등,2,8,2,N
c088d6dfee2c,2007,1993,남,8,중등,중등,2,9,2,N
c0d64d87b6f0,2007,1988,여,13,대학·일반,대학·일반,2,6,2,N
c1a1edc25cac,2007,1987,남,14,대학·일반,대학·일반,2,6,2,N
c31c57957ac5,2007,1995,남,6,초등,초등,2,10,2,N
c3ba6b4f1789,2007,1999,남,2,초등,초등,1,4,2,N
c3d174bd7b0d,2007,1994,여,7,중등,중등,2,9,2,N
c4537e6535c0,2007,1998,남,3,초등,초등,2,5,2,N
c584956e3254,2007,1997,남,4,초등,초등,2,6,2,N
c5f8853cdb58,2007,1995,여,6,초등,초등,2,10,2,N
c74ff3dead88,2007,1988,남,13,대학·일반,대학·일반,2,4,1|2,N
c89ae9d8de3c,2007,1990,남,11,고등,고등,2,6,2,N
c986ac4282ff,2007,1996,남,5,초등,초등,2,7,2,N
cab67bcee5d4,2007,1987,남,14,대학·일반,대학·일반,2,9,2,N
cbcbabc66c25,2007,1965,여,36,대학·일반,대학·일반,1,2,2,N
cc8aacdad28a,2007,1995,남,6,초등,초등,2,8,1|2,N
ccf59ce133d9,2007,1985,남,16,대학·일반,대학·일반,2,8,2,N
ce0155d99725,2007,1992,여,9,중등,고등,2,6,2,N
ce6a3b41dfe4,2007,1998,남,3,초등,초등,1,4,2,N
ceee39590d44,2007,1987,여,14,대학·일반,대학·일반,2,6,2,N
cf724ab5e04b,2007,1997,남,4,초등,초등,2,8,2,N
d05c19e307a9,2007,1988,여,13,대학·일반,대학·일반,2,5,2,N
d1d65ce6c04c,2007,1969,남,32,대학·일반,대학·일반,2,7,2,N
d2529fb44dab,2007,1995,여,6,초등,중등,2,7,2,N
d2f949849085,2007,1963,남,38,대학·일반,대학·일반,2,8,2,N
d450334d5fda,2007,1993,남,8,중등,중등,2,6,2,N
d5272b79a481,2007,1994,여,7,중등,중등,2,8,2,N
d5f024e48174,2007,1997,남,4,초등,초등,1,4,2,N
d648010916b3,2007,1989,남,12,고등,대학·일반,2,7,2,N
d66fe4ac13ba,2007,1992,남,9,중등,중등,1,5,2,N
d7d7c6478ccd,2007,1995,남,6,초등,초등,2,10,2,N
d7feb4abef2c,2007,1991,남,10,고등,고등,2,7,2,N
d88dd62990ec,2007,1980,남,21,대학·일반,대학·일반,1,3,2,N
d9bea51edd33,2007,1998,남,3,초등,초등,1,4,2,N
d9e1451f260a,2007,1986,남,15,대학·일반,대학·일반,2,9,2,N
d9ea856ffc04,2007,1991,남,10,고등,중등,1,2,2,N
d9eb328b75b3,2007,1996,여,5,초등,초등,2,9,2,N
da074dfc95bc,2007,1996,남,5,초등,초등,2,9,2,N
da2f19d481de,2007,1997,남,4,초등,초등,2,6,2,N
daa3f235edcf,2007,1999,남,2,초등,초등,1,5,2,N
db8b19278a09,2007,1992,여,9,중등,중등,2,4,2,N
dbe9eb2ab621,2007,1997,남,4,초등,초등,2,6,2,N
de04d8551f85,2007,1993,여,8,중등,중등,1,2,2,N
de1a37e081c7,2007,1994,남,7,중등,중등,2,9,2,N
dead955b9f4a,2007,1981,남,20,대학·일반,대학·일반,1,2,2,N
df0e87cc1575,2007,1997,여,4,초등,초등,2,6,2,N
df47739baf30,2007,1990,남,11,고등,고등,1,4,2,N
e02e5ece24f5,2007,1988,남,13,대학·일반,고등,1,2,2,N
e035dd2d8dd1,2007,1998,남,3,초등,초등,2,6,2,N
e0c8d6d91885,2007,1996,남,5,초등,초등,2,8,2,N
e27ba20cc36a,2007,1989,남,12,고등,대학·일반,1,4,2,N
e2b11f1f8811,2007,1994,남,7,중등,초등,1,1,2,N
e353f8b619cb,2007,1993,남,8,중등,중등,2,7,2,N
e376b8d1e5d2,2007,1989,남,12,고등,고등,1,2,2,N
e3bd567ad8c2,2007,1992,남,9,중등,중등,2,7,2,N
e52eb36bd534,2007,1991,남,10,고등,중등,1,2,2,N
e7c8828467ef,2007,1988,여,13,대학·일반,대학·일반,2,6,2,N
e847a448da95,2007,1998,남,3,초등,초등,1,5,2,N
e94ab0bb5548,2007,1997,여,4,초등,초등,1,5,2,N
ed484b1c7b7c,2007,1994,남,7,중등,중등,2,10,2,N
ed87b0533c13,2007,1992,남,9,중등,중등,2,8,2,N
edb109a26935,2007,1968,남,33,대학·일반,대학·일반,2,6,2,N
edb357db45c8,2007,1991,남,10,고등,고등,2,10,2,N
ef1251926c55,2007,1995,남,6,초등,초등,2,7,2,N
f1063e4b08f2,2007,1992,남,9,중등,중등,1,6,2,N
f145e63d5ed5,2007,1993,여,8,중등,중등,2,8,2,N
f17bd9cb7818,2007,1989,남,12,고등,고등,2,8,2,N
f2b1ce560ae8,2007,1991,여,10,고등,고등,2,7,2,N
f3d256520128,2007,1993,남,8,중등,중등,1,4,2,N
f47f31b344a7,2007,1988,남,13,대학·일반,대학·일반,2,8,2,N
f4d2a5032915,2007,1998,여,3,초등,초등,1,4,2,N
f584aca5c0db,2007,1964,남,37,대학·일반,대학·일반,1,1,2,N
f6c165689145,2007,1996,남,5,초등,초등,2,10,2,N
f6cfa91a4aa0,2007,1981,여,20,대학·일반,대학·일반,2,4,1|2,N
f7586faa9b4b,2007,1995,여,6,초등,초등,2,7,2,N
f7b21c318096,2007,1987,남,14,대학·일반,대학·일반,2,8,2,N
f80fd2c30428,2007,1991,남,10,고등,고등,1,5,2,N
f89df0d58ee8,2007,1982,남,19,대학·일반,대학·일반,1,9,2,N
f9485279a90f,2007,1995,여,6,초등,초등,2,12,2,N
f998f5d02d84,2007,1998,남,3,초등,초등,2,5,2,N
faf222e8aacc,2007,1996,남,5,초등,초등,2,9,2,N
fc4b158387cd,2007,1996,남,5,초등,초등,2,5,2,N
fcaf4a531687,2007,1991,남,10,고등,고등,1,2,2,N
fcf1fc1a6e31,2007,1998,남,3,초등,초등,1,5,2,N
fd8b316c68e4,2007,1994,남,7,중등,중등,2,5,2,N
fde970be336a,2007,1983,남,18,대학·일반,대학·일반,1,2,2,N
ff65337f79d1,2007,1986,여,15,대학·일반,대학·일반,2,7,2,N
ff81aa9e113e,2007,1991,여,10,고등,중등,1,2,2,N
ffa09b3e968a,2007,1997,여,4,초등,초등,2,7,2,N
ffdeddf2cdff,2007,1980,여,21,대학·일반,대학·일반,1,2,2,N
ffeccc59b86a,2007,1999,남,2,초등,초등,1,4,2,N
01881fe3de50,2008,2001,남,1,초등,초등,1,2,2,N
0269ef439a52,2008,1999,남,3,초등,초등,1,3,2,N
04a963b500f6,2008,1998,여,4,초등,초등,1,6,2,N
04c5a22f8436,2008,1990,여,12,고등,대학·일반,1,3,2,N
0560c00c0517,2008,1995,남,7,중등,중등,1,3,2,N
05ba5d870049,2008,1998,여,4,초등,초등,1,3,2,N
05ff88e16da8,2008,1998,남,4,초등,초등,1,4,2,N
0687308f5775,2008,1995,여,7,중등,중등,1,2,2,N
06a2e9a7cbaa,2008,1988,여,14,대학·일반,대학·일반,1,1,2,N
093751dfd382,2008,1990,여,12,고등,고등,1,2,1,N
09a141acd968,2008,1988,남,14,대학·일반,대학·일반,1,2,2,N
0a2de10b61d7,2008,2000,여,2,초등,초등,1,3,2,N
0af1f8641a01,2008,1993,남,9,중등,중등,1,4,2,N
0b0d5f9ed4ff,2008,1997,여,5,초등,초등,1,5,2,N
0b22f4ac3c5a,2008,1983,여,19,대학·일반,대학·일반,1,4,2,N
0db5810a67de,2008,1992,남,10,고등,고등,1,5,2,N
0e336592b3d6,2008,1984,남,18,대학·일반,대학·일반,2,4,2,N
0ea0f5ea4950,2008,1989,남,13,대학·일반,대학·일반,1,4,2,N
0f3c3a1288c4,2008,1997,남,5,초등,초등,1,2,2,N
0f41fbece094,2008,1995,남,7,중등,중등,1,3,2,N
10d54ed3e18e,2008,1994,남,8,중등,중등,1,5,2,N
113bdf7467e4,2008,1998,남,4,초등,초등,1,2,2,N
120a8bdd9867,2008,1994,남,8,중등,중등,1,3,2,N
12857deb2953,2008,1998,여,4,초등,초등,1,4,2,N
13234d547fef,2008,1997,여,5,초등,초등,1,2,2,N
13ae9fc7b1d0,2008,1998,남,4,초등,초등,1,3,2,N
14a21cfa416a,2008,1993,여,9,중등,중등,1,4,2,N
1502df7edb16,2008,1994,남,8,중등,중등,1,3,2,N
17113bcfe022,2008,1995,남,7,중등,중등,1,2,2,N
17e7c6ce5ee3,2008,1989,남,13,대학·일반,대학·일반,1,5,2,N
18ee553f4b1f,2008,1997,남,5,초등,초등,1,4,2,N
1bc9172f3612,2008,1970,남,32,대학·일반,대학·일반,1,2,2,N
1c079abf122e,2008,1999,남,3,초등,초등,1,2,2,N
1c1883e3e060,2008,1988,남,14,대학·일반,대학·일반,1,2,2,N
1c5e68f84cf3,2008,1998,남,4,초등,초등,1,6,2,N
1d22d9c5c421,2008,1995,여,7,중등,중등,1,2,2,N
1d832ec4e806,2008,1998,여,4,초등,초등,1,5,2,N
1de8837fcb8c,2008,1997,남,5,초등,초등,1,4,2,N
1e0cbcf31898,2008,1999,남,3,초등,초등,1,2,2,N
1f0f26f535e5,2008,1991,여,11,고등,고등,1,3,2,N
1f402285733b,2008,1991,남,11,고등,고등,1,3,2,N
1f7edacccc17,2008,1997,여,5,초등,초등,1,5,2,N
1fb0966c3867,2008,1997,남,5,초등,초등,1,1,2,N
209d7f786bd2,2008,1992,여,10,고등,고등,1,2,2,N
213dd96bc532,2008,1994,남,8,중등,중등,1,3,2,N
22196f1cb541,2008,1997,남,5,초등,초등,1,4,2,N
225fb455c010,2008,1993,남,9,중등,중등,1,4,2,N
22c70867823a,2008,1993,남,9,중등,중등,1,3,2,N
233b40519c1a,2008,1997,여,5,초등,초등,1,5,2,N
23fdd3113f3e,2008,1994,여,8,중등,중등,1,5,2,N
25316ea32f0b,2008,1983,남,19,대학·일반,대학·일반,2,4,2,N
25aaa6f75c68,2008,1997,여,5,초등,초등,1,5,2,N
265efe6c52b6,2008,1996,남,6,초등,초등,1,2,2,N
26d5bb612f35,2008,1993,남,9,중등,중등,1,8,2,N
2796274b6b7c,2008,1989,남,13,대학·일반,대학·일반,1,5,2,N
27c2bec2134d,2008,1999,남,3,초등,초등,1,3,2,N
2800c29284fd,2008,1957,여,45,대학·일반,대학·일반,1,1,2,N
2909bacf2b4c,2008,1990,남,12,고등,대학·일반,1,5,2,N
2a933be39929,2008,2000,남,2,초등,초등,1,2,2,N
2af4aa3d8347,2008,1993,여,9,중등,중등,1,4,2,N
2bd45abdf686,2008,1996,여,6,초등,중등,1,2,2,N
2c021d98fc97,2008,1992,남,10,고등,고등,1,5,2,N
2cb5dcec1fea,2008,1996,남,6,초등,초등,1,3,2,N
2d46caf4d922,2008,1994,남,8,중등,중등,1,8,2,N
2dfec49bed16,2008,1990,남,12,고등,고등,1,7,2,N
2e607341fcd3,2008,1992,남,10,고등,고등,1,2,2,N
2f428e11b789,2008,1996,남,6,초등,초등,1,7,2,N
2ff6be4028fb,2008,2001,여,1,초등,초등,1,2,2,N
30570e53d7a9,2008,1999,여,3,초등,초등,1,2,2,N
31933d64c233,2008,1996,남,6,초등,초등,1,2,2,N
31deaa043f12,2008,1997,여,5,초등,초등,1,8,2,N
32c8f1560d3a,2008,1999,여,3,초등,초등,1,5,2,N
33fde8305857,2008,1997,여,5,초등,초등,1,5,2,N
360ca438dd1b,2008,1994,여,8,중등,중등,1,2,2,N
386152063528,2008,1999,남,3,초등,초등,1,2,2,N
386a61e110a7,2008,1992,남,10,고등,고등,1,5,2,N
39289c0b69e5,2008,1998,남,4,초등,초등,1,2,2,N
39f6621d7e2b,2008,1995,여,7,중등,중등,1,4,2,N
3b0d6635d264,2008,1995,남,7,중등,중등,1,4,2,N
3b8c3f7937a3,2008,1991,여,11,고등,고등,1,3,2,N
3bc573dec665,2008,1971,남,31,대학·일반,대학·일반,1,2,2,N
3ee0582d221b,2008,1992,남,10,고등,고등,1,3,2,N
3f1788095245,2008,1988,여,14,대학·일반,대학·일반,2,3,2,N
410165e0952a,2008,1988,여,14,대학·일반,대학·일반,2,4,2,N
41505a8e971a,2008,1982,남,20,대학·일반,대학·일반,1,4,2,N
41d894c45470,2008,1998,남,4,초등,초등,1,5,2,N
41e6b8ece69c,2008,1982,남,20,대학·일반,대학·일반,1,3,2,N
42a2af913d30,2008,1998,남,4,초등,초등,1,3,2,N
42c665383c05,2008,1990,남,12,고등,고등,1,3,2,N
43f440a30a61,2008,1987,남,15,대학·일반,대학·일반,1,5,2,N
44ce8b98600d,2008,1989,여,13,대학·일반,대학·일반,2,4,2,N
469128197622,2008,1996,남,6,초등,초등,1,3,2,N
4773cab8f530,2008,1994,남,8,중등,중등,1,5,2,N
48c0037b849a,2008,1995,여,7,중등,중등,1,2,2,N
4ab142155140,2008,1992,남,10,고등,고등,1,2,2,N
4b7199ff4bb1,2008,2000,남,2,초등,초등,1,1,2,N
4d478dab67e1,2008,1994,남,8,중등,중등,1,4,2,N
4ded9774e8af,2008,1984,남,18,대학·일반,대학·일반,1,5,2,N
4e6b997a8725,2008,1989,여,13,대학·일반,대학·일반,1,2,2,N
4f42cd0206f2,2008,1989,남,13,대학·일반,대학·일반,1,4,2,N
50bb4357045f,2008,1999,남,3,초등,초등,1,4,2,N
5140194a098d,2008,1993,남,9,중등,중등,1,7,2,N
522178dded04,2008,1993,남,9,중등,중등,1,2,2,N
5295ea19be85,2008,1997,남,5,초등,초등,1,5,2,N
52b0cbbccbc5,2008,1968,여,34,대학·일반,대학·일반,1,2,2,N
52f0bfd82915,2008,1967,여,35,대학·일반,대학·일반,2,4,2,N
52fb82ab3a08,2008,1990,남,12,고등,고등,1,2,2,N
55354c9371d1,2008,1992,남,10,고등,고등,1,2,2,N
553b3be74f3e,2008,1992,여,10,고등,고등,1,3,2,N
56ba42acbc00,2008,1969,남,33,대학·일반,대학·일반,1,3,2,N
570ba29fd1bf,2008,1997,남,5,초등,초등,1,2,2,N
5895d578875a,2008,1993,여,9,중등,중등,1,3,2,N
58e0de64f75b,2008,1989,여,13,대학·일반,대학·일반,1,2,2,N
5979e84dd54c,2008,1998,여,4,초등,초등,1,4,2,N
5ba6602282a6,2008,1998,여,4,초등,초등,1,2,2,N
5bae8dbea2a0,2008,1995,남,7,중등,중등,1,2,2,N
5c75f5194b15,2008,1990,남,12,고등,대학·일반,1,2,2,N
5c8a7319c979,2008,1998,남,4,초등,초등,1,2,2,N
5d375ebfd6ee,2008,2000,여,2,초등,초등,1,2,2,N
5de838469d6e,2008,1987,남,15,대학·일반,대학·일반,1,6,2,N
5eb13f527fe7,2008,1992,여,10,고등,고등,1,3,2,N
5ec15f0604fb,2008,1985,남,17,대학·일반,대학·일반,1,5,2,N
5f78972c02dc,2008,1996,남,6,초등,초등,1,2,2,N
5f9645c292e9,2008,1992,남,10,고등,고등,1,3,2,N
60250f5316db,2008,1995,여,7,중등,중등,1,5,2,N
624e52af9006,2008,2000,여,2,초등,초등,1,3,2,N
62c11a801dcd,2008,1988,남,14,대학·일반,대학·일반,2,4,2,N
630c5a5cdfd2,2008,1986,남,16,대학·일반,대학·일반,1,3,2,N
6352595f975c,2008,1992,남,10,고등,고등,1,6,2,N
63635f6574ae,2008,1996,여,6,초등,초등,1,2,2,N
64762911db97,2008,1993,남,9,중등,중등,1,8,2,N
6534884917ea,2008,1991,여,11,고등,고등,1,3,2,N
65b8db63a6f3,2008,1995,여,7,중등,중등,1,2,2,N
65dd4577519a,2008,1991,남,11,고등,고등,1,4,2,N
670cacd56ebc,2008,1993,여,9,중등,중등,1,5,2,N
67801385bcaa,2008,1990,남,12,고등,고등,1,3,2,N
67c82e980096,2008,1991,남,11,고등,고등,1,6,2,N
67e81c4d0fd0,2008,1995,여,7,중등,중등,1,2,2,N
6a079b9181c5,2008,1988,여,14,대학·일반,대학·일반,1,2,2,N
6a1768916603,2008,1990,여,12,고등,대학·일반,1,4,2,N
6a24f85ba7f3,2008,1993,남,9,중등,중등,1,6,2,N
6b1054af486e,2008,1995,여,7,중등,중등,1,5,2,N
6b1db24cd950,2008,1999,남,3,초등,초등,1,3,2,N
6b6217835a81,2008,1993,남,9,중등,중등,1,5,2,N
6c14525d9ac7,2008,1992,남,10,고등,고등,1,2,2,N
6d16ce9fa92e,2008,1988,여,14,대학·일반,대학·일반,1,3,2,N
6de10d5022b7,2008,1999,남,3,초등,초등,1,2,2,N
6eb4cb0c489c,2008,1983,여,19,대학·일반,대학·일반,2,4,2,N
703d71ebe1bf,2008,1990,남,12,고등,고등,1,5,2,N
705bb485ca5f,2008,1990,남,12,고등,대학·일반,1,2,2,N
715cec6a3d40,2008,1998,남,4,초등,초등,1,3,2,N
716122f09a99,2008,1991,여,11,고등,고등,1,3,2,N
71d0f368817c,2008,1987,남,15,대학·일반,대학·일반,1,4,2,N
7320c5c6c9ca,2008,1996,여,6,초등,초등,1,2,2,N
73f7e164b027,2008,1982,남,20,대학·일반,대학·일반,1,6,2,N
747998c3be2f,2008,1965,남,37,대학·일반,대학·일반,1,2,2,N
75404397362c,2008,2001,남,1,초등,초등,1,3,2,N
75613589746d,2008,1996,남,6,초등,초등,1,5,2,N
77aea32d94e2,2008,1995,여,7,중등,중등,1,4,2,N
7888da2a2b75,2008,1993,남,9,중등,중등,1,2,2,N
789d0c681b9f,2008,1980,남,22,대학·일반,대학·일반,1,3,2,N
78b743c5bff1,2008,1992,여,10,고등,고등,1,4,2,N
78ca889b0543,2008,1983,남,19,대학·일반,대학·일반,2,8,2,N
78ce4ef94fb2,2008,1994,남,8,중등,중등,1,3,2,N
79ae0d5998d5,2008,1993,여,9,중등,중등,1,4,2,N
7abf37c335c1,2008,1990,남,12,고등,고등,1,5,2,N
7ba47907d375,2008,1994,남,8,중등,중등,1,2,2,N
7bae0515fe66,2008,1998,여,4,초등,초등,1,2,2,N
7d57891e0e52,2008,2001,남,1,초등,초등,1,2,2,N
7dad824c884d,2008,1992,여,10,고등,고등,1,3,2,N
7ddf4c2f3cab,2008,1997,남,5,초등,초등,1,3,2,N
7fad02e54fdc,2008,1996,남,6,초등,초등,1,7,2,N
7fb4a55b8f1b,2008,2000,남,2,초등,초등,1,2,2,N
811dec6e3ad3,2008,1994,남,8,중등,중등,1,5,2,N
81a98a597e82,2008,2000,남,2,초등,초등,1,1,2,N
820f209e7f47,2008,1969,남,33,대학·일반,대학·일반,1,2,2,N
82baf36eaef3,2008,1958,남,44,대학·일반,대학·일반,2,3,2,N
83bb9ef5e6b5,2008,1985,남,17,대학·일반,대학·일반,2,4,2,N
83dc1b616028,2008,1985,남,17,대학·일반,대학·일반,1,3,2,N
845127e1b41d,2008,1998,남,4,초등,초등,1,2,2,N
848ae7cf03ef,2008,1993,남,9,중등,중등,1,3,2,N
86887407de94,2008,1986,여,16,대학·일반,대학·일반,1,4,2,N
86e080aa0611,2008,1992,남,10,고등,고등,1,2,2,N
8813b3e58801,2008,1992,남,10,고등,고등,1,6,2,N
8820284b13ec,2008,1993,남,9,중등,중등,1,2,2,N
8970c464b9f4,2008,1993,남,9,중등,중등,1,4,2,N
89b0496fdeca,2008,1999,여,3,초등,초등,1,2,2,N
8b5d55de934e,2008,1999,여,3,초등,초등,1,3,2,N
8b63c19ea1b3,2008,1982,여,20,대학·일반,대학·일반,1,1,2,N
8c1f0bb5bd9e,2008,1993,남,9,중등,중등,1,5,2,N
8cd122f40903,2008,1998,남,4,초등,초등,1,3,2,N
8cd44ee59ba5,2008,1997,여,5,초등,초등,1,3,2,N
8d90ce2e1fc3,2008,1996,남,6,초등,초등,1,2,2,N
8e46c4c4fd27,2008,1999,여,3,초등,초등,1,5,2,N
8f1a4f2282cf,2008,1987,남,15,대학·일반,대학·일반,1,3,2,N
8f2c757086f5,2008,1960,여,42,대학·일반,대학·일반,2,3,2,N
8f46bcdf68e5,2008,1997,남,5,초등,초등,1,5,2,N
8ff30d299c87,2008,1997,여,5,초등,초등,1,4,2,N
900df6910556,2008,1999,여,3,초등,초등,1,5,2,N
9062f24f709d,2008,1991,남,11,고등,고등,1,3,2,N
90d84f81fc5c,2008,1989,남,13,대학·일반,대학·일반,1,2,2,N
916d7aceb74d,2008,1984,여,18,대학·일반,대학·일반,1,2,2,N
91b2404fb38a,2008,1991,남,11,고등,고등,1,7,2,N
9222fdaf4c9d,2008,1997,여,5,초등,초등,1,5,2,N
9317583de8fe,2008,1995,남,7,중등,중등,1,2,2,N
93535f0fb85d,2008,1985,여,17,대학·일반,대학·일반,2,4,2,N
9379ca2b18ef,2008,1995,남,7,중등,중등,1,2,2,N
93ea3ce3de52,2008,1995,여,7,중등,중등,1,3,2,N
940122443719,2008,1995,남,7,중등,중등,1,3,2,N
94677631a5cb,2008,1996,남,6,초등,초등,1,7,2,N
983ec6748edb,2008,1996,여,6,초등,초등,1,4,2,N
9872ed0cd874,2008,1999,여,3,초등,초등,1,4,2,N
99a2f76da40b,2008,1994,남,8,중등,중등,1,2,2,N
9acf72cf60a7,2008,1996,여,6,초등,초등,1,2,2,N
9d179c0e30b9,2008,1999,남,3,초등,초등,1,3,2,N
9e2ed03e0d46,2008,1995,남,7,중등,중등,1,2,2,N
a0098c7c9766,2008,1993,남,9,중등,중등,1,3,2,N
a00edd319d89,2008,1999,남,3,초등,초등,1,5,2,N
a1269a1e7e2a,2008,1999,남,3,초등,초등,1,2,2,N
a15ddf7281f5,2008,1985,남,17,대학·일반,대학·일반,1,7,2,N
a305c2ca5547,2008,1997,남,5,초등,초등,1,8,2,N
a4021cca4804,2008,1997,여,5,초등,초등,1,2,2,N
a488b240507a,2008,1961,여,41,대학·일반,대학·일반,1,2,2,N
a598eab16662,2008,1989,여,13,대학·일반,대학·일반,1,3,2,N
a60f8826a2f7,2008,1963,남,39,대학·일반,대학·일반,1,2,2,N
a6852bc3f5b9,2008,1995,남,7,중등,중등,1,4,2,N
a7129272906b,2008,1999,여,3,초등,초등,1,3,2,N
a75e2f14bd29,2008,1998,남,4,초등,초등,1,3,2,N
a7b993214f8d,2008,2000,여,2,초등,초등,1,2,2,N
a88b13852d85,2008,2000,남,2,초등,초등,1,2,2,N
a9c24d83a06b,2008,1989,여,13,대학·일반,대학·일반,1,2,2,N
aa5b1901f36e,2008,1990,남,12,고등,고등,1,4,2,N
aba961280670,2008,1985,남,17,대학·일반,대학·일반,1,2,2,N
acac3d142d7b,2008,1989,여,13,대학·일반,대학·일반,1,3,2,N
ae6dd5c70109,2008,1997,남,5,초등,초등,1,2,2,N
aeb8813a42d9,2008,2000,남,2,초등,초등,1,2,2,N
af5f9ce8641e,2008,1996,남,6,초등,초등,1,4,2,N
af613fde6bf6,2008,1993,여,9,중등,중등,1,6,2,N
afcf60305d72,2008,1997,여,5,초등,초등,1,4,2,N
b039ac988a07,2008,1990,남,12,고등,고등,1,3,2,N
b13b3d5dfd31,2008,1990,남,12,고등,고등,1,2,2,N
b18b368d31d8,2008,1994,남,8,중등,중등,1,3,2,N
b23ef5311053,2008,1996,남,6,초등,초등,1,6,2,N
b45ff5d1d966,2008,1999,남,3,초등,초등,1,3,2,N
b59089e723f5,2008,1999,남,3,초등,초등,1,3,2,N
b5e12f4b2d19,2008,1992,여,10,고등,고등,1,2,2,N
b699495e24aa,2008,1988,남,14,대학·일반,대학·일반,1,4,2,N
b7bb17f0d8f0,2008,1996,남,6,초등,초등,1,6,2,N
b803e1a4c02e,2008,1987,여,15,대학·일반,대학·일반,2,3,2,N
b9d76942397b,2008,1988,남,14,대학·일반,대학·일반,1,2,2,N
ba10717f413e,2008,1992,여,10,고등,고등,1,3,2,N
ba137adc112d,2008,1991,여,11,고등,대학·일반,1,3,2,N
be55d9533923,2008,1964,남,38,대학·일반,대학·일반,2,3,2,N
be908d8b267f,2008,1996,여,6,초등,초등,1,7,2,N
c037e685dd94,2008,1996,여,6,초등,초등,1,2,2,N
c088d6dfee2c,2008,1993,남,9,중등,중등,1,5,2,N
c1a1edc25cac,2008,1987,남,15,대학·일반,대학·일반,1,2,2,N
c21c87f50be3,2008,1999,남,3,초등,초등,1,3,2,N
c31c57957ac5,2008,1995,남,7,중등,중등,1,2,2,N
c3d174bd7b0d,2008,1994,여,8,중등,중등,1,4,2,N
c4537e6535c0,2008,1998,남,4,초등,초등,1,1,2,N
c56babb3fa8f,2008,1999,남,3,초등,초등,1,2,2,N
c584956e3254,2008,1997,남,5,초등,초등,1,3,2,N
c5f8853cdb58,2008,1995,여,7,중등,중등,1,3,2,N
c6ff04248754,2008,2001,여,1,초등,초등,1,2,2,N
c74ff3dead88,2008,1988,남,14,대학·일반,대학·일반,1,4,2,N
c89ae9d8de3c,2008,1990,남,12,고등,대학·일반,1,3,2,N
c986ac4282ff,2008,1996,남,6,초등,초등,1,4,2,N
cab67bcee5d4,2008,1987,남,15,대학·일반,대학·일반,1,2,2,N
cbff9bc32c05,2008,1998,남,4,초등,초등,1,2,2,N
cc4e2bfd2d0a,2008,2001,남,1,초등,초등,1,2,2,N
ccf59ce133d9,2008,1985,남,17,대학·일반,대학·일반,1,5,2,N
cd8d5733159a,2008,1997,여,5,초등,초등,1,2,2,N
ceee39590d44,2008,1987,여,15,대학·일반,대학·일반,2,4,2,N
d05c19e307a9,2008,1988,여,14,대학·일반,대학·일반,1,1,2,N
d1d65ce6c04c,2008,1969,남,33,대학·일반,대학·일반,1,3,2,N
d2529fb44dab,2008,1995,여,7,중등,중등,1,4,2,N
d2f949849085,2008,1963,남,39,대학·일반,대학·일반,1,2,2,N
d36b68566313,2008,1989,남,13,대학·일반,대학·일반,1,2,2,N
d450334d5fda,2008,1993,남,9,중등,중등,1,3,2,N
d5272b79a481,2008,1994,여,8,중등,중등,1,5,2,N
d66fe4ac13ba,2008,1992,남,10,고등,고등,1,5,2,N
d7d7c6478ccd,2008,1995,남,7,중등,중등,1,2,2,N
d7feb4abef2c,2008,1991,남,11,고등,고등,1,5,2,N
d88dd62990ec,2008,1980,남,22,대학·일반,대학·일반,2,3,2,N
d9bea51edd33,2008,1998,남,4,초등,초등,1,3,2,N
d9eb328b75b3,2008,1996,여,6,초등,초등,1,8,2,N
da074dfc95bc,2008,1996,남,6,초등,초등,1,6,2,N
da2f19d481de,2008,1997,남,5,초등,초등,1,7,2,N
db36150e3ad5,2008,1993,남,9,중등,중등,1,5,2,N
db8b19278a09,2008,1992,여,10,고등,고등,1,2,1,N
dbe9eb2ab621,2008,1997,남,5,초등,초등,1,6,2,N
dc8c745638c5,2008,1999,여,3,초등,초등,1,2,2,N
de04d8551f85,2008,1993,여,9,중등,중등,1,2,1,N
de1a37e081c7,2008,1994,남,8,중등,중등,1,4,2,N
de4addbcce95,2008,2000,남,2,초등,초등,1,2,2,N
df0e87cc1575,2008,1997,여,5,초등,초등,1,2,2,N
df47739baf30,2008,1990,남,12,고등,고등,1,4,2,N
e02e5ece24f5,2008,1988,남,14,대학·일반,대학·일반,1,4,2,N
e353f8b619cb,2008,1993,남,9,중등,고등,1,6,2,N
e376b8d1e5d2,2008,1989,남,13,대학·일반,대학·일반,1,3,2,N
e52eb36bd534,2008,1991,남,11,고등,고등,1,2,1,N
e7c8828467ef,2008,1988,여,14,대학·일반,대학·일반,1,3,2,N
e847a448da95,2008,1998,남,4,초등,초등,1,4,2,N
e948e09e66c4,2008,2000,남,2,초등,초등,1,1,2,N
e94ab0bb5548,2008,1997,여,5,초등,초등,1,8,2,N
e95c4965ecd0,2008,1990,남,12,고등,고등,1,2,2,N
ed484b1c7b7c,2008,1994,남,8,중등,중등,1,6,2,N
ed87b0533c13,2008,1992,남,10,고등,고등,1,3,2,N
edb109a26935,2008,1968,남,34,대학·일반,대학·일반,1,2,2,N
edb357db45c8,2008,1991,남,11,고등,고등,1,4,2,N
f1063e4b08f2,2008,1992,남,10,고등,고등,1,3,2,N
f145e63d5ed5,2008,1993,여,9,중등,고등,1,3,2,N
f239374aecf5,2008,1957,여,45,대학·일반,대학·일반,1,2,2,N
f2b1ce560ae8,2008,1991,여,11,고등,고등,1,2,2,N
f36602b19d2d,2008,2000,여,2,초등,초등,1,4,2,N
f3d256520128,2008,1993,남,9,중등,고등,1,2,2,N
f47f31b344a7,2008,1988,남,14,대학·일반,대학·일반,1,3,2,N
f6c165689145,2008,1996,남,6,초등,초등,1,8,2,N
f7586faa9b4b,2008,1995,여,7,중등,중등,1,2,2,N
f7b21c318096,2008,1987,남,15,대학·일반,대학·일반,1,4,2,N
f80fd2c30428,2008,1991,남,11,고등,고등,1,2,2,N
f89df0d58ee8,2008,1982,남,20,대학·일반,대학·일반,1,7,2,N
f8bbc50957b9,2008,1999,여,3,초등,초등,1,2,2,N
f9485279a90f,2008,1995,여,7,중등,중등,1,6,2,N
f998f5d02d84,2008,1998,남,4,초등,초등,1,2,2,N
faf222e8aacc,2008,1996,남,6,초등,초등,1,6,2,N
fc4b158387cd,2008,1996,남,6,초등,초등,1,1,2,N
fcaf4a531687,2008,1991,남,11,고등,고등,1,2,1,N
fcf1fc1a6e31,2008,1998,남,4,초등,초등,1,2,2,N
fd6ad2e1ace5,2008,1998,남,4,초등,초등,1,3,2,N
fd8b316c68e4,2008,1994,남,8,중등,중등,1,2,2,N
ff65337f79d1,2008,1986,여,16,대학·일반,대학·일반,1,2,2,N
013ffe268093,2009,1995,남,8,중등,중등,1,2,1,N
01881fe3de50,2009,2001,남,2,초등,초등,2,6,2,N
0269ef439a52,2009,1999,남,4,초등,초등,1,2,2,N
04a963b500f6,2009,1998,여,5,초등,초등,2,11,2,N
04c5a22f8436,2009,1990,여,13,대학·일반,대학·일반,1,2,2,N
0560c00c0517,2009,1995,남,8,중등,중등,2,4,1|2,N
05ba5d870049,2009,1998,여,5,초등,초등,2,9,2,N
05ff88e16da8,2009,1998,남,5,초등,초등,2,7,2,N
0687308f5775,2009,1995,여,8,중등,중등,2,8,2,N
06a2e9a7cbaa,2009,1988,여,15,대학·일반,대학·일반,1,2,2,N
0716360d5f0f,2009,1995,남,8,중등,중등,1,5,2,N
09a141acd968,2009,1988,남,15,대학·일반,대학·일반,2,4,1|2,N
0a2de10b61d7,2009,2000,여,3,초등,초등,2,7,2,N
0af1f8641a01,2009,1993,남,10,고등,고등,2,7,2,N
0b0d5f9ed4ff,2009,1997,여,6,초등,초등,2,9,2,N
0b22f4ac3c5a,2009,1983,여,20,대학·일반,대학·일반,2,8,2,N
0c122496b756,2009,1997,여,6,초등,초등,1,4,2,N
0db5810a67de,2009,1992,남,11,고등,고등,2,8,2,N
0e336592b3d6,2009,1984,남,19,대학·일반,대학·일반,2,9,2,N
0ea0f5ea4950,2009,1989,남,14,대학·일반,대학·일반,1,2,2,N
0f3c3a1288c4,2009,1997,남,6,초등,초등,2,9,2,N
0f41fbece094,2009,1995,남,8,중등,중등,2,6,2,N
10d54ed3e18e,2009,1994,남,9,중등,중등,2,6,2,N
113bdf7467e4,2009,1998,남,5,초등,초등,1,2,2,N
120a8bdd9867,2009,1994,남,9,중등,중등,2,8,2,N
12857deb2953,2009,1998,여,5,초등,초등,2,10,2,N
13234d547fef,2009,1997,여,6,초등,초등,2,6,2,N
13ae9fc7b1d0,2009,1998,남,5,초등,초등,1,2,2,N
14a21cfa416a,2009,1993,여,10,고등,고등,2,6,2,N
1502df7edb16,2009,1994,남,9,중등,중등,2,6,2,N
17113bcfe022,2009,1995,남,8,중등,중등,1,2,2,N
1720a4e4f40e,2009,2001,남,2,초등,초등,1,2,2,N
17e7c6ce5ee3,2009,1989,남,14,대학·일반,대학·일반,2,10,2,N
18ee553f4b1f,2009,1997,남,6,초등,초등,2,8,2,N
1bc9172f3612,2009,1970,남,33,대학·일반,대학·일반,2,4,2,N
1c079abf122e,2009,1999,남,4,초등,초등,2,7,2,N
1c1883e3e060,2009,1988,남,15,대학·일반,대학·일반,2,8,2,N
1c5e68f84cf3,2009,1998,남,5,초등,초등,2,9,2,N
1c75a270f566,2009,1994,여,9,중등,중등,1,7,2,N
1d22d9c5c421,2009,1995,여,8,중등,중등,1,2,2,N
1d832ec4e806,2009,1998,여,5,초등,초등,2,8,2,N
1de8837fcb8c,2009,1997,남,6,초등,초등,2,6,1|2,N
1e0cbcf31898,2009,1999,남,4,초등,초등,2,6,2,N
1f0f26f535e5,2009,1991,여,12,고등,고등,2,4,2,N
1f402285733b,2009,1991,남,12,고등,고등,2,7,2,N
1f7edacccc17,2009,1997,여,6,초등,초등,2,10,2,N
1fb0966c3867,2009,1997,남,6,초등,초등,1,1,2,N
209d7f786bd2,2009,1992,여,11,고등,고등,2,6,2,N
213dd96bc532,2009,1994,남,9,중등,중등,2,9,2,N
22196f1cb541,2009,1997,남,6,초등,초등,2,8,2,N
225fb455c010,2009,1993,남,10,고등,고등,2,6,2,N
22c70867823a,2009,1993,남,10,고등,고등,2,7,2,N
233b40519c1a,2009,1997,여,6,초등,초등,2,9,2,N
23fdd3113f3e,2009,1994,여,9,중등,중등,2,7,2,N
2451c63031a7,2009,1998,남,5,초등,초등,1,4,1|2,N
25316ea32f0b,2009,1983,남,20,대학·일반,대학·일반,2,8,2,N
25aaa6f75c68,2009,1997,여,6,초등,초등,2,10,2,N
265efe6c52b6,2009,1996,남,7,중등,중등,2,6,2,N
26d5bb612f35,2009,1993,남,10,고등,고등,2,11,2,N
2796274b6b7c,2009,1989,남,14,대학·일반,대학·일반,2,11,2,N
27c2bec2134d,2009,1999,남,4,초등,초등,2,8,2,N
2909bacf2b4c,2009,1990,남,13,대학·일반,대학·일반,2,7,2,N
2a933be39929,2009,2000,남,3,초등,초등,1,2,2,N
2af4aa3d8347,2009,1993,여,10,고등,고등,2,7,2,N
2b5f31869781,2009,1997,여,6,초등,초등,1,4,2,N
2bd45abdf686,2009,1996,여,7,중등,중등,2,7,2,N
2c021d98fc97,2009,1992,남,11,고등,고등,2,7,2,N
2cb5dcec1fea,2009,1996,남,7,중등,초등,1,2,2,N
2d46caf4d922,2009,1994,남,9,중등,중등,2,10,2,N
2dfec49bed16,2009,1990,남,13,대학·일반,대학·일반,2,9,2,N
2e607341fcd3,2009,1992,남,11,고등,고등,2,6,2,N
2ed3bf62cc16,2009,1999,남,4,초등,초등,1,4,1|2,N
2f428e11b789,2009,1996,남,7,중등,초등,2,4,2,N
2f641dcfbcbd,2009,2002,남,1,초등,초등,1,4,2,N
2ff6be4028fb,2009,2001,여,2,초등,초등,2,6,2,N
30570e53d7a9,2009,1999,여,4,초등,초등,2,6,1|2,N
318401ec1268,2009,1999,남,4,초등,초등,1,4,2,N
31933d64c233,2009,1996,남,7,중등,초등,1,2,2,N
31deaa043f12,2009,1997,여,6,초등,초등,2,12,2,N
322d4e835fea,2009,1999,남,4,초등,초등,1,7,2,N
3281617690c3,2009,1995,남,8,중등,중등,1,2,1,N
32c8f1560d3a,2009,1999,여,4,초등,초등,2,6,1|2,N
33fde8305857,2009,1997,여,6,초등,초등,2,8,2,N
360ca438dd1b,2009,1994,여,9,중등,중등,2,9,2,N
386152063528,2009,1999,남,4,초등,초등,1,2,2,N
386a61e110a7,2009,1992,남,11,고등,고등,2,6,2,N
39289c0b69e5,2009,1998,남,5,초등,초등,2,6,2,N
394248351126,2009,2001,여,2,초등,초등,1,5,2,N
39f6621d7e2b,2009,1995,여,8,중등,중등,2,8,2,N
3b0d6635d264,2009,1995,남,8,중등,중등,1,2,2,N
3b8c3f7937a3,2009,1991,여,12,고등,고등,1,2,2,N
3bc573dec665,2009,1971,남,32,대학·일반,대학·일반,2,4,2,N
3ee0582d221b,2009,1992,남,11,고등,고등,2,6,2,N
3f1788095245,2009,1988,여,15,대학·일반,대학·일반,2,5,2,N
3fe33e37bfcc,2009,1993,여,10,고등,고등,1,2,2,N
410165e0952a,2009,1988,여,15,대학·일반,대학·일반,2,6,2,N
41505a8e971a,2009,1982,남,21,대학·일반,대학·일반,1,2,2,N
41d894c45470,2009,1998,남,5,초등,초등,1,2,2,N
41e6b8ece69c,2009,1982,남,21,대학·일반,대학·일반,2,7,2,N
42a2af913d30,2009,1998,남,5,초등,초등,2,9,2,N
42c665383c05,2009,1990,남,13,대학·일반,대학·일반,2,9,2,N
43f440a30a61,2009,1987,남,16,대학·일반,대학·일반,2,7,2,N
445c1ffd77ff,2009,1987,남,16,대학·일반,대학·일반,1,4,2,N
44ce8b98600d,2009,1989,여,14,대학·일반,대학·일반,2,5,2,N
45cd73afc9d3,2009,1992,남,11,고등,고등,1,4,2,N
466eb7765b52,2009,1998,남,5,초등,초등,1,4,2,N
469128197622,2009,1996,남,7,중등,초등,1,2,2,N
4773cab8f530,2009,1994,남,9,중등,중등,2,8,2,N
483ab294e424,2009,2000,남,3,초등,초등,1,6,2,N
48c0037b849a,2009,1995,여,8,중등,중등,2,8,2,N
497bf55732f1,2009,1993,여,10,고등,고등,1,2,2,N
4ab142155140,2009,1992,남,11,고등,고등,2,6,2,N
4b7199ff4bb1,2009,2000,남,3,초등,초등,1,1,2,N
4c7e822addd5,2009,1992,여,11,고등,고등,1,2,2,N
4d478dab67e1,2009,1994,남,9,중등,중등,2,7,2,N
4ded9774e8af,2009,1984,남,19,대학·일반,대학·일반,2,8,2,N
4e6b997a8725,2009,1989,여,14,대학·일반,대학·일반,2,4,2,N
4f42cd0206f2,2009,1989,남,14,대학·일반,대학·일반,2,9,2,N
4ff9fa1dcd1f,2009,1984,남,19,대학·일반,대학·일반,1,4,2,N
50bb4357045f,2009,1999,남,4,초등,초등,2,10,2,N
5140194a098d,2009,1993,남,10,고등,고등,2,8,2,N
514e40ec4911,2009,2001,여,2,초등,초등,1,4,2,N
5207eaff6794,2009,2001,남,2,초등,초등,1,4,2,N
522178dded04,2009,1993,남,10,고등,고등,2,7,2,N
5295ea19be85,2009,1997,남,6,초등,초등,2,10,2,N
52b0cbbccbc5,2009,1968,여,35,대학·일반,대학·일반,1,2,2,N
52f0bfd82915,2009,1967,여,36,대학·일반,대학·일반,1,2,2,N
52fb82ab3a08,2009,1990,남,13,대학·일반,대학·일반,2,7,2,N
55354c9371d1,2009,1992,남,11,고등,고등,1,2,2,N
553b3be74f3e,2009,1992,여,11,고등,고등,2,6,2,N
56ba42acbc00,2009,1969,남,34,대학·일반,대학·일반,1,2,2,N
570ba29fd1bf,2009,1997,남,6,초등,초등,2,7,2,N
5895d578875a,2009,1993,여,10,고등,고등,2,6,2,N
58e0de64f75b,2009,1989,여,14,대학·일반,대학·일반,2,6,2,N
5965ec5b81b4,2009,1997,여,6,초등,초등,1,7,2,N
5979e84dd54c,2009,1998,여,5,초등,초등,2,9,2,N
5ba6602282a6,2009,1998,여,5,초등,초등,1,2,2,N
5bae8dbea2a0,2009,1995,남,8,중등,중등,1,2,2,N
5c75f5194b15,2009,1990,남,13,대학·일반,대학·일반,2,7,2,N
5c8a7319c979,2009,1998,남,5,초등,초등,1,2,2,N
5d375ebfd6ee,2009,2000,여,3,초등,초등,2,6,2,N
5de838469d6e,2009,1987,남,16,대학·일반,대학·일반,2,10,2,N
5e8377f7b56c,2009,1977,여,26,대학·일반,대학·일반,1,1,2,N
5eb13f527fe7,2009,1992,여,11,고등,고등,2,4,2,N
5ec15f0604fb,2009,1985,남,18,대학·일반,대학·일반,2,7,2,N
5f78972c02dc,2009,1996,남,7,중등,초등,1,2,2,N
5f9645c292e9,2009,1992,남,11,고등,고등,2,8,2,N
60250f5316db,2009,1995,여,8,중등,중등,2,7,2,N
61b018a28cc5,2009,1998,남,5,초등,초등,1,4,2,N
624e52af9006,2009,2000,여,3,초등,초등,1,2,2,N
62c11a801dcd,2009,1988,남,15,대학·일반,대학·일반,2,8,2,N
630c5a5cdfd2,2009,1986,남,17,대학·일반,대학·일반,1,2,2,N
6352595f975c,2009,1992,남,11,고등,고등,2,10,2,N
63635f6574ae,2009,1996,여,7,중등,중등,2,6,2,N
6413ec22192f,2009,1991,남,12,고등,대학·일반,1,4,2,N
64762911db97,2009,1993,남,10,고등,고등,2,8,2,N
652cac194737,2009,1991,남,12,고등,고등,1,6,2,N
6534884917ea,2009,1991,여,12,고등,대학·일반,2,8,2,N
65b8db63a6f3,2009,1995,여,8,중등,중등,1,2,2,N
65dd4577519a,2009,1991,남,12,고등,대학·일반,2,8,2,N
66e854f1e34f,2009,2000,여,3,초등,초등,1,5,2,N
670cacd56ebc,2009,1993,여,10,고등,고등,2,7,2,N
67801385bcaa,2009,1990,남,13,대학·일반,고등,2,4,1|2,N
67c82e980096,2009,1991,남,12,고등,고등,2,10,2,N
67e81c4d0fd0,2009,1995,여,8,중등,중등,2,6,2,N
6898c995804a,2009,1991,남,12,고등,고등,1,2,2,N
69a6e18085db,2009,2000,여,3,초등,초등,1,4,2,N
6a079b9181c5,2009,1988,여,15,대학·일반,대학·일반,2,6,2,N
6a1768916603,2009,1990,여,13,대학·일반,대학·일반,2,7,2,N
6a24f85ba7f3,2009,1993,남,10,고등,고등,2,6,2,N
6a9b86db8452,2009,1995,남,8,중등,중등,1,5,2,N
6b1054af486e,2009,1995,여,8,중등,중등,2,9,2,N
6b1db24cd950,2009,1999,남,4,초등,초등,1,2,2,N
6b2333658108,2009,1962,남,41,대학·일반,대학·일반,1,2,2,N
6b6217835a81,2009,1993,남,10,고등,고등,2,7,2,N
6c14525d9ac7,2009,1992,남,11,고등,고등,2,9,2,N
6d16ce9fa92e,2009,1988,여,15,대학·일반,대학·일반,2,6,2,N
6de10d5022b7,2009,1999,남,4,초등,초등,2,7,2,N
6eb4cb0c489c,2009,1983,여,20,대학·일반,대학·일반,2,5,2,N
6f4eecbefe55,2009,2000,남,3,초등,초등,1,4,2,N
6fa6d8f8b6de,2009,2001,남,2,초등,초등,1,4,2,N
703d71ebe1bf,2009,1990,남,13,대학·일반,대학·일반,2,9,2,N
705bb485ca5f,2009,1990,남,13,대학·일반,대학·일반,2,7,2,N
715cec6a3d40,2009,1998,남,5,초등,초등,2,11,2,N
716122f09a99,2009,1991,여,12,고등,대학·일반,2,8,2,N
71d0f368817c,2009,1987,남,16,대학·일반,대학·일반,2,7,2,N
7320c5c6c9ca,2009,1996,여,7,중등,중등,2,6,2,N
73f7e164b027,2009,1982,남,21,대학·일반,대학·일반,2,10,2,N
743406386e3c,2009,1983,남,20,대학·일반,대학·일반,1,4,2,N
744a7a598281,2009,1997,남,6,초등,초등,1,4,2,N
747998c3be2f,2009,1965,남,38,대학·일반,대학·일반,1,2,2,N
75404397362c,2009,2001,남,2,초등,초등,2,7,2,N
75613589746d,2009,1996,남,7,중등,중등,2,7,2,N
77aea32d94e2,2009,1995,여,8,중등,중등,2,9,2,N
7846ebce93a3,2009,1986,여,17,대학·일반,대학·일반,1,3,2,N
7888da2a2b75,2009,1993,남,10,고등,고등,2,6,2,N
789d0c681b9f,2009,1980,남,23,대학·일반,대학·일반,1,2,2,N
78b743c5bff1,2009,1992,여,11,고등,고등,2,8,2,N
78ca889b0543,2009,1983,남,20,대학·일반,대학·일반,1,2,2,N
78ce4ef94fb2,2009,1994,남,9,중등,중등,2,10,2,N
79ae0d5998d5,2009,1993,여,10,고등,고등,2,8,2,N
7a5d1abbdb9a,2009,1999,여,4,초등,초등,1,5,2,N
7abf37c335c1,2009,1990,남,13,대학·일반,고등,1,2,2,N
7ba47907d375,2009,1994,남,9,중등,중등,2,9,2,N
7bae0515fe66,2009,1998,여,5,초등,초등,2,6,2,N
7c5808f07c72,2009,1995,남,8,중등,중등,1,4,2,N
7d57891e0e52,2009,2001,남,2,초등,초등,2,6,2,N
7dad824c884d,2009,1992,여,11,고등,고등,2,6,2,N
7ddf4c2f3cab,2009,1997,남,6,초등,초등,2,8,2,N
7fad02e54fdc,2009,1996,남,7,중등,중등,2,9,2,N
7fb4a55b8f1b,2009,2000,남,3,초등,초등,2,6,2,N
806604b772f5,2009,2000,여,3,초등,초등,1,5,2,N
80b041eca001,2009,2000,남,3,초등,초등,1,5,2,N
811dec6e3ad3,2009,1994,남,9,중등,중등,2,11,2,N
81a98a597e82,2009,2000,남,3,초등,초등,1,1,2,N
820f209e7f47,2009,1969,남,34,대학·일반,대학·일반,2,7,2,N
828233e564ff,2009,1999,여,4,초등,초등,1,4,2,N
82baf36eaef3,2009,1958,남,45,대학·일반,대학·일반,2,6,2,N
834b3abb10c4,2009,2001,여,2,초등,초등,1,5,2,N
83bb9ef5e6b5,2009,1985,남,18,대학·일반,대학·일반,1,2,2,N
83dc1b616028,2009,1985,남,18,대학·일반,대학·일반,2,6,2,N
845127e1b41d,2009,1998,남,5,초등,초등,2,7,2,N
848ae7cf03ef,2009,1993,남,10,고등,고등,2,6,2,N
86887407de94,2009,1986,여,17,대학·일반,대학·일반,1,2,2,N
86e080aa0611,2009,1992,남,11,고등,고등,2,4,1|2,N
88093090462f,2009,2000,남,3,초등,초등,1,4,1|2,N
8813b3e58801,2009,1992,남,11,고등,고등,2,9,2,N
8820284b13ec,2009,1993,남,10,고등,중등,1,2,2,N
8970c464b9f4,2009,1993,남,10,고등,고등,2,7,2,N
89b0496fdeca,2009,1999,여,4,초등,초등,2,6,2,N
8b5d55de934e,2009,1999,여,4,초등,초등,2,6,2,N
8b63c19ea1b3,2009,1982,여,21,대학·일반,대학·일반,1,1,2,N
8c1f0bb5bd9e,2009,1993,남,10,고등,고등,2,9,2,N
8c464f28a5bd,2009,1998,여,5,초등,초등,1,5,2,N
8cd122f40903,2009,1998,남,5,초등,초등,1,2,2,N
8cd44ee59ba5,2009,1997,여,6,초등,초등,1,2,2,N
8d90ce2e1fc3,2009,1996,남,7,중등,초등,1,2,2,N
8e46c4c4fd27,2009,1999,여,4,초등,초등,2,7,2,N
8f1a4f2282cf,2009,1987,남,16,대학·일반,대학·일반,2,8,2,N
8f2c757086f5,2009,1960,여,43,대학·일반,대학·일반,1,2,2,N
8f46bcdf68e5,2009,1997,남,6,초등,중등,2,7,2,N
8f55554fcd62,2009,1967,남,36,대학·일반,대학·일반,1,2,2,N
8ff30d299c87,2009,1997,여,6,초등,초등,2,6,2,N
900df6910556,2009,1999,여,4,초등,초등,2,9,2,N
902a55234ca6,2009,1966,여,37,대학·일반,대학·일반,1,4,2,N
9062f24f709d,2009,1991,남,12,고등,고등,2,6,2,N
90d84f81fc5c,2009,1989,남,14,대학·일반,대학·일반,2,8,2,N
91091850dad2,2009,2001,남,2,초등,초등,1,5,2,N
916d7aceb74d,2009,1984,여,19,대학·일반,대학·일반,2,6,2,N
91b2404fb38a,2009,1991,남,12,고등,대학·일반,2,9,2,N
9222fdaf4c9d,2009,1997,여,6,초등,초등,2,9,2,N
930abc2b2868,2009,1986,남,17,대학·일반,대학·일반,1,5,2,N
9317583de8fe,2009,1995,남,8,중등,중등,2,6,2,N
9319c9b5c401,2009,2001,남,2,초등,초등,1,4,2,N
93535f0fb85d,2009,1985,여,18,대학·일반,대학·일반,1,2,2,N
9379ca2b18ef,2009,1995,남,8,중등,중등,2,6,2,N
93ea3ce3de52,2009,1995,여,8,중등,중등,2,7,2,N
940122443719,2009,1995,남,8,중등,중등,1,2,2,N
94677631a5cb,2009,1996,남,7,중등,초등,1,2,2,N
960c522a5cca,2009,1968,남,35,대학·일반,대학·일반,1,5,2,N
96f9652c6313,2009,1991,남,12,고등,고등,1,2,2,N
97a646f615b5,2009,1997,남,6,초등,초등,1,9,2,N
97b4816d62d6,2009,2001,남,2,초등,초등,1,4,2,N
983ec6748edb,2009,1996,여,7,중등,중등,2,6,2,N
9872ed0cd874,2009,1999,여,4,초등,초등,1,2,2,N
988f3c53b311,2009,1998,여,5,초등,초등,1,4,2,N
99a2f76da40b,2009,1994,남,9,중등,중등,2,7,2,N
9acf72cf60a7,2009,1996,여,7,중등,중등,2,6,2,N
9d179c0e30b9,2009,1999,남,4,초등,초등,1,2,2,N
9e2ed03e0d46,2009,1995,남,8,중등,중등,1,2,2,N
9f0e1d6faa94,2009,1990,남,13,대학·일반,대학·일반,1,4,2,N
a0098c7c9766,2009,1993,남,10,고등,고등,2,6,2,N
a00edd319d89,2009,1999,남,4,초등,초등,2,9,2,N
a0450a9f0d00,2009,2001,남,2,초등,초등,1,4,2,N
a095c7277f13,2009,1997,여,6,초등,초등,1,5,2,N
a1269a1e7e2a,2009,1999,남,4,초등,초등,1,2,2,N
a15ddf7281f5,2009,1985,남,18,대학·일반,대학·일반,2,9,2,N
a196952b4e61,2009,1968,여,35,대학·일반,대학·일반,1,4,2,N
a305c2ca5547,2009,1997,남,6,초등,초등,2,12,2,N
a378d7bae3f7,2009,1975,남,28,대학·일반,대학·일반,1,5,2,N
a4021cca4804,2009,1997,여,6,초등,초등,2,4,2,N
a598eab16662,2009,1989,여,14,대학·일반,대학·일반,2,6,2,N
a60f8826a2f7,2009,1963,남,40,대학·일반,대학·일반,1,2,2,N
a6852bc3f5b9,2009,1995,남,8,중등,중등,2,9,2,N
a7129272906b,2009,1999,여,4,초등,초등,2,10,2,N
a75e2f14bd29,2009,1998,남,5,초등,초등,1,2,2,N
a765c0d58fea,2009,1985,여,18,대학·일반,대학·일반,1,6,2,N
a7b993214f8d,2009,2000,여,3,초등,초등,2,7,2,N
a88b13852d85,2009,2000,남,3,초등,초등,2,6,2,N
a9c24d83a06b,2009,1989,여,14,대학·일반,대학·일반,1,2,2,N
aa5b1901f36e,2009,1990,남,13,대학·일반,고등,2,4,2,N
aba961280670,2009,1985,남,18,대학·일반,대학·일반,2,8,2,N
acac3d142d7b,2009,1989,여,14,대학·일반,대학·일반,2,4,2,N
ae6dd5c70109,2009,1997,남,6,초등,초등,2,8,2,N
ae86a4dc2511,2009,1965,남,38,대학·일반,대학·일반,1,5,2,N
aeb8813a42d9,2009,2000,남,3,초등,초등,2,10,2,N
af5f9ce8641e,2009,1996,남,7,중등,초등,2,4,2,N
af613fde6bf6,2009,1993,여,10,고등,고등,2,8,2,N
afcf60305d72,2009,1997,여,6,초등,초등,2,7,2,N
b039ac988a07,2009,1990,남,13,대학·일반,대학·일반,2,7,2,N
b13b3d5dfd31,2009,1990,남,13,대학·일반,고등,1,2,2,N
b18b368d31d8,2009,1994,남,9,중등,중등,2,10,2,N
b23ef5311053,2009,1996,남,7,중등,중등,2,6,2,N
b45ff5d1d966,2009,1999,남,4,초등,초등,2,9,2,N
b59089e723f5,2009,1999,남,4,초등,초등,2,8,2,N
b5e12f4b2d19,2009,1992,여,11,고등,고등,2,8,2,N
b699495e24aa,2009,1988,남,15,대학·일반,대학·일반,2,7,2,N
b7bb17f0d8f0,2009,1996,남,7,중등,중등,2,8,2,N
b803e1a4c02e,2009,1987,여,16,대학·일반,대학·일반,1,2,2,N
b8606a5bf2b3,2009,2000,남,3,초등,초등,1,4,2,N
b9d76942397b,2009,1988,남,15,대학·일반,대학·일반,2,8,2,N
ba10717f413e,2009,1992,여,11,고등,고등,2,5,2,N
ba137adc112d,2009,1991,여,12,고등,대학·일반,2,4,2,N
bac68acf29ff,2009,1992,여,11,고등,대학·일반,1,4,2,N
bda07c64e0d7,2009,1998,남,5,초등,초등,1,4,2,N
be55d9533923,2009,1964,남,39,대학·일반,대학·일반,2,6,2,N
be908d8b267f,2009,1996,여,7,중등,중등,2,10,2,N
c037e685dd94,2009,1996,여,7,중등,중등,2,8,2,N
c088d6dfee2c,2009,1993,남,10,고등,고등,2,10,2,N
c0d64d87b6f0,2009,1988,여,15,대학·일반,대학·일반,1,4,2,N
c1a1edc25cac,2009,1987,남,16,대학·일반,대학·일반,2,7,2,N
c21c87f50be3,2009,1999,남,4,초등,초등,2,8,2,N
c31c57957ac5,2009,1995,남,8,중등,중등,2,10,2,N
c3d174bd7b0d,2009,1994,여,9,중등,중등,2,9,2,N
c4537e6535c0,2009,1998,남,5,초등,초등,1,1,2,N
c547c1ba9c7b,2009,1985,남,18,대학·일반,대학·일반,1,4,2,N
c56babb3fa8f,2009,1999,남,4,초등,초등,1,2,2,N
c584956e3254,2009,1997,남,6,초등,중등,2,6,2,N
c5f8853cdb58,2009,1995,여,8,중등,중등,1,2,2,N
c6ff04248754,2009,2001,여,2,초등,초등,1,2,2,N
c74ff3dead88,2009,1988,남,15,대학·일반,대학·일반,2,7,2,N
c82cacdbf6a7,2009,1996,남,7,중등,중등,1,4,2,N
c89ae9d8de3c,2009,1990,남,13,대학·일반,대학·일반,2,6,2,N
c986ac4282ff,2009,1996,남,7,중등,초등,1,2,2,N
cab67bcee5d4,2009,1987,남,16,대학·일반,대학·일반,2,8,2,N
cbff9bc32c05,2009,1998,남,5,초등,초등,2,8,2,N
cc4e2bfd2d0a,2009,2001,남,2,초등,초등,2,6,1|2,N
cc8aacdad28a,2009,1995,남,8,중등,중등,1,7,2,N
cc8eebcf404c,2009,1998,남,5,초등,초등,1,4,2,N
ccf59ce133d9,2009,1985,남,18,대학·일반,대학·일반,1,2,2,N
cd0acdcae8fd,2009,2002,여,1,초등,초등,1,4,1|2,N
cd8d5733159a,2009,1997,여,6,초등,초등,1,2,2,N
ce5b9af28dd0,2009,2000,여,3,초등,초등,1,6,2,N
ceee39590d44,2009,1987,여,16,대학·일반,대학·일반,2,6,2,N
cf9d6a7db8bb,2009,2000,남,3,초등,초등,1,4,2,N
d05c19e307a9,2009,1988,여,15,대학·일반,대학·일반,1,5,2,N
d1d65ce6c04c,2009,1969,남,34,대학·일반,대학·일반,2,6,2,N
d2529fb44dab,2009,1995,여,8,중등,중등,2,7,2,N
d2f949849085,2009,1963,남,40,대학·일반,대학·일반,2,4,2,N
d36b68566313,2009,1989,남,14,대학·일반,대학·일반,1,2,2,N
d450334d5fda,2009,1993,남,10,고등,고등,2,8,2,N
d5272b79a481,2009,1994,여,9,중등,중등,2,8,2,N
d648010916b3,2009,1989,남,14,대학·일반,대학·일반,1,7,2,N
d66fe4ac13ba,2009,1992,남,11,고등,고등,2,6,2,N
d7d7c6478ccd,2009,1995,남,8,중등,중등,2,9,2,N
d7feb4abef2c,2009,1991,남,12,고등,고등,2,8,2,N
d88dd62990ec,2009,1980,남,23,대학·일반,대학·일반,1,2,2,N
d9bea51edd33,2009,1998,남,5,초등,초등,1,2,2,N
d9eb328b75b3,2009,1996,여,7,중등,중등,2,6,2,N
da074dfc95bc,2009,1996,남,7,중등,중등,2,7,2,N
da2f19d481de,2009,1997,남,6,초등,초등,2,9,2,N
db36150e3ad5,2009,1993,남,10,고등,중등,2,9,2,N
db8b19278a09,2009,1992,여,11,고등,고등,1,2,1,N
dbe9eb2ab621,2009,1997,남,6,초등,초등,1,2,2,N
dc8c745638c5,2009,1999,여,4,초등,초등,1,2,2,N
de04d8551f85,2009,1993,여,10,고등,고등,1,2,1,N
de1a37e081c7,2009,1994,남,9,중등,중등,2,11,2,N
de4addbcce95,2009,2000,남,3,초등,초등,1,2,2,N
df0e87cc1575,2009,1997,여,6,초등,초등,2,11,2,N
df47739baf30,2009,1990,남,13,대학·일반,대학·일반,2,7,2,N
e02e5ece24f5,2009,1988,남,15,대학·일반,대학·일반,2,9,2,N
e0c8d6d91885,2009,1996,남,7,중등,중등,1,7,2,N
e353f8b619cb,2009,1993,남,10,고등,고등,2,6,2,N
e376b8d1e5d2,2009,1989,남,14,대학·일반,대학·일반,2,7,2,N
e3bd567ad8c2,2009,1992,남,11,고등,고등,1,2,1,N
e52eb36bd534,2009,1991,남,12,고등,고등,1,2,1,N
e7c8828467ef,2009,1988,여,15,대학·일반,대학·일반,2,4,2,N
e847a448da95,2009,1998,남,5,초등,초등,2,9,2,N
e8a3444ada61,2009,1997,남,6,초등,초등,1,8,2,N
e948e09e66c4,2009,2000,남,3,초등,초등,1,1,2,N
e94ab0bb5548,2009,1997,여,6,초등,초등,2,11,2,N
e95c4965ecd0,2009,1990,남,13,대학·일반,고등,1,2,2,N
ed484b1c7b7c,2009,1994,남,9,중등,중등,2,7,2,N
ed87b0533c13,2009,1992,남,11,고등,고등,2,7,2,N
edb109a26935,2009,1968,남,35,대학·일반,대학·일반,1,2,2,N
edb357db45c8,2009,1991,남,12,고등,고등,2,11,2,N
ef1251926c55,2009,1995,남,8,중등,중등,1,4,2,N
ef3f093417b0,2009,1999,남,4,초등,초등,1,5,2,N
f1063e4b08f2,2009,1992,남,11,고등,고등,2,7,2,N
f145e63d5ed5,2009,1993,여,10,고등,고등,2,5,2,N
f239374aecf5,2009,1957,여,46,대학·일반,대학·일반,1,2,2,N
f2b1ce560ae8,2009,1991,여,12,고등,고등,2,7,2,N
f36602b19d2d,2009,2000,여,3,초등,초등,2,9,2,N
f3d256520128,2009,1993,남,10,고등,고등,2,6,2,N
f47f31b344a7,2009,1988,남,15,대학·일반,대학·일반,1,2,2,N
f6c165689145,2009,1996,남,7,중등,초등,1,2,2,N
f7164bc12d62,2009,1997,남,6,초등,초등,1,4,1|2,N
f7586faa9b4b,2009,1995,여,8,중등,중등,2,6,2,N
f7b21c318096,2009,1987,남,16,대학·일반,대학·일반,2,8,2,N
f80fd2c30428,2009,1991,남,12,고등,대학·일반,2,6,2,N
f89df0d58ee8,2009,1982,남,21,대학·일반,대학·일반,2,9,2,N
f8bbc50957b9,2009,1999,여,4,초등,초등,2,6,2,N
f9485279a90f,2009,1995,여,8,중등,중등,2,9,2,N
f998f5d02d84,2009,1998,남,5,초등,초등,2,6,2,N
faf222e8aacc,2009,1996,남,7,중등,초등,1,2,2,N
fc4b158387cd,2009,1996,남,7,중등,초등,1,1,2,N
fcf1fc1a6e31,2009,1998,남,5,초등,초등,1,2,2,N
fd6ad2e1ace5,2009,1998,남,5,초등,초등,2,7,2,N
fd8b316c68e4,2009,1994,남,9,중등,중등,2,6,2,N
fe95a61a7dde,2009,2000,여,3,초등,초등,1,5,2,N
ff65337f79d1,2009,1986,여,17,대학·일반,대학·일반,1,2,2,N
013ffe268093,2010,1995,남,9,중등,중등,1,2,1,N
03f54d8d2f0d,2010,2001,남,3,초등,초등,1,5,2,N
04a963b500f6,2010,1998,여,6,초등,초등,1,10,2,N
04c5a22f8436,2010,1990,여,14,대학·일반,대학·일반,1,4,2,N
0560c00c0517,2010,1995,남,9,중등,중등,1,2,1,N
05ff88e16da8,2010,1998,남,6,초등,초등,1,7,2,N
06a2e9a7cbaa,2010,1988,여,16,대학·일반,대학·일반,2,6,2,N
06c1cfd93ba5,2010,1993,남,11,고등,고등,1,2,2,N
06c682e28dae,2010,1995,여,9,중등,중등,1,2,2,N
0716360d5f0f,2010,1995,남,9,중등,중등,1,8,2,N
09a141acd968,2010,1988,남,16,대학·일반,대학·일반,1,1,1,N
0a2de10b61d7,2010,2000,여,4,초등,초등,1,6,2,N
0af1f8641a01,2010,1993,남,11,고등,고등,1,7,2,N
0b0d5f9ed4ff,2010,1997,여,7,중등,중등,1,5,2,N
0b22f4ac3c5a,2010,1983,여,21,대학·일반,대학·일반,1,6,2,N
0c122496b756,2010,1997,여,7,중등,중등,1,4,2,N
0db5810a67de,2010,1992,남,12,고등,고등,1,8,2,N
0e336592b3d6,2010,1984,남,20,대학·일반,대학·일반,1,8,2,N
0f3c3a1288c4,2010,1997,남,7,중등,중등,1,6,2,N
0f41fbece094,2010,1995,남,9,중등,중등,1,4,2,N
10d54ed3e18e,2010,1994,남,10,고등,고등,1,4,2,N
118e90000d73,2010,2000,남,4,초등,초등,1,6,2,N
11f970f7f448,2010,1997,남,7,중등,중등,1,6,2,N
120a8bdd9867,2010,1994,남,10,고등,고등,1,5,2,N
12857deb2953,2010,1998,여,6,초등,초등,1,2,2,N
13234d547fef,2010,1997,여,7,중등,중등,1,4,2,N
1364c0aa1035,2010,2000,여,4,초등,초등,1,4,2,N
1423282e3a6d,2010,2000,남,4,초등,초등,1,4,2,N
14a21cfa416a,2010,1993,여,11,고등,고등,1,1,2,N
1502df7edb16,2010,1994,남,10,고등,고등,1,5,2,N
1649ff9df336,2010,2001,여,3,초등,초등,1,7,2,N
16e3e7d91fc7,2010,1998,여,6,초등,초등,1,5,2,N
17e7c6ce5ee3,2010,1989,남,15,대학·일반,대학·일반,1,5,2,N
18ee553f4b1f,2010,1997,남,7,중등,중등,1,7,2,N
1904fad76ae4,2010,2002,남,2,초등,초등,1,4,2,N
1991b251b243,2010,1998,여,6,초등,초등,1,5,2,N
1aef3d542bbd,2010,2000,여,4,초등,초등,1,7,2,N
1bc9172f3612,2010,1970,남,34,대학·일반,대학·일반,1,4,2,N
1c1883e3e060,2010,1988,남,16,대학·일반,대학·일반,1,6,2,N
1c5dd0fb4c56,2010,2000,남,4,초등,초등,1,4,2,N
1c5e68f84cf3,2010,1998,남,6,초등,초등,1,9,2,N
1c75a270f566,2010,1994,여,10,고등,고등,1,2,2,N
1c761aa979f0,2010,1995,남,9,중등,중등,1,4,2,N
1cfcd5566d6d,2010,2001,남,3,초등,초등,1,6,2,N
1d832ec4e806,2010,1998,여,6,초등,초등,1,7,2,N
1e0cbcf31898,2010,1999,남,5,초등,초등,1,4,2,N
1e5907df1547,2010,2002,남,2,초등,초등,1,4,2,N
1f0954e96210,2010,1989,남,15,대학·일반,대학·일반,1,4,2,N
1f0f26f535e5,2010,1991,여,13,대학·일반,대학·일반,2,4,2,N
1f402285733b,2010,1991,남,13,대학·일반,대학·일반,1,4,2,N
1f7edacccc17,2010,1997,여,7,중등,중등,1,6,2,N
1ffa443c0c86,2010,2002,여,2,초등,초등,1,2,2,N
209d7f786bd2,2010,1992,여,12,고등,고등,2,3,2,N
20f2b39baa9a,2010,1992,여,12,고등,고등,1,3,2,N
22196f1cb541,2010,1997,남,7,중등,중등,1,2,1,N
225fb455c010,2010,1993,남,11,고등,고등,1,8,2,N
22c70867823a,2010,1993,남,11,고등,고등,1,5,2,N
233b40519c1a,2010,1997,여,7,중등,중등,1,4,2,N
23fdd3113f3e,2010,1994,여,10,고등,고등,1,5,2,N
2451c63031a7,2010,1998,남,6,초등,초등,1,4,2,N
2454cfd13999,2010,2002,남,2,초등,초등,1,4,2,N
25aaa6f75c68,2010,1997,여,7,중등,중등,1,7,2,N
26d5bb612f35,2010,1993,남,11,고등,고등,1,10,2,N
275b1a236e1d,2010,1999,여,5,초등,초등,1,6,2,N
27c2bec2134d,2010,1999,남,5,초등,초등,1,9,2,N
284c016663a5,2010,2000,여,4,초등,초등,1,7,2,N
2909bacf2b4c,2010,1990,남,14,대학·일반,대학·일반,1,6,2,N
2951ca482328,2010,2000,남,4,초등,초등,1,6,2,N
2af4aa3d8347,2010,1993,여,11,고등,고등,1,5,2,N
2b5f31869781,2010,1997,여,7,중등,중등,1,4,2,N
2bd45abdf686,2010,1996,여,8,중등,중등,1,6,2,N
2d5176296607,2010,2001,여,3,초등,초등,1,6,2,N
2e649ac86ced,2010,1971,남,33,대학·일반,대학·일반,1,4,2,N
2ed3bf62cc16,2010,1999,남,5,초등,초등,1,5,2,N
2f428e11b789,2010,1996,남,8,중등,중등,1,7,2,N
2f55fe1d9028,2010,1998,남,6,초등,초등,1,5,2,N
2f641dcfbcbd,2010,2002,남,2,초등,초등,1,4,2,N
2ff6be4028fb,2010,2001,여,3,초등,초등,1,4,2,N
30570e53d7a9,2010,1999,여,5,초등,초등,1,4,2,N
31933d64c233,2010,1996,남,8,중등,중등,1,4,2,N
31deaa043f12,2010,1997,여,7,중등,중등,1,6,2,N
322d4e835fea,2010,1999,남,5,초등,초등,1,6,2,N
3281617690c3,2010,1995,남,9,중등,중등,1,6,2,N
32ab47763b7a,2010,1995,남,9,중등,중등,1,4,2,N
32c8f1560d3a,2010,1999,여,5,초등,초등,1,9,2,N
360ca438dd1b,2010,1994,여,10,고등,고등,1,4,2,N
3643049e2d73,2010,1998,여,6,초등,초등,1,4,2,N
386a61e110a7,2010,1992,남,12,고등,고등,1,4,2,N
39289c0b69e5,2010,1998,남,6,초등,초등,1,6,2,N
39f6621d7e2b,2010,1995,여,9,중등,중등,1,6,2,N
3b8c3f7937a3,2010,1991,여,13,대학·일반,대학·일반,1,5,2,N
3bc573dec665,2010,1971,남,33,대학·일반,대학·일반,1,4,2,N
3e5c1223f374,2010,2000,남,4,초등,초등,1,4,2,N
3e6ab97ffe8c,2010,1984,남,20,대학·일반,대학·일반,1,6,2,N
3ee0582d221b,2010,1992,남,12,고등,고등,1,3,2,N
3f1788095245,2010,1988,여,16,대학·일반,대학·일반,2,3,2,N
408f3b256865,2010,1995,남,9,중등,중등,1,4,2,N
410165e0952a,2010,1988,여,16,대학·일반,대학·일반,2,7,2,N
41d3b04611d6,2010,2000,남,4,초등,초등,1,5,2,N
42a2af913d30,2010,1998,남,6,초등,초등,1,8,2,N
42c665383c05,2010,1990,남,14,대학·일반,대학·일반,1,6,2,N
43f440a30a61,2010,1987,남,17,대학·일반,대학·일반,1,3,2,N
445c1ffd77ff,2010,1987,남,17,대학·일반,대학·일반,1,4,2,N
44925cd27ceb,2010,1997,여,7,중등,중등,1,5,2,N
44ce8b98600d,2010,1989,여,15,대학·일반,대학·일반,2,4,2,N
45cd73afc9d3,2010,1992,남,12,고등,고등,1,7,2,N
466eb7765b52,2010,1998,남,6,초등,초등,1,6,2,N
4773cab8f530,2010,1994,남,10,고등,고등,1,9,2,N
4860846895ef,2010,2000,남,4,초등,초등,1,4,2,N
48c0037b849a,2010,1995,여,9,중등,중등,1,7,2,N
4ded9774e8af,2010,1984,남,20,대학·일반,대학·일반,1,8,2,N
4e6b997a8725,2010,1989,여,15,대학·일반,대학·일반,2,5,2,N
4f0587b605c0,2010,1999,남,5,초등,초등,1,7,2,N
4f42cd0206f2,2010,1989,남,15,대학·일반,대학·일반,1,8,2,N
500d56156fbd,2010,1996,남,8,중등,중등,1,4,2,N
508141dc88d9,2010,1999,남,5,초등,초등,1,6,2,N
50bb4357045f,2010,1999,남,5,초등,초등,1,7,2,N
51330d8772e3,2010,1963,남,41,대학·일반,대학·일반,1,4,2,N
5140194a098d,2010,1993,남,11,고등,고등,1,7,2,N
514e40ec4911,2010,2001,여,3,초등,초등,1,4,2,N
51fe943db133,2010,2001,남,3,초등,초등,1,2,2,N
5207eaff6794,2010,2001,남,3,초등,초등,1,4,2,N
5218c2e0fc2f,2010,2002,남,2,초등,초등,1,4,2,N
522178dded04,2010,1993,남,11,고등,고등,1,4,2,N
52fb82ab3a08,2010,1990,남,14,대학·일반,대학·일반,1,6,2,N
55273d382a96,2010,1992,여,12,고등,고등,1,2,2,N
553b3be74f3e,2010,1992,여,12,고등,고등,2,3,2,N
570ba29fd1bf,2010,1997,남,7,중등,중등,1,4,2,N
58e0de64f75b,2010,1989,여,15,대학·일반,대학·일반,1,1,2,N
5979e84dd54c,2010,1998,여,6,초등,초등,1,7,2,N
5c75f5194b15,2010,1990,남,14,대학·일반,대학·일반,1,5,2,N
5c8a7319c979,2010,1998,남,6,초등,초등,1,6,2,N
5cd85fb7269a,2010,1997,여,7,중등,중등,1,4,2,N
5d375ebfd6ee,2010,2000,여,4,초등,초등,1,4,2,N
5de838469d6e,2010,1987,남,17,대학·일반,대학·일반,1,8,2,N
5e7fa52b4d83,2010,2001,여,3,초등,초등,1,5,2,N
5e8377f7b56c,2010,1977,여,27,대학·일반,대학·일반,1,1,2,N
5eb13f527fe7,2010,1992,여,12,고등,대학·일반,2,6,2,N
5f665a9626ad,2010,1995,남,9,중등,중등,1,2,1,N
5f9645c292e9,2010,1992,남,12,고등,고등,1,2,1,N
60250f5316db,2010,1995,여,9,중등,중등,1,6,2,N
6049d5bb9e62,2010,2001,남,3,초등,초등,1,4,2,N
612b07948c5e,2010,1993,남,11,고등,고등,1,2,2,N
61b018a28cc5,2010,1998,남,6,초등,초등,1,6,2,N
62c11a801dcd,2010,1988,남,16,대학·일반,대학·일반,1,5,2,N
63635f6574ae,2010,1996,여,8,중등,중등,1,4,2,N
6413ec22192f,2010,1991,남,13,대학·일반,대학·일반,1,4,2,N
64762911db97,2010,1993,남,11,고등,고등,1,10,2,N
652cac194737,2010,1991,남,13,대학·일반,대학·일반,1,4,2,N
6534884917ea,2010,1991,여,13,대학·일반,대학·일반,1,4,2,N
65dd4577519a,2010,1991,남,13,대학·일반,대학·일반,1,3,2,N
662b51f36011,2010,1998,남,6,초등,초등,1,4,2,N
66c061ad9e97,2010,2000,남,4,초등,초등,1,5,2,N
66e854f1e34f,2010,2000,여,4,초등,초등,1,4,2,N
67801385bcaa,2010,1990,남,14,대학·일반,대학·일반,1,5,2,N
67a72efc0413,2010,2000,여,4,초등,초등,1,5,2,N
67c82e980096,2010,1991,남,13,대학·일반,대학·일반,1,6,2,N
67e81c4d0fd0,2010,1995,여,9,중등,중등,1,4,2,N
69a6e18085db,2010,2000,여,4,초등,초등,1,4,2,N
6a1768916603,2010,1990,여,14,대학·일반,대학·일반,1,5,2,N
6a24f85ba7f3,2010,1993,남,11,고등,고등,1,6,2,N
6a9b86db8452,2010,1995,남,9,중등,중등,1,8,2,N
6ad25dea5987,2010,1992,남,12,고등,고등,1,4,2,N
6b2333658108,2010,1962,남,42,대학·일반,대학·일반,1,4,2,N
6b6217835a81,2010,1993,남,11,고등,고등,1,7,2,N
6c14525d9ac7,2010,1992,남,12,고등,고등,1,7,2,N
6d16ce9fa92e,2010,1988,여,16,대학·일반,대학·일반,2,7,2,N
6de10d5022b7,2010,1999,남,5,초등,초등,1,6,2,N
6eb4cb0c489c,2010,1983,여,21,대학·일반,대학·일반,2,7,2,N
6f4378ff4afc,2010,1998,남,6,초등,초등,1,5,2,N
6f4eecbefe55,2010,2000,남,4,초등,초등,1,5,2,N
6fa6d8f8b6de,2010,2001,남,3,초등,초등,1,4,2,N
703d71ebe1bf,2010,1990,남,14,대학·일반,대학·일반,1,6,2,N
705bb485ca5f,2010,1990,남,14,대학·일반,대학·일반,1,6,2,N
715cec6a3d40,2010,1998,남,6,초등,초등,1,10,2,N
716122f09a99,2010,1991,여,13,대학·일반,대학·일반,1,5,2,N
744a7a598281,2010,1997,남,7,중등,중등,1,4,2,N
75613589746d,2010,1996,남,8,중등,중등,1,6,2,N
777796af652f,2010,1993,여,11,고등,고등,1,5,2,N
77aea32d94e2,2010,1995,여,9,중등,중등,1,7,2,N
7846ebce93a3,2010,1986,여,18,대학·일반,대학·일반,1,1,2,N
7888da2a2b75,2010,1993,남,11,고등,고등,1,5,2,N
78b743c5bff1,2010,1992,여,12,고등,대학·일반,1,3,2,N
78ce4ef94fb2,2010,1994,남,10,고등,고등,1,7,2,N
79ae0d5998d5,2010,1993,여,11,고등,고등,1,4,2,N
7a5d1abbdb9a,2010,1999,여,5,초등,초등,1,7,2,N
7a885d169822,2010,1994,여,10,고등,고등,1,5,2,N
7ba47907d375,2010,1994,남,10,고등,고등,1,6,2,N
7bae0515fe66,2010,1998,여,6,초등,초등,1,4,2,N
7d57891e0e52,2010,2001,남,3,초등,초등,1,5,2,N
7dad824c884d,2010,1992,여,12,고등,대학·일반,2,3,2,N
7fad02e54fdc,2010,1996,남,8,중등,중등,1,7,2,N
803f3c383b4a,2010,1998,남,6,초등,초등,1,4,2,N
808dc07732e7,2010,1999,남,5,초등,초등,1,4,2,N
80b041eca001,2010,2000,남,4,초등,초등,1,5,2,N
811dec6e3ad3,2010,1994,남,10,고등,고등,1,6,2,N
820f209e7f47,2010,1969,남,35,대학·일반,대학·일반,1,3,2,N
828233e564ff,2010,1999,여,5,초등,초등,1,6,2,N
82baf36eaef3,2010,1958,남,46,대학·일반,대학·일반,1,3,2,N
834b3abb10c4,2010,2001,여,3,초등,초등,1,6,2,N
83bb9ef5e6b5,2010,1985,남,19,대학·일반,대학·일반,1,4,2,N
848ae7cf03ef,2010,1993,남,11,고등,고등,1,4,2,N
86e080aa0611,2010,1992,남,12,고등,고등,1,2,1,N
87e4cd5acebc,2010,1992,여,12,고등,고등,1,2,2,N
8813b3e58801,2010,1992,남,12,고등,고등,1,4,2,N
890e29f66447,2010,1997,여,7,중등,중등,1,4,2,N
8970c464b9f4,2010,1993,남,11,고등,고등,1,2,1,N
89b0496fdeca,2010,1999,여,5,초등,초등,1,5,2,N
8c0bca5d5dbc,2010,2002,남,2,초등,초등,1,2,2,N
8c1f0bb5bd9e,2010,1993,남,11,고등,고등,1,6,2,N
8c464f28a5bd,2010,1998,여,6,초등,초등,1,7,2,N
8df5ded40bc8,2010,1999,여,5,초등,초등,1,6,2,N
8dfbd2942ac5,2010,1998,여,6,초등,초등,1,5,2,N
8f1a4f2282cf,2010,1987,남,17,대학·일반,대학·일반,1,6,2,N
8f46bcdf68e5,2010,1997,남,7,중등,중등,1,6,2,N
8f55554fcd62,2010,1967,남,37,대학·일반,대학·일반,1,4,2,N
900df6910556,2010,1999,여,5,초등,초등,1,8,2,N
902a55234ca6,2010,1966,여,38,대학·일반,대학·일반,1,4,2,N
9062f24f709d,2010,1991,남,13,대학·일반,대학·일반,1,4,2,N
90afc98507a3,2010,2001,여,3,초등,초등,1,4,2,N
90d84f81fc5c,2010,1989,남,15,대학·일반,대학·일반,1,4,2,N
91091850dad2,2010,2001,남,3,초등,초등,1,6,2,N
91b2404fb38a,2010,1991,남,13,대학·일반,대학·일반,1,6,2,N
9222fdaf4c9d,2010,1997,여,7,중등,중등,1,5,2,N
9317583de8fe,2010,1995,남,9,중등,중등,1,5,2,N
93535f0fb85d,2010,1985,여,19,대학·일반,대학·일반,1,4,2,N
9379ca2b18ef,2010,1995,남,9,중등,중등,1,8,2,N
93ea3ce3de52,2010,1995,여,9,중등,중등,1,5,2,N
940122443719,2010,1995,남,9,중등,중등,1,6,2,N
94677631a5cb,2010,1996,남,8,중등,중등,1,4,2,N
952f68cff58c,2010,2000,남,4,초등,초등,1,4,2,N
960c522a5cca,2010,1968,남,36,대학·일반,대학·일반,1,4,2,N
97a5718ca7a9,2010,1994,남,10,고등,고등,1,3,2,N
97b4816d62d6,2010,2001,남,3,초등,초등,1,6,2,N
983ec6748edb,2010,1996,여,8,중등,중등,1,5,2,N
99946ea89160,2010,1995,남,9,중등,중등,1,4,2,N
99a2f76da40b,2010,1994,남,10,고등,고등,1,7,2,N
9a7925240c75,2010,1993,여,11,고등,고등,1,5,2,N
9acf72cf60a7,2010,1996,여,8,중등,중등,1,4,2,N
9b1407065833,2010,2000,남,4,초등,초등,1,5,2,N
9e5e9eb02d77,2010,1995,남,9,중등,중등,1,5,2,N
9e8b5dfe718f,2010,1993,남,11,고등,고등,1,4,2,N
9f0e1d6faa94,2010,1990,남,14,대학·일반,대학·일반,1,5,2,N
a00edd319d89,2010,1999,남,5,초등,초등,1,7,2,N
a15ddf7281f5,2010,1985,남,19,대학·일반,대학·일반,1,6,2,N
a305c2ca5547,2010,1997,남,7,중등,중등,1,9,2,N
a3352ef19613,2010,1999,여,5,초등,초등,1,7,2,N
a4bc4404d179,2010,1994,남,10,고등,고등,1,4,2,N
a598eab16662,2010,1989,여,15,대학·일반,대학·일반,2,3,2,N
a6852bc3f5b9,2010,1995,남,9,중등,중등,1,7,2,N
a7129272906b,2010,1999,여,5,초등,초등,1,7,2,N
a765c0d58fea,2010,1985,여,19,대학·일반,대학·일반,1,6,2,N
a7b993214f8d,2010,2000,여,4,초등,초등,1,8,2,N
a7f4c0313fc2,2010,1999,남,5,초등,초등,1,5,2,N
a88b13852d85,2010,2000,남,4,초등,초등,1,5,2,N
a9c24d83a06b,2010,1989,여,15,대학·일반,대학·일반,1,2,2,N
aba961280670,2010,1985,남,19,대학·일반,대학·일반,1,4,2,N
acac3d142d7b,2010,1989,여,15,대학·일반,대학·일반,1,2,2,N
ae6dd5c70109,2010,1997,남,7,중등,중등,1,8,2,N
ae86a4dc2511,2010,1965,남,39,대학·일반,대학·일반,1,4,2,N
aeaa1e9821d9,2010,2002,여,2,초등,초등,1,2,2,N
aeb8813a42d9,2010,2000,남,4,초등,초등,1,9,2,N
af5f9ce8641e,2010,1996,남,8,중등,중등,1,8,2,N
af613fde6bf6,2010,1993,여,11,고등,고등,1,7,2,N
af898ae6a548,2010,1985,남,19,대학·일반,대학·일반,1,3,2,N
afcf60305d72,2010,1997,여,7,중등,중등,1,4,2,N
b094d49dcf61,2010,2000,여,4,초등,초등,1,5,2,N
b18b368d31d8,2010,1994,남,10,고등,고등,1,8,2,N
b1efa97cb4b5,2010,2002,남,2,초등,초등,1,4,2,N
b23ef5311053,2010,1996,남,8,중등,중등,1,7,2,N
b45ff5d1d966,2010,1999,남,5,초등,초등,1,8,2,N
b5f11360667c,2010,1998,여,6,초등,초등,1,2,2,N
b7bb17f0d8f0,2010,1996,남,8,중등,중등,1,8,2,N
b8606a5bf2b3,2010,2000,남,4,초등,초등,1,5,2,N
b9d76942397b,2010,1988,남,16,대학·일반,대학·일반,1,7,2,N
ba10717f413e,2010,1992,여,12,고등,고등,1,1,2,N
ba137adc112d,2010,1991,여,13,대학·일반,대학·일반,2,7,2,N
bac68acf29ff,2010,1992,여,12,고등,대학·일반,2,3,2,N
bb579e761c88,2010,1999,여,5,초등,초등,1,4,2,N
bcfaf780b48e,2010,1999,여,5,초등,초등,1,2,2,N
bda07c64e0d7,2010,1998,남,6,초등,초등,1,2,2,N
bde07169a889,2010,1992,여,12,고등,고등,1,2,2,N
be908d8b267f,2010,1996,여,8,중등,중등,1,8,2,N
c037e685dd94,2010,1996,여,8,중등,중등,1,6,2,N
c088d6dfee2c,2010,1993,남,11,고등,고등,1,6,2,N
c0d64d87b6f0,2010,1988,여,16,대학·일반,대학·일반,1,4,2,N
c15b0b6411b1,2010,2000,여,4,초등,초등,1,6,2,N
c1a1edc25cac,2010,1987,남,17,대학·일반,대학·일반,1,5,2,N
c1e907f0d932,2010,2001,여,3,초등,초등,1,4,2,N
c21c87f50be3,2010,1999,남,5,초등,초등,1,7,2,N
c3b90cb928b2,2010,1999,여,5,초등,초등,1,6,2,N
c3d174bd7b0d,2010,1994,여,10,고등,고등,1,7,2,N
c40477783db4,2010,2001,남,3,초등,초등,1,4,2,N
c584956e3254,2010,1997,남,7,중등,중등,1,6,2,N
c74ff3dead88,2010,1988,남,16,대학·일반,대학·일반,1,2,2,N
c82cacdbf6a7,2010,1996,남,8,중등,중등,1,8,2,N
ca69b7d9fe0a,2010,2001,남,3,초등,초등,1,2,2,N
cab67bcee5d4,2010,1987,남,17,대학·일반,대학·일반,1,7,2,N
cbff9bc32c05,2010,1998,남,6,초등,초등,1,6,2,N
cc4e2bfd2d0a,2010,2001,남,3,초등,초등,1,2,2,N
cc8aacdad28a,2010,1995,남,9,중등,중등,1,6,2,N
cc8eebcf404c,2010,1998,남,6,초등,중등,1,4,2,N
cd0acdcae8fd,2010,2002,여,2,초등,초등,1,4,2,N
cd4405cdba61,2010,2002,남,2,초등,초등,1,4,2,N
ceee39590d44,2010,1987,여,17,대학·일반,대학·일반,1,1,2,N
cf9d6a7db8bb,2010,2000,남,4,초등,초등,1,4,2,N
d05c19e307a9,2010,1988,여,16,대학·일반,대학·일반,1,4,2,N
d1d65ce6c04c,2010,1969,남,35,대학·일반,대학·일반,1,4,2,N
d2529fb44dab,2010,1995,여,9,중등,고등,1,2,1,N
d2f949849085,2010,1963,남,41,대학·일반,대학·일반,1,4,2,N
d3138c670a26,2010,2001,여,3,초등,초등,1,6,2,N
d450334d5fda,2010,1993,남,11,고등,고등,1,5,2,N
d5272b79a481,2010,1994,여,10,고등,고등,1,2,2,N
d648010916b3,2010,1989,남,15,대학·일반,대학·일반,1,6,2,N
d66fe4ac13ba,2010,1992,남,12,고등,고등,1,4,2,N
d7d7c6478ccd,2010,1995,남,9,중등,중등,1,8,2,N
d7feb4abef2c,2010,1991,남,13,대학·일반,대학·일반,1,2,1,N
d9eb328b75b3,2010,1996,여,8,중등,중등,1,6,2,N
da074dfc95bc,2010,1996,남,8,중등,중등,1,4,2,N
da2f19d481de,2010,1997,남,7,중등,중등,1,5,2,N
dc8c745638c5,2010,1999,여,5,초등,초등,1,5,2,N
de1a37e081c7,2010,1994,남,10,고등,고등,1,7,2,N
df0e87cc1575,2010,1997,여,7,중등,중등,1,5,2,N
df47739baf30,2010,1990,남,14,대학·일반,대학·일반,1,5,2,N
e0c8d6d91885,2010,1996,남,8,중등,중등,1,8,2,N
e269a0ba5db1,2010,1997,남,7,중등,중등,1,4,2,N
e353f8b619cb,2010,1993,남,11,고등,대학·일반,1,5,2,N
e35bc4079d72,2010,1996,남,8,중등,중등,1,4,2,N
e376b8d1e5d2,2010,1989,남,15,대학·일반,대학·일반,1,7,2,N
e38a910dae53,2010,1999,남,5,초등,초등,1,5,2,N
e3bd567ad8c2,2010,1992,남,12,고등,고등,1,2,1,N
e52eb36bd534,2010,1991,남,13,대학·일반,대학·일반,1,2,1,N
e7b4c1cbfcda,2010,2002,남,2,초등,초등,1,5,2,N
e7c8828467ef,2010,1988,여,16,대학·일반,대학·일반,2,4,2,N
e847a448da95,2010,1998,남,6,초등,초등,1,9,2,N
e94ab0bb5548,2010,1997,여,7,중등,중등,1,6,2,N
eaee49bf736d,2010,1996,여,8,중등,중등,1,2,2,N
eb2c127eb837,2010,1997,남,7,중등,중등,1,4,2,N
ed484b1c7b7c,2010,1994,남,10,고등,고등,1,6,2,N
ed87b0533c13,2010,1992,남,12,고등,고등,1,5,2,N
edb357db45c8,2010,1991,남,13,대학·일반,대학·일반,1,8,2,N
ef3f093417b0,2010,1999,남,5,초등,초등,1,5,2,N
f1063e4b08f2,2010,1992,남,12,고등,고등,1,5,2,N
f145e63d5ed5,2010,1993,여,11,고등,고등,2,3,1|2,N
f17bd9cb7818,2010,1989,남,15,대학·일반,대학·일반,1,7,2,N
f2b1ce560ae8,2010,1991,여,13,대학·일반,대학·일반,1,5,2,N
f36602b19d2d,2010,2000,여,4,초등,초등,1,10,2,N
f3d256520128,2010,1993,남,11,고등,고등,1,4,2,N
f4c691360db5,2010,1995,여,9,중등,중등,1,2,2,N
f7164bc12d62,2010,1997,남,7,중등,중등,1,4,2,N
f7586faa9b4b,2010,1995,여,9,중등,중등,1,5,2,N
f796ab9cbb06,2010,2002,여,2,초등,초등,1,4,2,N
f7b21c318096,2010,1987,남,17,대학·일반,대학·일반,1,4,2,N
f853a3a38561,2010,1992,여,12,고등,고등,1,2,2,N
f89df0d58ee8,2010,1982,남,22,대학·일반,대학·일반,1,3,2,N
f8bbc50957b9,2010,1999,여,5,초등,초등,1,4,2,N
f9485279a90f,2010,1995,여,9,중등,중등,1,5,2,N
faf222e8aacc,2010,1996,남,8,중등,중등,1,5,2,N
fcaf4a531687,2010,1991,남,13,대학·일반,대학·일반,1,2,1,N
fd6ad2e1ace5,2010,1998,남,6,초등,초등,1,7,2,N
fd8b316c68e4,2010,1994,남,10,고등,고등,1,4,2,N
fe95a61a7dde,2010,2000,여,4,초등,초등,1,4,2,N
001deb32ccba,2011,1999,여,6,초등,초등,1,7,2,N
00c3b11ca195,2011,2004,남,1,초등,초등,1,4,2,N
013ffe268093,2011,1995,남,10,고등,고등,1,2,1,N
04a963b500f6,2011,1998,여,7,중등,중등,2,11,2,N
04c5a22f8436,2011,1990,여,15,대학·일반,대학·일반,1,1,2,N
0560c00c0517,2011,1995,남,10,고등,고등,1,2,1,N
05ff88e16da8,2011,1998,남,7,중등,중등,1,4,2,N
06a2e9a7cbaa,2011,1988,여,17,대학·일반,대학·일반,3,13,2,N
06c682e28dae,2011,1995,여,10,고등,고등,1,4,2,N
0716360d5f0f,2011,1995,남,10,고등,고등,2,14,2,N
08db8b732de5,2011,2004,남,1,초등,초등,1,6,2,N
0a2de10b61d7,2011,2000,여,5,초등,초등,2,15,2,N
0af1f8641a01,2011,1993,남,12,고등,고등,1,7,2,N
0b0d5f9ed4ff,2011,1997,여,8,중등,중등,2,11,2,N
0b22f4ac3c5a,2011,1983,여,22,대학·일반,대학·일반,2,15,2,N
0c122496b756,2011,1997,여,8,중등,중등,1,4,2,N
0db5810a67de,2011,1992,남,13,대학·일반,대학·일반,2,17,2,N
0f3c3a1288c4,2011,1997,남,8,중등,중등,2,15,2,N
0f41fbece094,2011,1995,남,10,고등,고등,2,8,2,N
10d54ed3e18e,2011,1994,남,11,고등,고등,2,8,1|2,N
113fb563e142,2011,1999,남,6,초등,초등,1,4,2,N
118de3c47f53,2011,1997,여,8,중등,중등,1,4,2,N
118e90000d73,2011,2000,남,5,초등,초등,2,11,2,N
11f970f7f448,2011,1997,남,8,중등,중등,2,15,2,N
120a8bdd9867,2011,1994,남,11,고등,고등,2,11,2,N
12857deb2953,2011,1998,여,7,중등,초등,1,2,1,N
128df241c169,2011,2002,여,3,초등,초등,1,4,2,N
13234d547fef,2011,1997,여,8,중등,중등,1,4,2,N
1423282e3a6d,2011,2000,남,5,초등,초등,1,5,2,N
146edbd7e907,2011,2002,여,3,초등,초등,1,4,2,N
14a21cfa416a,2011,1993,여,12,고등,고등,1,7,2,N
15bb6ceef1a6,2011,2000,남,5,초등,초등,1,5,2,N
1649ff9df336,2011,2001,여,4,초등,초등,1,7,2,N
167a9f4bce74,2011,2002,남,3,초등,초등,1,5,2,N
16d89eed9e82,2011,2001,여,4,초등,초등,1,5,2,N
16e3e7d91fc7,2011,1998,여,7,중등,중등,1,4,2,N
16e8c6d7367d,2011,1992,여,13,대학·일반,대학·일반,1,7,2,N
17b5beb812b1,2011,1961,여,44,대학·일반,대학·일반,1,4,2,N
17e7c6ce5ee3,2011,1989,남,16,대학·일반,대학·일반,2,14,2,N
18ee553f4b1f,2011,1997,남,8,중등,중등,1,4,2,N
1904fad76ae4,2011,2002,남,3,초등,초등,2,14,2,N
1991b251b243,2011,1998,여,7,중등,중등,1,5,2,N
19b51d9740be,2011,2000,남,5,초등,초등,1,7,2,N
19f77c26cd6d,2011,2001,남,4,초등,초등,1,4,2,N
1aef3d542bbd,2011,2000,여,5,초등,초등,1,7,2,N
1c1883e3e060,2011,1988,남,17,대학·일반,대학·일반,2,13,2,N
1c5dd0fb4c56,2011,2000,남,5,초등,초등,1,4,2,N
1c75a270f566,2011,1994,여,11,고등,고등,3,10,2,N
1d832ec4e806,2011,1998,여,7,중등,중등,2,17,2,N
1e5907df1547,2011,2002,남,3,초등,초등,2,10,2,N
1e8ea6bb7227,2011,2001,여,4,초등,초등,1,6,2,N
1f0f26f535e5,2011,1991,여,14,대학·일반,대학·일반,3,8,2,N
1f7edacccc17,2011,1997,여,8,중등,중등,2,18,2,N
1ffa443c0c86,2011,2002,여,3,초등,초등,2,4,1,N
209d7f786bd2,2011,1992,여,13,대학·일반,고등,2,4,2,N
213dd96bc532,2011,1994,남,11,고등,고등,1,2,1,N
21acf2b3c441,2011,1995,여,10,고등,고등,1,2,2,N
22196f1cb541,2011,1997,남,8,중등,중등,1,4,2,N
225fb455c010,2011,1993,남,12,고등,고등,1,7,2,N
22c70867823a,2011,1993,남,12,고등,고등,1,6,2,N
233b40519c1a,2011,1997,여,8,중등,중등,1,6,2,N
2396bd738793,2011,1998,남,7,중등,중등,1,4,2,N
23fdd3113f3e,2011,1994,여,11,고등,고등,3,10,2,N
2451c63031a7,2011,1998,남,7,중등,중등,1,5,2,N
2454cfd13999,2011,2002,남,3,초등,초등,2,12,2,N
25aaa6f75c68,2011,1997,여,8,중등,중등,1,4,2,N
26d5bb612f35,2011,1993,남,12,고등,고등,1,7,2,N
275b1a236e1d,2011,1999,여,6,초등,초등,1,7,2,N
2796274b6b7c,2011,1989,남,16,대학·일반,대학·일반,1,5,2,N
27c2bec2134d,2011,1999,남,6,초등,초등,1,10,2,N
284c016663a5,2011,2000,여,5,초등,초등,1,4,2,N
284cc082d4eb,2011,1990,여,15,대학·일반,대학·일반,2,8,2,N
2909bacf2b4c,2011,1990,남,15,대학·일반,대학·일반,1,4,2,N
2951ca482328,2011,2000,남,5,초등,초등,1,4,2,N
2af4aa3d8347,2011,1993,여,12,고등,대학·일반,2,3,1|2,N
2b5f31869781,2011,1997,여,8,중등,중등,2,17,2,N
2bd45abdf686,2011,1996,여,9,중등,고등,2,12,2,N
2d46caf4d922,2011,1994,남,11,고등,고등,2,16,2,N
2dfec49bed16,2011,1990,남,15,대학·일반,대학·일반,2,10,2,N
2e649ac86ced,2011,1971,남,34,대학·일반,대학·일반,1,3,2,N
2ed3bf62cc16,2011,1999,남,6,초등,중등,1,2,1,N
2f428e11b789,2011,1996,남,9,중등,중등,1,6,2,N
2ff6be4028fb,2011,2001,여,4,초등,초등,1,4,2,N
30570e53d7a9,2011,1999,여,6,초등,초등,1,4,2,N
30fb1d2fab3e,2011,1999,남,6,초등,초등,1,5,2,N
31deaa043f12,2011,1997,여,8,중등,중등,2,17,2,N
322d4e835fea,2011,1999,남,6,초등,초등,1,9,2,N
3281617690c3,2011,1995,남,10,고등,고등,1,2,1,N
32c8f1560d3a,2011,1999,여,6,초등,초등,1,9,2,N
33fde8305857,2011,1997,여,8,중등,중등,2,7,2,N
360ca438dd1b,2011,1994,여,11,고등,고등,3,13,2,N
3643049e2d73,2011,1998,여,7,중등,중등,2,7,2,N
37e213997ab5,2011,2002,여,3,초등,초등,2,12,2,N
38b0125c6b0d,2011,2002,남,3,초등,초등,2,8,2,N
3911bcdd188b,2011,1998,남,7,중등,중등,1,4,2,N
39289c0b69e5,2011,1998,남,7,중등,중등,1,4,2,N
39a86430b08d,2011,1962,여,43,대학·일반,대학·일반,1,2,2,N
39f6621d7e2b,2011,1995,여,10,고등,고등,2,12,2,N
3b8c3f7937a3,2011,1991,여,14,대학·일반,대학·일반,1,1,2,N
3bc573dec665,2011,1971,남,34,대학·일반,대학·일반,1,4,2,N
3d72f70948c7,2011,1997,여,8,중등,중등,1,4,2,N
3e5c1223f374,2011,2000,남,5,초등,초등,1,6,2,N
3e68d28b0275,2011,1999,여,6,초등,초등,1,7,2,N
3e6ab97ffe8c,2011,1984,남,21,대학·일반,대학·일반,1,4,2,N
3f1788095245,2011,1988,여,17,대학·일반,대학·일반,1,1,2,N
3f7c555ea72a,2011,2004,남,1,초등,초등,1,1,2,N
410165e0952a,2011,1988,여,17,대학·일반,대학·일반,2,11,2,N
41b2721fe2b1,2011,1999,여,6,초등,초등,1,2,2,N
41d3b04611d6,2011,2000,남,5,초등,초등,2,15,2,N
43c7dea0d38a,2011,1967,여,38,대학·일반,대학·일반,1,4,2,N
43f440a30a61,2011,1987,남,18,대학·일반,대학·일반,3,12,2,N
4413d0e24fe3,2011,2002,남,3,초등,초등,1,5,2,N
445c1ffd77ff,2011,1987,남,18,대학·일반,대학·일반,3,14,2,N
44ce8b98600d,2011,1989,여,16,대학·일반,대학·일반,3,12,2,N
45cd73afc9d3,2011,1992,남,13,대학·일반,대학·일반,1,5,2,N
466eb7765b52,2011,1998,남,7,중등,중등,1,4,2,N
4773cab8f530,2011,1994,남,11,고등,고등,1,4,2,N
47f9701de090,2011,2004,남,1,초등,초등,1,5,2,N
483ab294e424,2011,2000,남,5,초등,초등,2,15,2,N
4850a02ac453,2011,2002,여,3,초등,초등,1,4,2,N
4860846895ef,2011,2000,남,5,초등,초등,1,4,2,N
48c0037b849a,2011,1995,여,10,고등,고등,2,15,2,N
497bf55732f1,2011,1993,여,12,고등,고등,1,2,2,N
4a5a12b8a207,2011,2002,남,3,초등,초등,1,6,2,N
4ab142155140,2011,1992,남,13,대학·일반,대학·일반,1,4,2,N
4abde24943d8,2011,2003,남,2,초등,초등,1,3,2,N
4af3b9f83c5e,2011,2003,남,2,초등,초등,1,5,2,N
4ded9774e8af,2011,1984,남,21,대학·일반,대학·일반,1,5,2,N
4e6b997a8725,2011,1989,여,16,대학·일반,대학·일반,3,9,2,N
4e9fed7d8d4b,2011,2001,여,4,초등,초등,1,4,2,N
4f0587b605c0,2011,1999,남,6,초등,중등,2,12,2,N
4f42cd0206f2,2011,1989,남,16,대학·일반,대학·일반,2,10,2,N
507cceb2d18b,2011,2002,남,3,초등,초등,1,4,2,N
508141dc88d9,2011,1999,남,6,초등,초등,1,10,2,N
50bb4357045f,2011,1999,남,6,초등,초등,1,10,2,N
50fdcbedc249,2011,1999,여,6,초등,초등,1,5,2,N
51fe943db133,2011,2001,남,4,초등,초등,2,6,1|2,N
5218c2e0fc2f,2011,2002,남,3,초등,초등,1,5,2,N
522178dded04,2011,1993,남,12,고등,고등,1,4,2,N
523d6cf9c251,2011,2002,남,3,초등,초등,1,7,2,N
52f93d4df5bd,2011,1998,남,7,중등,중등,1,4,2,N
52fb82ab3a08,2011,1990,남,15,대학·일반,대학·일반,2,9,2,N
553b3be74f3e,2011,1992,여,13,대학·일반,대학·일반,3,8,2,N
57e233b9eabd,2011,2002,남,3,초등,초등,1,4,2,N
57fd3cfa6ef8,2011,1990,남,15,대학·일반,대학·일반,1,4,2,N
58ec54b90c37,2011,2003,여,2,초등,초등,1,5,2,N
59019ad50874,2011,1965,여,40,대학·일반,대학·일반,1,2,2,N
5979e84dd54c,2011,1998,여,7,중등,중등,1,4,2,N
5bae8dbea2a0,2011,1995,남,10,고등,고등,2,10,2,N
5c75f5194b15,2011,1990,남,15,대학·일반,대학·일반,1,8,2,N
5c8a7319c979,2011,1998,남,7,중등,중등,1,4,2,N
5cd85fb7269a,2011,1997,여,8,중등,중등,1,5,2,N
5d375ebfd6ee,2011,2000,여,5,초등,초등,1,5,2,N
5de838469d6e,2011,1987,남,18,대학·일반,대학·일반,2,7,2,N
5eb13f527fe7,2011,1992,여,13,대학·일반,대학·일반,3,10,2,N
5f665a9626ad,2011,1995,남,10,고등,고등,1,4,2,N
60250f5316db,2011,1995,여,10,고등,고등,2,10,2,N
6049d5bb9e62,2011,2001,남,4,초등,초등,2,10,2,N
61b018a28cc5,2011,1998,남,7,중등,중등,1,4,2,N
62c11a801dcd,2011,1988,남,17,대학·일반,대학·일반,1,7,2,N
6352595f975c,2011,1992,남,13,대학·일반,대학·일반,2,11,2,N
6518432084ef,2011,1995,여,10,고등,고등,1,2,2,N
652cac194737,2011,1991,남,14,대학·일반,대학·일반,1,6,2,N
6534884917ea,2011,1991,여,14,대학·일반,대학·일반,2,5,2,N
659f9629d3d1,2011,1999,여,6,초등,초등,1,5,2,N
65c97bda99d0,2011,2002,남,3,초등,초등,2,16,2,N
65dd4577519a,2011,1991,남,14,대학·일반,대학·일반,3,8,2,N
662b51f36011,2011,1998,남,7,중등,중등,1,4,2,N
67a72efc0413,2011,2000,여,5,초등,초등,1,5,2,N
67dc6ccd9ffa,2011,2004,남,1,초등,초등,1,5,2,N
67e81c4d0fd0,2011,1995,여,10,고등,고등,1,4,2,N
69a239e85e84,2011,1993,남,12,고등,대학·일반,1,4,2,N
6a1768916603,2011,1990,여,15,대학·일반,대학·일반,3,7,2,N
6a9b86db8452,2011,1995,남,10,고등,고등,1,2,1,N
6ad25dea5987,2011,1992,남,13,대학·일반,고등,1,4,2,N
6b6217835a81,2011,1993,남,12,고등,고등,1,4,2,N
6bf5d106417f,2011,2003,여,2,초등,초등,2,9,2,N
6d16ce9fa92e,2011,1988,여,17,대학·일반,대학·일반,2,11,2,N
6eb4cb0c489c,2011,1983,여,22,대학·일반,대학·일반,2,7,2,N
6f374c6e8468,2011,1998,남,7,중등,중등,1,4,2,N
6f4eecbefe55,2011,2000,남,5,초등,초등,2,12,2,N
703d71ebe1bf,2011,1990,남,15,대학·일반,대학·일반,2,19,2,N
705bb485ca5f,2011,1990,남,15,대학·일반,대학·일반,2,11,2,N
715cec6a3d40,2011,1998,남,7,중등,중등,1,6,2,N
716122f09a99,2011,1991,여,14,대학·일반,대학·일반,1,1,2,N
735ef2d955de,2011,1998,남,7,중등,중등,1,5,2,N
744a7a598281,2011,1997,남,8,중등,중등,1,4,2,N
75404397362c,2011,2001,남,4,초등,초등,2,13,2,N
777796af652f,2011,1993,여,12,고등,대학·일반,1,2,1,N
77aea32d94e2,2011,1995,여,10,고등,고등,2,15,2,N
7876cab2be0f,2011,1999,남,6,초등,초등,1,7,2,N
7888da2a2b75,2011,1993,남,12,고등,고등,2,6,1|2,N
78b743c5bff1,2011,1992,여,13,대학·일반,대학·일반,2,4,1|2,N
79ae0d5998d5,2011,1993,여,12,고등,고등,2,7,2,N
7a5d1abbdb9a,2011,1999,여,6,초등,초등,1,8,2,N
7abf37c335c1,2011,1990,남,15,대학·일반,대학·일반,1,3,2,N
7ba47907d375,2011,1994,남,11,고등,고등,2,17,2,N
7c489a9297e6,2011,1976,남,29,대학·일반,대학·일반,1,2,2,N
7d57891e0e52,2011,2001,남,4,초등,초등,2,8,2,N
7dad824c884d,2011,1992,여,13,대학·일반,대학·일반,3,8,2,N
7fad02e54fdc,2011,1996,남,9,중등,중등,1,7,2,N
803f3c383b4a,2011,1998,남,7,중등,중등,1,4,2,N
808dc07732e7,2011,1999,남,6,초등,초등,1,6,2,N
80b041eca001,2011,2000,남,5,초등,초등,2,12,2,N
811dec6e3ad3,2011,1994,남,11,고등,고등,2,18,2,N
81a07ce06484,2011,2003,남,2,초등,초등,1,3,2,N
820f209e7f47,2011,1969,남,36,대학·일반,대학·일반,1,1,2,N
82baf36eaef3,2011,1958,남,47,대학·일반,대학·일반,2,4,2,N
834b3abb10c4,2011,2001,여,4,초등,초등,1,6,2,N
83bb9ef5e6b5,2011,1985,남,20,대학·일반,대학·일반,3,13,2,N
8464b1f47861,2011,2002,여,3,초등,초등,2,9,2,N
848ae7cf03ef,2011,1993,남,12,고등,고등,1,4,2,N
864a7ee93758,2011,2000,남,5,초등,초등,1,4,2,N
86e080aa0611,2011,1992,남,13,대학·일반,대학·일반,1,2,1,N
88093090462f,2011,2000,남,5,초등,초등,1,4,2,N
8813b3e58801,2011,1992,남,13,대학·일반,대학·일반,2,12,2,N
8970c464b9f4,2011,1993,남,12,고등,대학·일반,1,2,1,N
8990681135e6,2011,2002,여,3,초등,초등,1,5,2,N
89b0496fdeca,2011,1999,여,6,초등,초등,1,6,2,N
8a71c4065132,2011,1977,남,28,대학·일반,대학·일반,1,4,2,N
8c1f0bb5bd9e,2011,1993,남,12,고등,고등,1,6,2,N
8c464f28a5bd,2011,1998,여,7,중등,중등,1,2,1,N
8df5ded40bc8,2011,1999,여,6,초등,초등,1,8,2,N
8dfbd2942ac5,2011,1998,여,7,중등,중등,2,8,2,N
8e1c3b08cc6e,2011,1994,여,11,고등,고등,1,4,2,N
8e4fe3b85160,2011,2002,남,3,초등,초등,1,9,2,N
8f1a4f2282cf,2011,1987,남,18,대학·일반,대학·일반,2,7,2,N
8f46bcdf68e5,2011,1997,남,8,중등,중등,1,7,2,N
900df6910556,2011,1999,여,6,초등,초등,1,9,2,N
901191ef2410,2011,2002,남,3,초등,초등,1,2,1,N
90d84f81fc5c,2011,1989,남,16,대학·일반,대학·일반,2,11,2,N
91091850dad2,2011,2001,남,4,초등,초등,1,6,2,N
9140e2ad0fc1,2011,2000,남,5,초등,초등,1,6,2,N
916c4ede9de9,2011,2001,남,4,초등,초등,1,4,2,N
91b2404fb38a,2011,1991,남,14,대학·일반,대학·일반,2,9,2,N
9222fdaf4c9d,2011,1997,여,8,중등,중등,1,6,2,N
93535f0fb85d,2011,1985,여,20,대학·일반,대학·일반,3,13,2,N
93ea3ce3de52,2011,1995,여,10,고등,고등,2,9,2,N
94677631a5cb,2011,1996,남,9,중등,중등,1,6,2,N
97a5718ca7a9,2011,1994,남,11,고등,고등,2,11,2,N
97a646f615b5,2011,1997,남,8,중등,중등,2,16,2,N
97b4816d62d6,2011,2001,남,4,초등,초등,1,7,2,N
983ec6748edb,2011,1996,여,9,중등,중등,1,7,2,N
98cf8639bf81,2011,2001,여,4,초등,초등,1,5,2,N
9b1407065833,2011,2000,남,5,초등,초등,1,6,2,N
9b74eee34307,2011,1996,여,9,중등,중등,1,4,2,N
9c813608b570,2011,1967,남,38,대학·일반,대학·일반,1,3,2,N
9e5e9eb02d77,2011,1995,남,10,고등,고등,2,7,2,N
9eb1a5e3bc35,2011,1966,여,39,대학·일반,대학·일반,1,6,2,N
9ed3a0818448,2011,1999,여,6,초등,초등,1,4,2,N
9f0e1d6faa94,2011,1990,남,15,대학·일반,대학·일반,2,7,2,N
9f20a85ae2a5,2011,2002,여,3,초등,초등,1,4,2,N
a0098c7c9766,2011,1993,남,12,고등,고등,1,4,2,N
a00edd319d89,2011,1999,남,6,초등,초등,1,8,2,N
a111bf8fa2a3,2011,2003,여,2,초등,초등,2,12,2,N
a1cbbc8aa8cc,2011,1996,여,9,중등,중등,1,5,2,N
a305c2ca5547,2011,1997,남,8,중등,중등,2,17,2,N
a32f03f3a702,2011,2002,남,3,초등,초등,1,4,2,N
a3352ef19613,2011,1999,여,6,초등,중등,1,2,1,N
a43c757f8be8,2011,1967,여,38,대학·일반,대학·일반,1,4,2,N
a4bc4404d179,2011,1994,남,11,고등,고등,1,4,2,N
a51a4025b962,2011,2002,여,3,초등,초등,1,5,2,N
a598eab16662,2011,1989,여,16,대학·일반,대학·일반,2,5,2,N
a5f330aa4fe4,2011,2000,남,5,초등,초등,1,5,2,N
a7129272906b,2011,1999,여,6,초등,초등,1,9,2,N
a765c0d58fea,2011,1985,여,20,대학·일반,대학·일반,2,16,2,N
a7b993214f8d,2011,2000,여,5,초등,초등,2,13,2,N
a7f4c0313fc2,2011,1999,남,6,초등,초등,1,6,2,N
aa5d4d1dfefc,2011,2002,남,3,초등,초등,1,4,2,N
aa5d996a35e9,2011,2002,남,3,초등,초등,1,4,2,N
ab787601d3b6,2011,1999,남,6,초등,초등,1,4,2,N
aba961280670,2011,1985,남,20,대학·일반,대학·일반,1,1,2,N
ae6dd5c70109,2011,1997,남,8,중등,중등,1,5,2,N
ae86a4dc2511,2011,1965,남,40,대학·일반,대학·일반,1,4,2,N
aeaa1e9821d9,2011,2002,여,3,초등,초등,2,6,1|2,N
aeb8813a42d9,2011,2000,남,5,초등,초등,1,8,2,N
af5f9ce8641e,2011,1996,남,9,중등,중등,1,7,2,N
af613fde6bf6,2011,1993,여,12,고등,고등,1,7,2,N
af898ae6a548,2011,1985,남,20,대학·일반,대학·일반,3,8,2,N
afcf60305d72,2011,1997,여,8,중등,중등,1,4,2,N
afe1a39391fa,2011,2003,남,2,초등,초등,1,3,2,N
b0067433a4e5,2011,2000,남,5,초등,초등,1,4,2,N
b094d49dcf61,2011,2000,여,5,초등,초등,2,9,2,N
b18b368d31d8,2011,1994,남,11,고등,고등,1,2,1,N
b1efa97cb4b5,2011,2002,남,3,초등,초등,1,5,2,N
b23ef5311053,2011,1996,남,9,중등,중등,1,7,2,N
b3115fd8bc37,2011,2002,남,3,초등,초등,1,4,2,N
b45c592d8253,2011,2002,여,3,초등,초등,1,5,2,N
b52f24dc8231,2011,1999,여,6,초등,초등,1,4,2,N
b5f11360667c,2011,1998,여,7,중등,중등,2,6,1|2,N
b6c954a76552,2011,2002,남,3,초등,초등,1,4,2,N
b7bb17f0d8f0,2011,1996,남,9,중등,중등,1,7,2,N
b8606a5bf2b3,2011,2000,남,5,초등,초등,2,13,2,N
b9d76942397b,2011,1988,남,17,대학·일반,대학·일반,2,15,2,N
ba10717f413e,2011,1992,여,13,대학·일반,대학·일반,1,3,2,N
ba137adc112d,2011,1991,여,14,대학·일반,대학·일반,1,3,2,N
bac68acf29ff,2011,1992,여,13,대학·일반,대학·일반,2,5,2,N
bcfaf780b48e,2011,1999,여,6,초등,초등,2,11,1|2,N
bda07c64e0d7,2011,1998,남,7,중등,초등,1,2,1,N
bdabb8bc24b0,2011,1968,여,37,대학·일반,대학·일반,1,4,2,N
be223cde0f92,2011,1997,남,8,중등,중등,1,4,2,N
be908d8b267f,2011,1996,여,9,중등,중등,1,8,2,N
c037e685dd94,2011,1996,여,9,중등,고등,1,1,1,N
c088d6dfee2c,2011,1993,남,12,고등,고등,1,6,2,N
c1e907f0d932,2011,2001,여,4,초등,초등,2,12,2,N
c21c87f50be3,2011,1999,남,6,초등,초등,1,8,2,N
c24af8c6b90b,2011,2004,남,1,초등,초등,1,5,2,N
c31c57957ac5,2011,1995,남,10,고등,고등,2,9,2,N
c3b90cb928b2,2011,1999,여,6,초등,초등,1,8,2,N
c3d174bd7b0d,2011,1994,여,11,고등,고등,2,16,2,N
c3d39ae7c008,2011,2003,남,2,초등,초등,1,1,2,N
c40477783db4,2011,2001,남,4,초등,초등,1,2,2,N
c584956e3254,2011,1997,남,8,중등,중등,1,8,2,N
c5d29e88f697,2011,1995,남,10,고등,고등,1,2,1,N
c5f8853cdb58,2011,1995,여,10,고등,고등,2,8,2,N
c82cacdbf6a7,2011,1996,남,9,중등,중등,1,6,2,N
c869e7570ac0,2011,1999,여,6,초등,초등,1,4,2,N
c986ac4282ff,2011,1996,남,9,중등,중등,1,4,2,N
ca5bc3c2f408,2011,2002,남,3,초등,초등,1,4,2,N
ca69b7d9fe0a,2011,2001,남,4,초등,초등,2,4,1,N
cab67bcee5d4,2011,1987,남,18,대학·일반,대학·일반,2,10,2,N
cbff9bc32c05,2011,1998,남,7,중등,중등,2,8,2,N
cc4e2bfd2d0a,2011,2001,남,4,초등,초등,1,2,1,N
cc8aacdad28a,2011,1995,남,10,고등,고등,1,5,2,N
ccd4f861f9b0,2011,2000,남,5,초등,초등,2,15,2,N
cd4405cdba61,2011,2002,남,3,초등,초등,2,9,2,N
ce5b9af28dd0,2011,2000,여,5,초등,초등,1,7,2,N
d05c19e307a9,2011,1988,여,17,대학·일반,대학·일반,3,11,2,N
d1d65ce6c04c,2011,1969,남,36,대학·일반,대학·일반,1,4,2,N
d2529fb44dab,2011,1995,여,10,고등,고등,1,2,1,N
d2f949849085,2011,1963,남,42,대학·일반,대학·일반,1,4,2,N
d3138c670a26,2011,2001,여,4,초등,초등,2,9,2,N
d36b68566313,2011,1989,남,16,대학·일반,대학·일반,1,4,2,N
d450334d5fda,2011,1993,남,12,고등,고등,1,4,2,N
d5272b79a481,2011,1994,여,11,고등,고등,3,11,2,N
d727ce6b54f1,2011,2002,남,3,초등,초등,1,4,2,N
d75ac1031a79,2011,1964,여,41,대학·일반,대학·일반,1,5,2,N
d7d7c6478ccd,2011,1995,남,10,고등,고등,2,9,2,N
d97c2e899c27,2011,2002,여,3,초등,초등,2,11,2,N
d9eb328b75b3,2011,1996,여,9,중등,중등,1,5,2,N
da074dfc95bc,2011,1996,남,9,중등,중등,1,5,2,N
da2f19d481de,2011,1997,남,8,중등,중등,1,5,2,N
daee1077985a,2011,1995,남,10,고등,고등,1,4,2,N
dc8c745638c5,2011,1999,여,6,초등,초등,1,6,2,N
de1a37e081c7,2011,1994,남,11,고등,고등,2,18,2,N
de1f81fd43c4,2011,1999,남,6,초등,초등,1,2,2,N
df0e87cc1575,2011,1997,여,8,중등,중등,2,18,2,N
df47739baf30,2011,1990,남,15,대학·일반,대학·일반,2,9,2,N
e02e5ece24f5,2011,1988,남,17,대학·일반,대학·일반,2,17,2,N
e0c8d6d91885,2011,1996,남,9,중등,고등,2,15,2,N
e269a0ba5db1,2011,1997,남,8,중등,중등,1,4,2,N
e353f8b619cb,2011,1993,남,12,고등,대학·일반,2,11,2,N
e376b8d1e5d2,2011,1989,남,16,대학·일반,대학·일반,1,4,2,N
e3bd567ad8c2,2011,1992,남,13,대학·일반,대학·일반,1,2,1,N
e52eb36bd534,2011,1991,남,14,대학·일반,대학·일반,1,2,1,N
e77e71879ff2,2011,2001,여,4,초등,초등,1,4,2,N
e7c8828467ef,2011,1988,여,17,대학·일반,대학·일반,1,1,2,N
e847a448da95,2011,1998,남,7,중등,중등,2,9,2,N
e93b65fce5f2,2011,2001,여,4,초등,초등,1,2,1,N
e94ab0bb5548,2011,1997,여,8,중등,중등,1,5,2,N
ed0f7261e428,2011,1994,여,11,고등,고등,1,5,2,N
ed484b1c7b7c,2011,1994,남,11,고등,고등,1,2,1,N
edb357db45c8,2011,1991,남,14,대학·일반,대학·일반,2,13,2,N
ef3f093417b0,2011,1999,남,6,초등,중등,1,4,2,N
efcdda8971cf,2011,2002,남,3,초등,초등,1,4,2,N
f1063e4b08f2,2011,1992,남,13,대학·일반,대학·일반,2,9,2,N
f2b1ce560ae8,2011,1991,여,14,대학·일반,대학·일반,2,4,2,N
f36602b19d2d,2011,2000,여,5,초등,초등,1,10,2,N
f3d256520128,2011,1993,남,12,고등,고등,1,4,2,N
f4c691360db5,2011,1995,여,10,고등,고등,1,4,2,N
f4d2a5032915,2011,1998,여,7,중등,중등,1,6,2,N
f6c165689145,2011,1996,남,9,중등,중등,1,8,2,N
f7164bc12d62,2011,1997,남,8,중등,중등,1,4,2,N
f796ab9cbb06,2011,2002,여,3,초등,초등,1,4,2,N
f7b21c318096,2011,1987,남,18,대학·일반,대학·일반,2,8,2,N
f89df0d58ee8,2011,1982,남,23,대학·일반,대학·일반,1,2,2,N
f8bbc50957b9,2011,1999,여,6,초등,초등,1,4,2,N
f9485279a90f,2011,1995,여,10,고등,고등,2,8,2,N
faf222e8aacc,2011,1996,남,9,중등,중등,1,6,2,N
fbe083fdb103,2011,2002,남,3,초등,초등,1,4,2,N
fcaf4a531687,2011,1991,남,14,대학·일반,대학·일반,1,2,1,N
fd6ad2e1ace5,2011,1998,남,7,중등,중등,1,7,2,N
fe95a61a7dde,2011,2000,여,5,초등,초등,1,6,2,N
ffee75e2ec81,2011,2001,남,4,초등,초등,1,5,2,N
001deb32ccba,2012,1999,여,7,중등,중등,3,8,2,N
00c3b11ca195,2012,2004,남,2,초등,초등,3,8,2,N
013ffe268093,2012,1995,남,11,고등,고등,8,25,1,Y
014e579fb01e,2012,2003,남,3,초등,초등,3,7,2,N
04a963b500f6,2012,1998,여,8,중등,중등,6,15,1,Y
04c5a22f8436,2012,1990,여,16,대학·일반,대학·일반,3,8,2,N
0560c00c0517,2012,1995,남,11,고등,고등,6,16,1,Y
05c5399a7705,2012,2000,여,6,초등,초등,1,4,2,N
05ff88e16da8,2012,1998,남,8,중등,중등,3,7,2,N
06a2e9a7cbaa,2012,1988,여,18,대학·일반,대학·일반,3,6,2,N
06c682e28dae,2012,1995,여,11,고등,고등,3,6,2,N
0707e8137993,2012,2001,남,5,초등,초등,2,6,2,N
0716360d5f0f,2012,1995,남,11,고등,고등,3,9,2,N
08db8b732de5,2012,2004,남,2,초등,초등,3,8,2,N
0977d67a2b28,2012,2002,여,4,초등,초등,2,7,2,N
0a0aa4553d6d,2012,2003,남,3,초등,초등,3,7,2,N
0a2de10b61d7,2012,2000,여,6,초등,초등,3,13,2,N
0af1f8641a01,2012,1993,남,13,대학·일반,대학·일반,4,16,2,Y
0b0d5f9ed4ff,2012,1997,여,9,중등,중등,3,12,2,N
0b22f4ac3c5a,2012,1983,여,23,대학·일반,대학·일반,3,10,2,N
0b5d63780e46,2012,2000,남,6,초등,초등,2,5,2,N
0c122496b756,2012,1997,여,9,중등,중등,3,6,2,N
0db5810a67de,2012,1992,남,14,대학·일반,대학·일반,4,16,2,Y
0e4a4211ca83,2012,2000,여,6,초등,초등,3,11,2,N
0f3c3a1288c4,2012,1997,남,9,중등,중등,2,10,2,N
0f41fbece094,2012,1995,남,11,고등,고등,4,10,1|2,N
10d54ed3e18e,2012,1994,남,12,고등,고등,5,11,1|2,N
113fb563e142,2012,1999,남,7,중등,중등,3,8,2,N
11765433ccaa,2012,1961,남,45,대학·일반,대학·일반,1,2,1,N
118e90000d73,2012,2000,남,6,초등,초등,3,20,2,N
11f970f7f448,2012,1997,남,9,중등,중등,1,6,2,N
120a8bdd9867,2012,1994,남,12,고등,고등,3,10,2,N
12857deb2953,2012,1998,여,8,중등,중등,5,12,1,Y
128df241c169,2012,2002,여,4,초등,초등,1,2,2,N
1423282e3a6d,2012,2000,남,6,초등,초등,3,13,2,N
146edbd7e907,2012,2002,여,4,초등,초등,3,9,2,N
14a21cfa416a,2012,1993,여,13,대학·일반,대학·일반,3,7,2,N
1649ff9df336,2012,2001,여,5,초등,초등,3,13,2,N
167a9f4bce74,2012,2002,남,4,초등,초등,3,13,2,N
16d89eed9e82,2012,2001,여,5,초등,초등,3,19,2,N
16e3e7d91fc7,2012,1998,여,8,중등,중등,6,13,1|2,N
16e8c6d7367d,2012,1992,여,14,대학·일반,대학·일반,1,5,2,N
17b5beb812b1,2012,1961,여,45,대학·일반,대학·일반,1,3,2,N
17e7c6ce5ee3,2012,1989,남,17,대학·일반,대학·일반,2,8,2,N
18ee553f4b1f,2012,1997,남,9,중등,중등,5,21,1|2,N
1904fad76ae4,2012,2002,남,4,초등,초등,3,15,2,N
1991b251b243,2012,1998,여,8,중등,중등,1,2,2,N
19b51d9740be,2012,2000,남,6,초등,초등,4,15,2,N
19be99f59bab,2012,2000,남,6,초등,초등,2,5,2,N
1a8c135dfb40,2012,2003,남,3,초등,초등,1,2,2,N
1aef3d542bbd,2012,2000,여,6,초등,초등,3,14,2,N
1be06b331b35,2012,1962,여,44,대학·일반,대학·일반,1,2,2,N
1c1883e3e060,2012,1988,남,18,대학·일반,대학·일반,5,14,2,Y
1c5e68f84cf3,2012,1998,남,8,중등,중등,3,18,2,N
1c75a270f566,2012,1994,여,12,고등,대학·일반,8,28,1|2,Y
1d832ec4e806,2012,1998,여,8,중등,중등,3,16,2,N
1dc26590bf88,2012,1998,남,8,중등,중등,3,7,2,N
1f0954e96210,2012,1989,남,17,대학·일반,,1,7,2,Y
1f0f26f535e5,2012,1991,여,15,대학·일반,대학·일반,4,7,2,N
1f28af90eb38,2012,1993,남,13,대학·일반,대학·일반,1,2,2,N
1fa4b3503083,2012,1993,남,13,대학·일반,대학·일반,1,2,2,N
1ffa443c0c86,2012,2002,여,4,초등,초등,1,2,2,N
209d7f786bd2,2012,1992,여,14,대학·일반,대학·일반,2,3,2,N
213dd96bc532,2012,1994,남,12,고등,고등,7,19,1,Y
21acf2b3c441,2012,1995,여,11,고등,고등,1,1,2,N
22196f1cb541,2012,1997,남,9,중등,중등,3,16,2,N
225fb455c010,2012,1993,남,13,대학·일반,대학·일반,4,17,2,Y
22c70867823a,2012,1993,남,13,대학·일반,대학·일반,4,10,2,Y
233b40519c1a,2012,1997,여,9,중등,중등,3,11,2,N
23443fcd9741,2012,2002,여,4,초등,초등,3,13,2,N
2396bd738793,2012,1998,남,8,중등,중등,3,10,2,N
23fdd3113f3e,2012,1994,여,12,고등,고등,3,9,2,N
2451c63031a7,2012,1998,남,8,중등,중등,1,3,2,N
2454cfd13999,2012,2002,남,4,초등,초등,3,9,2,N
25aaa6f75c68,2012,1997,여,9,중등,중등,3,11,2,N
26d5bb612f35,2012,1993,남,13,대학·일반,대학·일반,4,22,2,Y
275b1a236e1d,2012,1999,여,7,중등,중등,2,6,2,N
27794ca98fba,2012,2002,여,4,초등,초등,2,4,2,N
2796274b6b7c,2012,1989,남,17,대학·일반,대학·일반,4,16,2,Y
27a311a342ee,2012,2000,여,6,초등,초등,2,4,1|2,N
27c2bec2134d,2012,1999,남,7,중등,중등,2,9,2,N
284c016663a5,2012,2000,여,6,초등,초등,3,18,2,N
284cc082d4eb,2012,1990,여,16,대학·일반,대학·일반,4,9,2,N
2909bacf2b4c,2012,1990,남,16,대학·일반,대학·일반,2,5,2,Y
2951ca482328,2012,2000,남,6,초등,초등,3,12,2,N
2a537a034be0,2012,1999,남,7,중등,중등,2,4,2,N
2af4aa3d8347,2012,1993,여,13,대학·일반,대학·일반,3,7,2,N
2b4eca169bba,2012,1986,남,20,대학·일반,대학·일반,4,17,2,Y
2b5f31869781,2012,1997,여,9,중등,중등,3,13,2,N
2bd45abdf686,2012,1996,여,10,고등,고등,4,12,1|2,N
2c021d98fc97,2012,1992,남,14,대학·일반,,1,6,2,Y
2cd17c6a3c6f,2012,1990,남,16,대학·일반,대학·일반,1,3,2,N
2d252d055ee3,2012,1968,남,38,대학·일반,대학·일반,2,4,2,N
2d414e0ee830,2012,1999,남,7,중등,중등,2,4,2,N
2d46caf4d922,2012,1994,남,12,고등,고등,3,13,2,N
2dca0e1ee03d,2012,2000,남,6,초등,초등,2,7,2,N
2e05c70f18a2,2012,2000,남,6,초등,초등,1,2,2,N
2e38a14cc4fd,2012,1999,여,7,중등,중등,3,6,2,N
2e649ac86ced,2012,1971,남,35,대학·일반,대학·일반,1,1,2,N
2ed3bf62cc16,2012,1999,남,7,중등,중등,6,13,1|2,N
2f428e11b789,2012,1996,남,10,고등,고등,3,10,2,N
2fb4b61cf3ad,2012,2004,남,2,초등,초등,1,3,2,N
2fb9c2bbf582,2012,2004,여,2,초등,초등,1,2,2,N
2ff6be4028fb,2012,2001,여,5,초등,초등,1,2,2,N
30525392671e,2012,2004,남,2,초등,초등,2,7,2,N
30570e53d7a9,2012,1999,여,7,중등,중등,1,2,2,N
315838bf2f7f,2012,2000,남,6,초등,초등,4,9,2,N
31b862150236,2012,1961,남,45,대학·일반,대학·일반,2,3,2,N
31deaa043f12,2012,1997,여,9,중등,중등,3,16,2,N
322d4e835fea,2012,1999,남,7,중등,중등,2,10,2,N
3281617690c3,2012,1995,남,11,고등,고등,4,8,1,Y
328770e41a9e,2012,1998,남,8,중등,중등,1,2,2,N
348482c924d6,2012,2001,남,5,초등,초등,1,2,2,N
34878a8db717,2012,2004,여,2,초등,초등,1,2,2,N
360ca438dd1b,2012,1994,여,12,고등,고등,3,8,2,N
3643049e2d73,2012,1998,여,8,중등,중등,3,7,2,N
37e213997ab5,2012,2002,여,4,초등,초등,3,16,2,N
380e07ef471d,2012,2001,남,5,초등,초등,1,3,2,N
382fd71fb66b,2012,2004,남,2,초등,초등,1,1,2,N
38b0125c6b0d,2012,2002,남,4,초등,초등,3,9,2,N
3911bcdd188b,2012,1998,남,8,중등,중등,4,8,1,Y
39289c0b69e5,2012,1998,남,8,중등,중등,3,9,2,N
39ec2aeda4cc,2012,2003,여,3,초등,초등,4,10,2,N
39f6621d7e2b,2012,1995,여,11,고등,고등,3,10,2,N
3a0f8e787acb,2012,2000,여,6,초등,초등,3,9,2,N
3b8c3f7937a3,2012,1991,여,15,대학·일반,대학·일반,3,9,2,N
3bb32b6fd0e1,2012,2003,남,3,초등,초등,1,2,2,N
3dfb7602a3d5,2012,2002,여,4,초등,초등,3,7,2,N
3e5c1223f374,2012,2000,남,6,초등,중등,3,8,2,N
3f7c555ea72a,2012,2004,남,2,초등,초등,2,5,2,N
410165e0952a,2012,1988,여,18,대학·일반,대학·일반,2,4,2,N
41d3b04611d6,2012,2000,남,6,초등,초등,2,6,2,N
42c665383c05,2012,1990,남,16,대학·일반,,2,3,1,Y
4413d0e24fe3,2012,2002,남,4,초등,초등,3,14,2,N
445c1ffd77ff,2012,1987,남,19,대학·일반,대학·일반,3,8,2,N
44ce8b98600d,2012,1989,여,17,대학·일반,대학·일반,5,10,1|2,N
466eb7765b52,2012,1998,남,8,중등,중등,3,6,2,N
4773cab8f530,2012,1994,남,12,고등,고등,3,12,2,Y
47f9701de090,2012,2004,남,2,초등,초등,2,8,2,N
483ab294e424,2012,2000,남,6,초등,초등,3,18,2,N
48c0037b849a,2012,1995,여,11,고등,고등,3,9,2,N
4a5a12b8a207,2012,2002,남,4,초등,초등,3,10,2,N
4abde24943d8,2012,2003,남,3,초등,초등,2,7,2,N
4af3b9f83c5e,2012,2003,남,3,초등,초등,3,8,2,N
4d43bd05a22c,2012,2002,여,4,초등,초등,7,15,1,N
4d478dab67e1,2012,1994,남,12,고등,고등,2,6,2,N
4dba92af88cd,2012,2001,남,5,초등,초등,2,4,2,N
4e188f7179ba,2012,1997,여,9,중등,고등,1,2,2,N
4e6b997a8725,2012,1989,여,17,대학·일반,대학·일반,3,6,2,N
4e8a8863cf5f,2012,2003,여,3,초등,초등,1,4,1|2,N
4eeb42a13b44,2012,1999,여,7,중등,중등,2,4,2,N
4f0587b605c0,2012,1999,남,7,중등,중등,3,16,2,N
4f42cd0206f2,2012,1989,남,17,대학·일반,대학·일반,3,11,2,N
508141dc88d9,2012,1999,남,7,중등,중등,3,11,2,N
50bb4357045f,2012,1999,남,7,중등,중등,3,12,2,N
50fdcbedc249,2012,1999,여,7,중등,중등,2,4,2,N
5140194a098d,2012,1993,남,13,대학·일반,대학·일반,1,4,2,N
51fe943db133,2012,2001,남,5,초등,초등,1,3,2,N
522178dded04,2012,1993,남,13,대학·일반,대학·일반,1,3,2,N
523d6cf9c251,2012,2002,남,4,초등,초등,2,9,2,N
52f93d4df5bd,2012,1998,남,8,중등,,1,2,1,Y
52fb82ab3a08,2012,1990,남,16,대학·일반,대학·일반,5,13,2,Y
5481d841122a,2012,1997,남,9,중등,중등,3,6,2,N
54d60445f014,2012,2004,여,2,초등,초등,2,5,2,N
553b3be74f3e,2012,1992,여,14,대학·일반,대학·일반,4,8,2,N
5569426f0783,2012,2001,여,5,초등,초등,4,14,2,N
556eecb7e507,2012,1998,남,8,중등,중등,1,2,2,N
562ecc66a7be,2012,2003,남,3,초등,초등,1,2,2,N
564af2602fa5,2012,2005,남,1,초등,초등,1,1,2,N
570ba29fd1bf,2012,1997,남,9,중등,중등,1,2,2,N
573b36bd28b1,2012,1997,남,9,중등,중등,3,14,2,N
57e233b9eabd,2012,2002,남,4,초등,초등,1,2,2,N
58ec54b90c37,2012,2003,여,3,초등,초등,3,8,2,N
5979e84dd54c,2012,1998,여,8,중등,중등,3,6,2,N
5b4dce3d6294,2012,2004,남,2,초등,초등,3,7,2,N
5bae8dbea2a0,2012,1995,남,11,고등,고등,3,9,2,N
5c75f5194b15,2012,1990,남,16,대학·일반,대학·일반,2,5,2,N
5c8a7319c979,2012,1998,남,8,중등,중등,2,6,2,N
5cd85fb7269a,2012,1997,여,9,중등,중등,1,1,2,N
5cee96ffec81,2012,2003,남,3,초등,초등,1,2,2,N
5d375ebfd6ee,2012,2000,여,6,초등,초등,1,2,2,N
5de838469d6e,2012,1987,남,19,대학·일반,대학·일반,2,3,2,N
5e7fa52b4d83,2012,2001,여,5,초등,초등,9,23,1|2,N
5eb13f527fe7,2012,1992,여,14,대학·일반,대학·일반,5,11,1|2,N
60250f5316db,2012,1995,여,11,고등,고등,4,14,1|2,N
6049d5bb9e62,2012,2001,남,5,초등,초등,3,7,2,N
61b018a28cc5,2012,1998,남,8,중등,중등,3,7,2,N
61cadab7573c,2012,2001,남,5,초등,초등,3,9,2,N
62571b401eb4,2012,2001,여,5,초등,초등,2,3,2,N
62c11a801dcd,2012,1988,남,18,대학·일반,대학·일반,4,10,2,Y
6352595f975c,2012,1992,남,14,대학·일반,대학·일반,5,15,2,Y
64762911db97,2012,1993,남,13,대학·일반,대학·일반,6,15,1|2,Y
6518432084ef,2012,1995,여,11,고등,고등,1,1,2,N
6585d997da9d,2012,2002,여,4,초등,초등,1,2,2,N
659f9629d3d1,2012,1999,여,7,중등,중등,3,8,2,N
65c97bda99d0,2012,2002,남,4,초등,초등,3,11,2,N
65dd4577519a,2012,1991,남,15,대학·일반,대학·일반,4,7,1|2,N
662b51f36011,2012,1998,남,8,중등,중등,3,7,2,N
66d14dcaeb7e,2012,1997,남,9,중등,중등,3,7,2,N
67a72efc0413,2012,2000,여,6,초등,중등,3,6,2,N
67c0ed2bff8d,2012,2001,여,5,초등,초등,1,4,1|2,N
67dc6ccd9ffa,2012,2004,남,2,초등,초등,3,8,2,N
67e81c4d0fd0,2012,1995,여,11,고등,고등,1,3,2,N
6997d67ad508,2012,1998,남,8,중등,중등,1,2,2,N
6a1768916603,2012,1990,여,16,대학·일반,대학·일반,3,8,2,N
6a9b86db8452,2012,1995,남,11,고등,고등,3,11,2,N
6b1054af486e,2012,1995,여,11,고등,고등,3,11,2,N
6b6217835a81,2012,1993,남,13,대학·일반,대학·일반,2,6,2,N
6bf5d106417f,2012,2003,여,3,초등,초등,7,16,1|2,N
6cde4208fe6e,2012,2003,여,3,초등,초등,1,2,2,N
6d16ce9fa92e,2012,1988,여,18,대학·일반,대학·일반,3,10,2,N
6eb4cb0c489c,2012,1983,여,23,대학·일반,대학·일반,4,8,2,N
6f374c6e8468,2012,1998,남,8,중등,중등,2,5,2,N
6f4eecbefe55,2012,2000,남,6,초등,초등,3,9,2,N
6f6e2706dbe3,2012,2002,여,4,초등,초등,2,7,2,N
7034556fb056,2012,1998,남,8,중등,중등,3,7,2,N
703d71ebe1bf,2012,1990,남,16,대학·일반,대학·일반,4,13,2,Y
705bb485ca5f,2012,1990,남,16,대학·일반,대학·일반,3,6,2,N
715cec6a3d40,2012,1998,남,8,중등,중등,3,15,2,N
716122f09a99,2012,1991,여,15,대학·일반,대학·일반,3,8,2,N
735ef2d955de,2012,1998,남,8,중등,중등,2,6,2,N
75404397362c,2012,2001,남,5,초등,초등,3,16,2,N
75613589746d,2012,1996,남,10,고등,고등,5,14,1|2,N
75d9f5d6a2f7,2012,2000,여,6,초등,초등,3,10,2,N
76d8fe29a9c0,2012,1970,여,36,대학·일반,대학·일반,1,2,2,N
777796af652f,2012,1993,여,13,대학·일반,대학·일반,7,15,1,Y
77aea32d94e2,2012,1995,여,11,고등,고등,3,15,2,N
7876cab2be0f,2012,1999,남,7,중등,중등,3,6,2,N
7888da2a2b75,2012,1993,남,13,대학·일반,대학·일반,6,13,1,Y
78b743c5bff1,2012,1992,여,14,대학·일반,대학·일반,6,12,1,Y
79ae0d5998d5,2012,1993,여,13,대학·일반,대학·일반,3,6,2,N
7a5d1abbdb9a,2012,1999,여,7,중등,중등,3,10,2,N
7abf37c335c1,2012,1990,남,16,대학·일반,대학·일반,4,15,2,Y
7ba47907d375,2012,1994,남,12,고등,고등,4,14,2,Y
7c06c837a29f,2012,2001,남,5,초등,초등,1,2,2,N
7d57891e0e52,2012,2001,남,5,초등,초등,3,11,2,N
7dad824c884d,2012,1992,여,14,대학·일반,대학·일반,4,7,2,N
7ddf4c2f3cab,2012,1997,남,9,중등,중등,2,9,2,N
7e3ca13abba0,2012,2002,남,4,초등,초등,6,19,1|2,N
7ed42c7584e6,2012,2000,남,6,초등,초등,1,3,2,N
7f737594af95,2012,1974,여,32,대학·일반,대학·일반,1,2,2,N
7fad02e54fdc,2012,1996,남,10,고등,고등,3,15,2,N
80b041eca001,2012,2000,남,6,초등,초등,2,9,2,N
811dec6e3ad3,2012,1994,남,12,고등,고등,4,21,2,Y
818918888c8b,2012,2004,남,2,초등,초등,1,3,2,N
81a07ce06484,2012,2003,남,3,초등,초등,2,6,2,N
81ecef03ce53,2012,1999,남,7,중등,중등,2,5,2,N
82baf36eaef3,2012,1958,남,48,대학·일반,대학·일반,2,4,2,N
83bb9ef5e6b5,2012,1985,남,21,대학·일반,대학·일반,3,7,2,N
84587278c6a2,2012,2002,남,4,초등,초등,2,4,2,N
8464b1f47861,2012,2002,여,4,초등,초등,4,12,2,N
848ae7cf03ef,2012,1993,남,13,대학·일반,대학·일반,3,6,2,N
861ad43d3e68,2012,2003,여,3,초등,초등,3,7,2,N
861cf951fcc7,2012,2003,남,3,초등,초등,3,6,2,N
864a7ee93758,2012,2000,남,6,초등,초등,2,7,2,N
86887407de94,2012,1986,여,20,대학·일반,대학·일반,1,4,2,N
86e080aa0611,2012,1992,남,14,대학·일반,대학·일반,6,11,1,Y
871e9c31a0f5,2012,2003,여,3,초등,초등,2,5,2,N
88093090462f,2012,2000,남,6,초등,초등,3,12,2,N
8813b3e58801,2012,1992,남,14,대학·일반,대학·일반,3,10,2,N
8970c464b9f4,2012,1993,남,13,대학·일반,대학·일반,5,12,1,Y
89b0496fdeca,2012,1999,여,7,중등,중등,1,1,2,N
8afdacb7e027,2012,2000,남,6,초등,초등,3,12,2,N
8c1f0bb5bd9e,2012,1993,남,13,대학·일반,대학·일반,3,10,2,N
8c464f28a5bd,2012,1998,여,8,중등,중등,2,4,2,N
8df5ded40bc8,2012,1999,여,7,중등,중등,2,5,2,N
8dfbd2942ac5,2012,1998,여,8,중등,중등,3,12,2,N
8e4fe3b85160,2012,2002,남,4,초등,초등,3,17,2,N
8f1a4f2282cf,2012,1987,남,19,대학·일반,대학·일반,1,1,2,N
8f46bcdf68e5,2012,1997,남,9,중등,고등,3,10,2,N
8fb95de7ad39,2012,2004,여,2,초등,초등,3,9,2,N
900df6910556,2012,1999,여,7,중등,중등,3,18,2,N
90bf0de50160,2012,1997,남,9,중등,중등,1,1,2,N
90d84f81fc5c,2012,1989,남,17,대학·일반,대학·일반,5,11,2,Y
91091850dad2,2012,2001,남,5,초등,초등,3,16,2,N
9140e2ad0fc1,2012,2000,남,6,초등,초등,2,12,2,N
916c4ede9de9,2012,2001,남,5,초등,초등,7,17,1|2,N
91b2404fb38a,2012,1991,남,15,대학·일반,대학·일반,4,14,2,Y
9222fdaf4c9d,2012,1997,여,9,중등,중등,4,12,1|2,N
9336682b674b,2012,1978,여,28,대학·일반,대학·일반,1,2,2,N
93535f0fb85d,2012,1985,여,21,대학·일반,대학·일반,2,5,2,N
9379ca2b18ef,2012,1995,남,11,고등,고등,3,9,2,N
93ea3ce3de52,2012,1995,여,11,고등,고등,4,12,1|2,N
940122443719,2012,1995,남,11,고등,고등,7,15,1,Y
94677631a5cb,2012,1996,남,10,고등,고등,3,14,2,N
952f68cff58c,2012,2000,남,6,초등,초등,1,4,1|2,N
95525b6f33f2,2012,1994,남,12,고등,고등,5,10,1|2,N
978b5249bfc5,2012,2002,여,4,초등,초등,1,1,2,N
97a5718ca7a9,2012,1994,남,12,고등,고등,3,9,2,N
97a646f615b5,2012,1997,남,9,중등,중등,4,23,2,Y
97b4816d62d6,2012,2001,남,5,초등,초등,2,9,2,N
983ec6748edb,2012,1996,여,10,고등,고등,3,10,2,N
98cf8639bf81,2012,2001,여,5,초등,초등,3,12,2,N
99a2f76da40b,2012,1994,남,12,고등,고등,3,8,2,N
9b1407065833,2012,2000,남,6,초등,초등,3,9,2,N
9b398f5e19cc,2012,2002,여,4,초등,초등,2,4,2,N
9b74eee34307,2012,1996,여,10,고등,고등,4,8,1|2,N
9c813608b570,2012,1967,남,39,대학·일반,대학·일반,2,2,2,N
9e5e9eb02d77,2012,1995,남,11,고등,고등,3,9,2,N
9eb1a5e3bc35,2012,1966,여,40,대학·일반,대학·일반,1,3,2,N
9f0e1d6faa94,2012,1990,남,16,대학·일반,대학·일반,4,9,2,N
9f20a85ae2a5,2012,2002,여,4,초등,초등,3,7,2,N
9f21cfa5870e,2012,2001,여,5,초등,초등,3,7,2,N
a0098c7c9766,2012,1993,남,13,대학·일반,대학·일반,2,5,2,N
a00edd319d89,2012,1999,남,7,중등,중등,3,17,2,N
a111bf8fa2a3,2012,2003,여,3,초등,초등,3,13,2,N
a1a242c20b56,2012,2001,여,5,초등,초등,7,15,1,N
a1cbbc8aa8cc,2012,1996,여,10,고등,고등,3,6,2,N
a305c2ca5547,2012,1997,남,9,중등,중등,3,14,2,N
a32f03f3a702,2012,2002,남,4,초등,초등,3,8,2,N
a3352ef19613,2012,1999,여,7,중등,중등,5,11,1|2,N
a44644906c26,2012,1967,남,39,대학·일반,대학·일반,1,2,1,N
a4bc4404d179,2012,1994,남,12,고등,고등,2,5,2,N
a5126863855e,2012,2001,여,5,초등,초등,3,7,2,N
a598eab16662,2012,1989,여,17,대학·일반,대학·일반,4,10,2,N
a6852bc3f5b9,2012,1995,남,11,고등,고등,3,13,2,N
a7129272906b,2012,1999,여,7,중등,중등,3,10,2,N
a765c0d58fea,2012,1985,여,21,대학·일반,대학·일반,3,9,2,N
a7b2462b99b7,2012,2003,남,3,초등,초등,3,7,2,N
a7b993214f8d,2012,2000,여,6,초등,초등,2,10,2,N
a7f4c0313fc2,2012,1999,남,7,중등,중등,2,4,2,N
a9a00c3521be,2012,2004,여,2,초등,초등,1,2,2,N
aa5d4d1dfefc,2012,2002,남,4,초등,초등,3,11,2,N
aa5d996a35e9,2012,2002,남,4,초등,초등,4,12,1|2,N
aaf7e681b86c,2012,2004,남,2,초등,초등,1,1,2,N
abfbd31287f9,2012,2001,남,5,초등,초등,4,9,2,N
ae54ca637228,2012,2004,남,2,초등,초등,1,2,2,N
ae6dd5c70109,2012,1997,남,9,중등,중등,3,16,2,N
aeb8813a42d9,2012,2000,남,6,초등,중등,5,17,1|2,N
aeb951b6b89b,2012,2002,남,4,초등,초등,4,9,2,N
af5f9ce8641e,2012,1996,남,10,고등,고등,3,14,2,N
af613fde6bf6,2012,1993,여,13,대학·일반,대학·일반,1,3,2,N
af898ae6a548,2012,1985,남,21,대학·일반,대학·일반,1,1,2,N
afcf60305d72,2012,1997,여,9,중등,중등,1,2,2,N
afe1a39391fa,2012,2003,남,3,초등,초등,2,5,2,N
afeee0590dcb,2012,1998,여,8,중등,중등,1,2,2,N
b0067433a4e5,2012,2000,남,6,초등,초등,4,8,2,N
b094d49dcf61,2012,2000,여,6,초등,초등,3,13,2,N
b179cf157508,2012,1963,남,43,대학·일반,대학·일반,1,2,2,N
b18b368d31d8,2012,1994,남,12,고등,고등,7,21,1,Y
b1efa97cb4b5,2012,2002,남,4,초등,초등,3,7,2,N
b23ef5311053,2012,1996,남,10,고등,고등,4,14,1|2,N
b284e3554557,2012,2004,여,2,초등,초등,3,8,2,N
b45c592d8253,2012,2002,여,4,초등,초등,4,14,2,N
b5f11360667c,2012,1998,여,8,중등,중등,3,7,2,N
b6c954a76552,2012,2002,남,4,초등,초등,3,14,2,N
b7bb17f0d8f0,2012,1996,남,10,고등,고등,3,12,2,N
b7f3ec11903a,2012,2002,남,4,초등,초등,1,2,2,N
b8606a5bf2b3,2012,2000,남,6,초등,초등,2,11,2,N
b9d76942397b,2012,1988,남,18,대학·일반,대학·일반,2,10,2,Y
ba10717f413e,2012,1992,여,14,대학·일반,대학·일반,1,1,2,N
ba137adc112d,2012,1991,여,15,대학·일반,대학·일반,3,6,2,N
bac68acf29ff,2012,1992,여,14,대학·일반,대학·일반,3,5,2,N
bbf3b58a1575,2012,2003,남,3,초등,초등,3,7,2,N
bcfaf780b48e,2012,1999,여,7,중등,중등,3,11,2,N
bdabb8bc24b0,2012,1968,여,38,대학·일반,대학·일반,1,2,2,N
be223cde0f92,2012,1997,남,9,중등,중등,3,8,2,N
be434576f374,2012,2001,남,5,초등,초등,1,3,2,N
be908d8b267f,2012,1996,여,10,고등,고등,4,15,1|2,N
bea18b3f73cd,2012,2002,남,4,초등,초등,2,7,2,N
c008122d77bd,2012,1973,여,33,대학·일반,대학·일반,1,2,2,N
c037e685dd94,2012,1996,여,10,고등,고등,7,15,1,Y
c088d6dfee2c,2012,1993,남,13,대학·일반,대학·일반,4,12,2,Y
c14bccef5fd9,2012,1995,여,11,고등,고등,1,1,2,N
c15b0b6411b1,2012,2000,여,6,초등,초등,4,20,2,N
c1ba2e390f11,2012,1999,남,7,중등,중등,1,2,2,N
c1e907f0d932,2012,2001,여,5,초등,초등,1,2,2,N
c31c57957ac5,2012,1995,남,11,고등,고등,3,11,2,N
c3d174bd7b0d,2012,1994,여,12,고등,고등,1,6,2,N
c3d39ae7c008,2012,2003,남,3,초등,초등,2,4,2,N
c584956e3254,2012,1997,남,9,중등,고등,3,7,2,N
c5d29e88f697,2012,1995,남,11,고등,고등,7,13,1,Y
c5f8853cdb58,2012,1995,여,11,고등,고등,4,11,1|2,N
c8d23fa8f6fe,2012,2000,남,6,초등,초등,9,20,1|2,N
c9ce03fb973d,2012,2004,여,2,초등,초등,3,7,2,N
ca5bc3c2f408,2012,2002,남,4,초등,초등,1,3,2,N
ca69b7d9fe0a,2012,2001,남,5,초등,초등,1,2,2,N
ca8235bbaac4,2012,2001,여,5,초등,초등,2,7,2,N
caade68ad452,2012,2001,남,5,초등,초등,1,2,2,N
cab67bcee5d4,2012,1987,남,19,대학·일반,대학·일반,2,4,2,Y
cbff9bc32c05,2012,1998,남,8,중등,중등,3,7,2,N
cc4e2bfd2d0a,2012,2001,남,5,초등,초등,9,22,1|2,N
cc8aacdad28a,2012,1995,남,11,고등,고등,5,12,1|2,Y
ccd4f861f9b0,2012,2000,남,6,초등,초등,3,15,2,N
cce216458cac,2012,2001,남,5,초등,초등,3,7,2,N
ce5b9af28dd0,2012,2000,여,6,초등,중등,3,10,2,N
d05c19e307a9,2012,1988,여,18,대학·일반,대학·일반,2,4,2,N
d2529fb44dab,2012,1995,여,11,고등,고등,8,25,1,Y
d3138c670a26,2012,2001,여,5,초등,초등,3,11,2,N
d36b68566313,2012,1989,남,17,대학·일반,대학·일반,2,4,2,N
d450334d5fda,2012,1993,남,13,대학·일반,대학·일반,4,15,2,Y
d50402223788,2012,2000,남,6,초등,초등,3,19,2,N
d5272b79a481,2012,1994,여,12,고등,고등,5,13,1|2,Y
d57de3d4a8bc,2012,2004,여,2,초등,초등,2,6,2,N
d5a4b8f70952,2012,1972,남,34,대학·일반,대학·일반,1,2,2,N
d66fe4ac13ba,2012,1992,남,14,대학·일반,대학·일반,4,13,1,Y
d71b07b5d1a3,2012,1972,남,34,대학·일반,대학·일반,1,1,2,N
d72476ecf35d,2012,2001,남,5,초등,초등,1,2,2,N
d75ac1031a79,2012,1964,여,42,대학·일반,대학·일반,1,2,2,N
d7d7c6478ccd,2012,1995,남,11,고등,고등,3,10,2,N
d7feb4abef2c,2012,1991,남,15,대학·일반,대학·일반,4,13,1,Y
d97c2e899c27,2012,2002,여,4,초등,초등,3,10,2,N
d9eb328b75b3,2012,1996,여,10,고등,고등,7,18,1,Y
da074dfc95bc,2012,1996,남,10,고등,고등,3,9,1|2,N
da2f19d481de,2012,1997,남,9,중등,중등,5,15,1|2,N
daee1077985a,2012,1995,남,11,고등,고등,1,2,2,N
dc8c745638c5,2012,1999,여,7,중등,중등,3,7,2,N
de1a37e081c7,2012,1994,남,12,고등,고등,4,21,2,Y
de7267f0e5d1,2012,2005,남,1,초등,초등,1,1,2,N
df0e87cc1575,2012,1997,여,9,중등,중등,3,13,2,N
df47739baf30,2012,1990,남,16,대학·일반,대학·일반,3,9,2,N
e02e5ece24f5,2012,1988,남,18,대학·일반,대학·일반,2,13,2,Y
e0c8d6d91885,2012,1996,남,10,고등,고등,3,12,2,N
e31c3af9c768,2012,2000,남,6,초등,초등,1,3,2,N
e353f8b619cb,2012,1993,남,13,대학·일반,대학·일반,3,9,2,N
e376b8d1e5d2,2012,1989,남,17,대학·일반,대학·일반,5,11,2,Y
e3bd567ad8c2,2012,1992,남,14,대학·일반,대학·일반,7,17,1,Y
e3be26585644,2012,2004,남,2,초등,초등,3,9,2,N
e469e6b40124,2012,2002,여,4,초등,초등,2,4,2,N
e52eb36bd534,2012,1991,남,15,대학·일반,대학·일반,4,11,1,Y
e847a448da95,2012,1998,남,8,중등,중등,3,14,2,N
e93b65fce5f2,2012,2001,여,5,초등,초등,3,13,2,N
e94ab0bb5548,2012,1997,여,9,중등,중등,2,10,2,N
ea19b07c0d7f,2012,2005,여,1,초등,초등,1,2,2,N
ed0f7261e428,2012,1994,여,12,고등,고등,3,6,2,N
edb357db45c8,2012,1991,남,15,대학·일반,대학·일반,4,12,2,Y
ee2fac977bde,2012,1996,여,10,고등,고등,1,2,2,N
ef363251abb0,2012,2001,여,5,초등,초등,2,4,2,N
ef84de6825c0,2012,2000,여,6,초등,초등,3,8,2,N
f0fea5dc711f,2012,1997,남,9,중등,중등,2,4,2,N
f1063e4b08f2,2012,1992,남,14,대학·일반,대학·일반,4,9,2,N
f145e63d5ed5,2012,1993,여,13,대학·일반,대학·일반,4,13,1,Y
f17bd9cb7818,2012,1989,남,17,대학·일반,대학·일반,4,15,2,Y
f2b1ce560ae8,2012,1991,여,15,대학·일반,대학·일반,3,4,2,N
f36581183f7b,2012,1999,남,7,중등,중등,2,4,2,N
f36602b19d2d,2012,2000,여,6,초등,중등,3,10,2,N
f3d256520128,2012,1993,남,13,대학·일반,대학·일반,1,2,2,N
f47f31b344a7,2012,1988,남,18,대학·일반,대학·일반,3,9,1,Y
f4d2a5032915,2012,1998,여,8,중등,중등,3,8,2,N
f5826bc39d6d,2012,2003,여,3,초등,초등,1,2,2,N
f65575343821,2012,2002,여,4,초등,초등,1,2,2,N
f6c165689145,2012,1996,남,10,고등,고등,3,15,2,N
f7164bc12d62,2012,1997,남,9,중등,중등,4,7,1,Y
f796ab9cbb06,2012,2002,여,4,초등,초등,2,7,2,N
f7b21c318096,2012,1987,남,19,대학·일반,대학·일반,4,14,2,Y
f8bbc50957b9,2012,1999,여,7,중등,중등,1,2,2,N
f9485279a90f,2012,1995,여,11,고등,고등,4,16,1|2,N
f9a6feac201c,2012,2003,여,3,초등,초등,2,4,2,N
faf222e8aacc,2012,1996,남,10,고등,고등,3,8,2,N
fbe083fdb103,2012,2002,남,4,초등,초등,2,7,2,N
fcaf4a531687,2012,1991,남,15,대학·일반,대학·일반,6,16,1,Y
fd6ad2e1ace5,2012,1998,남,8,중등,중등,3,17,2,N
fe27d7864e4e,2012,2002,남,4,초등,초등,3,8,2,N
ffee75e2ec81,2012,2001,남,5,초등,초등,2,7,2,N
001deb32ccba,2013,1999,여,8,중등,중등,5,19,2,N
010ac565e787,2013,1999,남,8,중등,중등,1,2,2,N
013ffe268093,2013,1995,남,12,고등,고등,10,24,1,Y
014e579fb01e,2013,2003,남,4,초등,초등,5,17,2,N
01e81df1b330,2013,2005,남,2,초등,초등,3,5,2,N
024cc1e28761,2013,2001,여,6,초등,초등,1,4,2,N
0415a9e7c846,2013,2002,남,5,초등,초등,2,5,2,N
048a256a52e8,2013,2005,남,2,초등,초등,3,6,2,N
04a963b500f6,2013,1998,여,9,중등,중등,12,32,1,Y
04c5a22f8436,2013,1990,여,17,대학·일반,대학·일반,3,8,2,Y
05294bbcc5dd,2013,2004,여,3,초등,초등,1,2,2,N
0560c00c0517,2013,1995,남,12,고등,고등,8,23,1,Y
05c5399a7705,2013,2000,여,7,중등,중등,4,8,2,N
05ff88e16da8,2013,1998,남,9,중등,중등,4,12,2,N
06a2e9a7cbaa,2013,1988,여,19,대학·일반,대학·일반,1,2,2,N
06c682e28dae,2013,1995,여,12,고등,고등,1,2,2,N
0707e8137993,2013,2001,남,6,초등,중등,2,5,2,N
0716360d5f0f,2013,1995,남,12,고등,고등,6,26,2,Y
08db8b732de5,2013,2004,남,3,초등,초등,6,27,2,N
0977d67a2b28,2013,2002,여,5,초등,초등,4,10,2,N
0a0aa4553d6d,2013,2003,남,4,초등,초등,6,24,2,N
0a2de10b61d7,2013,2000,여,7,중등,중등,5,29,2,N
0af1f8641a01,2013,1993,남,14,대학·일반,대학·일반,7,37,2,Y
0af5d7e67193,2013,1963,남,44,대학·일반,대학·일반,1,2,2,N
0b0d5f9ed4ff,2013,1997,여,10,고등,고등,7,31,2,Y
0b1a5b66a82c,2013,1992,남,15,대학·일반,대학·일반,1,1,2,N
0b22f4ac3c5a,2013,1983,여,24,대학·일반,대학·일반,3,6,2,N
0b5d63780e46,2013,2000,남,7,중등,초등,5,28,2,N
0c122496b756,2013,1997,여,10,고등,고등,6,14,2,Y
0db5810a67de,2013,1992,남,15,대학·일반,대학·일반,7,40,2,Y
0e4a4211ca83,2013,2000,여,7,중등,중등,5,16,2,N
0f3c3a1288c4,2013,1997,남,10,고등,고등,7,37,2,Y
0f41fbece094,2013,1995,남,12,고등,고등,5,12,1|2,N
113fb563e142,2013,1999,남,8,중등,중등,1,2,2,N
11765433ccaa,2013,1961,남,46,대학·일반,대학·일반,1,2,2,N
118e90000d73,2013,2000,남,7,중등,중등,5,26,2,N
11f970f7f448,2013,1997,남,10,고등,고등,6,35,2,Y
120a8bdd9867,2013,1994,남,13,대학·일반,대학·일반,6,16,2,Y
12857deb2953,2013,1998,여,9,중등,중등,8,17,1,Y
128df241c169,2013,2002,여,5,초등,초등,2,4,2,N
1423282e3a6d,2013,2000,남,7,중등,중등,4,9,2,N
146edbd7e907,2013,2002,여,5,초등,초등,1,2,2,N
14a21cfa416a,2013,1993,여,14,대학·일반,대학·일반,7,30,2,Y
15550bfbbcd9,2013,2000,여,7,중등,중등,3,5,2,N
1649ff9df336,2013,2001,여,6,초등,초등,6,29,2,N
1652b342aa99,2013,2004,남,3,초등,초등,4,7,1|2,N
167a9f4bce74,2013,2002,남,5,초등,초등,5,18,2,N
16cd2e8e210c,2013,2004,남,3,초등,초등,3,6,2,N
16d89eed9e82,2013,2001,여,6,초등,초등,5,28,2,N
16e3e7d91fc7,2013,1998,여,9,중등,중등,3,5,1|2,N
16e8c6d7367d,2013,1992,여,15,대학·일반,대학·일반,2,5,2,N
17b5beb812b1,2013,1961,여,46,대학·일반,대학·일반,2,4,2,N
17e7c6ce5ee3,2013,1989,남,18,대학·일반,대학·일반,1,4,2,N
188452e8c262,2013,2003,남,4,초등,초등,3,8,2,N
18ee553f4b1f,2013,1997,남,10,고등,고등,13,33,1|2,Y
1904fad76ae4,2013,2002,남,5,초등,초등,6,39,2,N
1991b251b243,2013,1998,여,9,중등,중등,2,4,2,N
19b51d9740be,2013,2000,남,7,중등,초등,1,2,2,N
19be99f59bab,2013,2000,남,7,중등,중등,2,4,2,N
1a8c135dfb40,2013,2003,남,4,초등,초등,2,4,2,N
1aef3d542bbd,2013,2000,여,7,중등,중등,4,10,2,N
1be06b331b35,2013,1962,여,45,대학·일반,대학·일반,1,2,2,N
1c1883e3e060,2013,1988,남,19,대학·일반,대학·일반,6,16,2,Y
1c5e68f84cf3,2013,1998,남,9,중등,중등,6,29,2,Y
1c75a270f566,2013,1994,여,13,대학·일반,대학·일반,11,24,1|2,Y
1d832ec4e806,2013,1998,여,9,중등,중등,6,42,2,Y
1dc26590bf88,2013,1998,남,9,중등,고등,4,8,2,N
1e69b07bc549,2013,2003,남,4,초등,초등,2,4,2,N
1f0954e96210,2013,1989,남,18,대학·일반,대학·일반,5,25,2,Y
1f0f26f535e5,2013,1991,여,16,대학·일반,대학·일반,7,32,2,Y
1f28af90eb38,2013,1993,남,14,대학·일반,대학·일반,1,2,2,N
1fa4b3503083,2013,1993,남,14,대학·일반,대학·일반,2,4,2,N
1ffa443c0c86,2013,2002,여,5,초등,초등,2,6,1|2,N
1fffc171f46e,2013,2005,여,2,초등,초등,1,3,2,N
209d7f786bd2,2013,1992,여,15,대학·일반,대학·일반,1,1,2,N
213dd96bc532,2013,1994,남,13,대학·일반,대학·일반,11,24,1,Y
21acf2b3c441,2013,1995,여,12,고등,고등,1,1,2,N
21e8732e0c8c,2013,2001,남,6,초등,초등,1,4,2,N
22196f1cb541,2013,1997,남,10,고등,고등,6,19,2,Y
225fb455c010,2013,1993,남,14,대학·일반,대학·일반,7,42,2,Y
22c70867823a,2013,1993,남,14,대학·일반,대학·일반,7,32,2,Y
233b40519c1a,2013,1997,여,10,고등,고등,7,36,2,Y
23443fcd9741,2013,2002,여,5,초등,초등,4,9,2,N
2396bd738793,2013,1998,남,9,중등,중등,6,23,2,Y
23fdd3113f3e,2013,1994,여,13,대학·일반,대학·일반,6,16,2,Y
2451c63031a7,2013,1998,남,9,중등,중등,4,8,2,N
2454cfd13999,2013,2002,남,5,초등,초등,3,7,2,N
25aaa6f75c68,2013,1997,여,10,고등,고등,5,19,2,Y
26d5bb612f35,2013,1993,남,14,대학·일반,대학·일반,3,19,2,Y
275b1a236e1d,2013,1999,여,8,중등,중등,1,2,2,N
27794ca98fba,2013,2002,여,5,초등,초등,3,9,2,N
2796274b6b7c,2013,1989,남,18,대학·일반,대학·일반,8,26,1|2,Y
27a311a342ee,2013,2000,여,7,중등,중등,3,9,2,N
27c2bec2134d,2013,1999,남,8,중등,중등,2,9,2,N
284c016663a5,2013,2000,여,7,중등,중등,4,12,2,N
284cc082d4eb,2013,1990,여,17,대학·일반,대학·일반,7,14,1|2,Y
2909bacf2b4c,2013,1990,남,17,대학·일반,대학·일반,3,17,2,Y
2951ca482328,2013,2000,남,7,중등,초등,1,2,2,N
2a537a034be0,2013,1999,남,8,중등,중등,1,2,2,N
2aabf340c840,2013,2003,남,4,초등,초등,1,2,2,N
2af4aa3d8347,2013,1993,여,14,대학·일반,대학·일반,5,24,2,Y
2b4eca169bba,2013,1986,남,21,대학·일반,대학·일반,3,6,2,N
2b5f31869781,2013,1997,여,10,고등,고등,6,32,2,Y
2bd45abdf686,2013,1996,여,11,고등,고등,5,16,2,Y
2c021d98fc97,2013,1992,남,15,대학·일반,,1,9,2,Y
2cd17c6a3c6f,2013,1990,남,17,대학·일반,대학·일반,2,4,2,N
2d252d055ee3,2013,1968,남,39,대학·일반,대학·일반,3,6,2,N
2d414e0ee830,2013,1999,남,8,중등,중등,3,6,2,N
2d46caf4d922,2013,1994,남,13,대학·일반,대학·일반,8,39,2,Y
2dca0e1ee03d,2013,2000,남,7,중등,초등,1,2,2,N
2dfec49bed16,2013,1990,남,17,대학·일반,대학·일반,5,18,2,Y
2e05c70f18a2,2013,2000,남,7,중등,중등,2,3,2,N
2e38a14cc4fd,2013,1999,여,8,중등,중등,5,14,2,N
2ed3bf62cc16,2013,1999,남,8,중등,중등,7,12,1,Y
2f428e11b789,2013,1996,남,11,고등,고등,6,27,2,Y
2fb4b61cf3ad,2013,2004,남,3,초등,초등,1,2,2,N
2fb9c2bbf582,2013,2004,여,3,초등,초등,5,15,2,N
2ff6be4028fb,2013,2001,여,6,초등,초등,2,4,2,N
30525392671e,2013,2004,남,3,초등,초등,4,13,2,N
30570e53d7a9,2013,1999,여,8,중등,중등,1,2,2,N
30694b5c1800,2013,1999,남,8,중등,중등,3,6,2,N
315838bf2f7f,2013,2000,남,7,중등,중등,3,9,2,N
31b862150236,2013,1961,남,46,대학·일반,대학·일반,3,4,2,N
31d87df4f903,2013,2003,남,4,초등,초등,3,10,2,N
31deaa043f12,2013,1997,여,10,고등,고등,6,26,2,Y
322d4e835fea,2013,1999,남,8,중등,중등,3,20,2,N
3281617690c3,2013,1995,남,12,고등,고등,11,21,1,Y
328770e41a9e,2013,1998,남,9,중등,중등,4,9,2,N
32c8f1560d3a,2013,1999,여,8,중등,중등,4,23,2,N
33fd4496b754,2013,1998,남,9,중등,중등,1,2,2,N
348482c924d6,2013,2001,남,6,초등,초등,2,4,2,N
34878a8db717,2013,2004,여,3,초등,초등,1,3,2,N
360ca438dd1b,2013,1994,여,13,대학·일반,대학·일반,6,15,2,Y
3643049e2d73,2013,1998,여,9,중등,중등,4,12,2,N
37e213997ab5,2013,2002,여,5,초등,초등,1,2,2,N
380e07ef471d,2013,2001,남,6,초등,초등,4,18,2,N
382fd71fb66b,2013,2004,남,3,초등,초등,1,1,2,N
38b0125c6b0d,2013,2002,남,5,초등,초등,5,17,2,N
3911bcdd188b,2013,1998,남,9,중등,중등,4,8,1,Y
39289c0b69e5,2013,1998,남,9,중등,중등,4,12,2,N
39ec2aeda4cc,2013,2003,여,4,초등,초등,8,18,1|2,N
39f6621d7e2b,2013,1995,여,12,고등,고등,7,40,2,Y
3a0f8e787acb,2013,2000,여,7,중등,중등,3,6,2,N
3b8c3f7937a3,2013,1991,여,16,대학·일반,대학·일반,5,32,2,Y
3bb32b6fd0e1,2013,2003,남,4,초등,초등,4,13,2,N
3dfb7602a3d5,2013,2002,여,5,초등,초등,1,2,2,N
3e5c1223f374,2013,2000,남,7,중등,중등,3,7,2,N
3f4a5e8bd35f,2013,2002,여,5,초등,초등,4,9,2,N
3f7c555ea72a,2013,2004,남,3,초등,초등,3,7,2,N
41b2721fe2b1,2013,1999,여,8,중등,중등,1,1,2,N
41d3b04611d6,2013,2000,남,7,중등,중등,4,10,2,N
41e064c7fd45,2013,1968,여,39,대학·일반,대학·일반,1,2,2,N
43c7dea0d38a,2013,1967,여,40,대학·일반,대학·일반,1,1,2,N
4413d0e24fe3,2013,2002,남,5,초등,초등,6,28,2,N
445c1ffd77ff,2013,1987,남,20,대학·일반,대학·일반,3,6,2,N
44ce8b98600d,2013,1989,여,18,대학·일반,대학·일반,5,15,2,N
45d7ea66548c,2013,2002,남,5,초등,초등,1,2,2,N
460e91d9808f,2013,2006,여,1,초등,초등,1,4,2,N
466eb7765b52,2013,1998,남,9,중등,중등,4,10,2,N
4773cab8f530,2013,1994,남,13,대학·일반,대학·일반,6,21,2,Y
47f9701de090,2013,2004,남,3,초등,초등,2,8,2,N
483ab294e424,2013,2000,남,7,중등,중등,5,28,2,N
4850a02ac453,2013,2002,여,5,초등,초등,2,4,2,N
48c0037b849a,2013,1995,여,12,고등,고등,3,13,2,Y
4a5a12b8a207,2013,2002,남,5,초등,초등,2,7,2,N
4abde24943d8,2013,2003,남,4,초등,초등,3,10,2,N
4af3b9f83c5e,2013,2003,남,4,초등,초등,1,2,2,N
4c727e166aac,2013,2003,남,4,초등,초등,5,16,2,N
4d43bd05a22c,2013,2002,여,5,초등,초등,6,12,1|2,Y
4dba92af88cd,2013,2001,남,6,초등,초등,5,16,2,N
4dbff7907bec,2013,1968,여,39,대학·일반,대학·일반,1,2,2,N
4e188f7179ba,2013,1997,여,10,고등,고등,1,2,2,N
4e6b997a8725,2013,1989,여,18,대학·일반,대학·일반,5,12,2,Y
4e8a8863cf5f,2013,2003,여,4,초등,초등,1,2,2,N
4eeb42a13b44,2013,1999,여,8,중등,중등,4,8,2,N
4f0587b605c0,2013,1999,남,8,중등,중등,6,39,2,Y
4f42cd0206f2,2013,1989,남,18,대학·일반,대학·일반,5,19,2,N
508141dc88d9,2013,1999,남,8,중등,중등,5,27,2,N
50bb4357045f,2013,1999,남,8,중등,중등,5,23,2,Y
5140194a098d,2013,1993,남,14,대학·일반,대학·일반,2,10,2,Y
51fe943db133,2013,2001,남,6,초등,초등,1,2,2,N
522178dded04,2013,1993,남,14,대학·일반,대학·일반,1,2,2,N
523d6cf9c251,2013,2002,남,5,초등,초등,3,10,2,N
52dd877d418e,2013,2006,남,1,초등,초등,3,8,2,N
52fb82ab3a08,2013,1990,남,17,대학·일반,대학·일반,6,32,2,Y
5481d841122a,2013,1997,남,10,고등,고등,6,16,2,Y
54d60445f014,2013,2004,여,3,초등,초등,2,8,2,N
553b3be74f3e,2013,1992,여,15,대학·일반,대학·일반,7,24,2,Y
5569426f0783,2013,2001,여,6,초등,초등,6,37,2,N
556eecb7e507,2013,1998,남,9,중등,중등,2,4,2,N
562ecc66a7be,2013,2003,남,4,초등,초등,3,14,2,N
564af2602fa5,2013,2005,남,2,초등,초등,1,1,2,N
570ba29fd1bf,2013,1997,남,10,고등,고등,4,8,2,N
573b36bd28b1,2013,1997,남,10,고등,고등,5,17,2,Y
57e233b9eabd,2013,2002,남,5,초등,초등,3,7,2,N
58ec54b90c37,2013,2003,여,4,초등,초등,4,20,2,N
5979e84dd54c,2013,1998,여,9,중등,중등,4,9,2,N
5b4dce3d6294,2013,2004,남,3,초등,초등,2,3,2,N
5ba6602282a6,2013,1998,여,9,중등,중등,2,4,2,N
5bae8dbea2a0,2013,1995,남,12,고등,고등,1,2,2,N
5c75f5194b15,2013,1990,남,17,대학·일반,대학·일반,5,12,2,N
5cd85fb7269a,2013,1997,여,10,고등,중등,1,1,2,N
5cee96ffec81,2013,2003,남,4,초등,초등,1,2,2,N
5d375ebfd6ee,2013,2000,여,7,중등,초등,1,2,2,N
5e7fa52b4d83,2013,2001,여,6,초등,초등,9,20,1|2,Y
5eb13f527fe7,2013,1992,여,15,대학·일반,대학·일반,5,13,2,N
5fe86adbe1da,2013,2003,여,4,초등,초등,3,11,2,N
60250f5316db,2013,1995,여,12,고등,고등,7,35,2,Y
6049d5bb9e62,2013,2001,남,6,초등,초등,2,4,2,N
61b018a28cc5,2013,1998,남,9,중등,중등,4,10,2,N
61cadab7573c,2013,2001,남,6,초등,초등,5,21,2,N
62571b401eb4,2013,2001,여,6,초등,초등,1,2,2,N
62c11a801dcd,2013,1988,남,19,대학·일반,대학·일반,5,22,2,Y
6352595f975c,2013,1992,남,15,대학·일반,대학·일반,4,20,2,Y
63562ae9c7d7,2013,1979,여,28,대학·일반,대학·일반,1,2,2,N
6518432084ef,2013,1995,여,12,고등,고등,1,1,2,N
6585d997da9d,2013,2002,여,5,초등,초등,4,7,2,N
659f9629d3d1,2013,1999,여,8,중등,중등,1,2,2,N
65c97bda99d0,2013,2002,남,5,초등,초등,6,36,2,N
65dd4577519a,2013,1991,남,16,대학·일반,대학·일반,6,11,1,Y
662b51f36011,2013,1998,남,9,중등,중등,4,12,2,N
66d14dcaeb7e,2013,1997,남,10,고등,고등,3,6,2,N
67a72efc0413,2013,2000,여,7,중등,중등,5,16,2,N
67c0ed2bff8d,2013,2001,여,6,초등,초등,1,4,1|2,N
67dc6ccd9ffa,2013,2004,남,3,초등,초등,4,15,2,N
67e81c4d0fd0,2013,1995,여,12,고등,고등,3,7,2,N
6997d67ad508,2013,1998,남,9,중등,중등,1,2,2,N
6a1768916603,2013,1990,여,17,대학·일반,대학·일반,6,21,2,Y
6a9b86db8452,2013,1995,남,12,고등,고등,3,7,2,N
6b1054af486e,2013,1995,여,12,고등,고등,7,29,2,Y
6b1db24cd950,2013,1999,남,8,중등,중등,2,6,2,N
6b6217835a81,2013,1993,남,14,대학·일반,대학·일반,4,12,2,Y
6bf5d106417f,2013,2003,여,4,초등,초등,9,28,1|2,N
6cde4208fe6e,2013,2003,여,4,초등,초등,2,4,2,N
6d16ce9fa92e,2013,1988,여,19,대학·일반,대학·일반,5,16,2,N
6eb4cb0c489c,2013,1983,여,24,대학·일반,대학·일반,5,14,2,N
6f2d2c17ec51,2013,2001,여,6,초등,초등,3,9,2,N
6f374c6e8468,2013,1998,남,9,중등,중등,4,19,2,Y
6f4eecbefe55,2013,2000,남,7,중등,초등,1,2,2,N
6f6e2706dbe3,2013,2002,여,5,초등,초등,5,24,1|2,N
7034556fb056,2013,1998,남,9,중등,중등,4,8,2,N
703d71ebe1bf,2013,1990,남,17,대학·일반,대학·일반,5,20,2,Y
706d471e6675,2013,2001,남,6,초등,초등,1,2,2,N
715cec6a3d40,2013,1998,남,9,중등,중등,6,26,2,Y
716122f09a99,2013,1991,여,16,대학·일반,대학·일반,3,8,2,Y
735ef2d955de,2013,1998,남,9,중등,중등,5,25,2,Y
73a11d1749e0,2013,2002,여,5,초등,초등,4,10,2,N
75404397362c,2013,2001,남,6,초등,초등,3,12,2,N
75613589746d,2013,1996,남,11,고등,고등,6,29,2,Y
75d9f5d6a2f7,2013,2000,여,7,중등,초등,1,2,2,N
76bc3daea3bf,2013,2003,남,4,초등,초등,1,3,2,N
76d8fe29a9c0,2013,1970,여,37,대학·일반,대학·일반,2,4,2,N
777796af652f,2013,1993,여,14,대학·일반,대학·일반,4,5,1,N
77aea32d94e2,2013,1995,여,12,고등,고등,7,33,2,Y
7876cab2be0f,2013,1999,남,8,중등,중등,1,2,2,N
7888da2a2b75,2013,1993,남,14,대학·일반,대학·일반,10,24,1,Y
78b743c5bff1,2013,1992,여,15,대학·일반,대학·일반,11,26,1,Y
7958c4e41912,2013,2004,남,3,초등,초등,1,4,2,N
79ae0d5998d5,2013,1993,여,14,대학·일반,대학·일반,2,4,2,N
7a3cd2cacc72,2013,2004,여,3,초등,초등,1,2,2,N
7a5d1abbdb9a,2013,1999,여,8,중등,중등,6,28,2,Y
7abf37c335c1,2013,1990,남,17,대학·일반,대학·일반,6,22,2,Y
7ac629765fb5,2013,2005,여,2,초등,초등,5,15,2,N
7b1e95e175d5,2013,2003,남,4,초등,초등,5,15,2,N
7ba47907d375,2013,1994,남,13,대학·일반,대학·일반,7,31,2,Y
7c06c837a29f,2013,2001,남,6,초등,초등,2,4,2,N
7d57891e0e52,2013,2001,남,6,초등,초등,4,12,2,N
7dad824c884d,2013,1992,여,15,대학·일반,대학·일반,5,16,2,Y
7ddf4c2f3cab,2013,1997,남,10,고등,고등,4,13,2,Y
7e3ca13abba0,2013,2002,남,5,초등,초등,5,18,2,N
7ed42c7584e6,2013,2000,남,7,중등,중등,3,6,2,N
7f737594af95,2013,1974,여,33,대학·일반,대학·일반,1,2,2,N
7fad02e54fdc,2013,1996,남,11,고등,고등,7,37,2,Y
800ace85c214,2013,2003,여,4,초등,초등,4,17,2,N
80b041eca001,2013,2000,남,7,중등,중등,5,17,2,N
811dec6e3ad3,2013,1994,남,13,대학·일반,대학·일반,7,44,2,Y
818918888c8b,2013,2004,남,3,초등,초등,4,14,2,N
81a07ce06484,2013,2003,남,4,초등,초등,3,9,2,N
81ecef03ce53,2013,1999,남,8,중등,중등,2,7,2,N
82baf36eaef3,2013,1958,남,49,대학·일반,대학·일반,2,4,2,N
834b3abb10c4,2013,2001,여,6,초등,초등,3,18,2,N
84587278c6a2,2013,2002,남,5,초등,초등,4,9,2,N
8464b1f47861,2013,2002,여,5,초등,초등,6,20,2,N
848ae7cf03ef,2013,1993,남,14,대학·일반,대학·일반,5,12,2,Y
861ad43d3e68,2013,2003,여,4,초등,초등,6,26,2,N
861cf951fcc7,2013,2003,남,4,초등,초등,2,5,2,N
864a7ee93758,2013,2000,남,7,중등,초등,1,2,2,N
86887407de94,2013,1986,여,21,대학·일반,대학·일반,2,5,2,N
86e080aa0611,2013,1992,남,15,대학·일반,대학·일반,8,16,1,Y
88093090462f,2013,2000,남,7,중등,중등,4,11,2,N
8813b3e58801,2013,1992,남,15,대학·일반,대학·일반,7,27,2,Y
892a8cbbf065,2013,2003,여,4,초등,초등,1,3,2,N
8970c464b9f4,2013,1993,남,14,대학·일반,대학·일반,9,18,1,Y
89b0496fdeca,2013,1999,여,8,중등,중등,2,3,2,N
8a7c36f9cff8,2013,2000,남,7,중등,초등,4,23,2,N
8afdacb7e027,2013,2000,남,7,중등,중등,3,8,2,N
8be3acddedb2,2013,2005,남,2,초등,초등,4,11,2,N
8c1f0bb5bd9e,2013,1993,남,14,대학·일반,대학·일반,5,15,2,Y
8c4266877532,2013,2005,여,2,초등,초등,2,5,2,N
8c464f28a5bd,2013,1998,여,9,중등,중등,4,12,2,N
8df5ded40bc8,2013,1999,여,8,중등,중등,6,31,2,Y
8dfbd2942ac5,2013,1998,여,9,중등,중등,6,32,2,Y
8e4fe3b85160,2013,2002,남,5,초등,초등,6,29,2,N
8ec9a37d1317,2013,1998,남,9,중등,중등,3,10,2,N
8f46bcdf68e5,2013,1997,남,10,고등,고등,6,32,2,Y
8fb95de7ad39,2013,2004,여,3,초등,초등,5,18,2,N
900df6910556,2013,1999,여,8,중등,중등,4,27,2,N
90bf0de50160,2013,1997,남,10,고등,중등,1,1,2,N
90d84f81fc5c,2013,1989,남,18,대학·일반,대학·일반,4,11,2,N
91091850dad2,2013,2001,남,6,초등,중등,3,6,2,N
9140e2ad0fc1,2013,2000,남,7,중등,중등,3,8,2,N
916c4ede9de9,2013,2001,남,6,초등,초등,9,20,1|2,Y
91b2404fb38a,2013,1991,남,16,대학·일반,대학·일반,7,32,2,Y
9222fdaf4c9d,2013,1997,여,10,고등,고등,6,20,1|2,Y
93066727a19c,2013,2006,남,1,초등,초등,3,8,2,N
9336682b674b,2013,1978,여,29,대학·일반,대학·일반,1,2,2,N
93535f0fb85d,2013,1985,여,22,대학·일반,대학·일반,4,15,2,N
935835189e37,2013,2003,여,4,초등,초등,3,12,2,N
9379ca2b18ef,2013,1995,남,12,고등,고등,3,11,2,Y
93ea3ce3de52,2013,1995,여,12,고등,고등,7,23,2,Y
940122443719,2013,1995,남,12,고등,고등,5,10,1,Y
94677631a5cb,2013,1996,남,11,고등,고등,6,34,2,Y
950f4ef9d095,2013,2005,남,2,초등,초등,1,2,2,N
952f68cff58c,2013,2000,남,7,중등,중등,3,6,2,N
95525b6f33f2,2013,1994,남,13,대학·일반,고등,5,9,1|2,N
95726957d4e1,2013,2002,남,5,초등,초등,4,10,2,N
978b5249bfc5,2013,2002,여,5,초등,초등,1,1,2,N
97a5718ca7a9,2013,1994,남,13,대학·일반,대학·일반,6,18,2,Y
97a646f615b5,2013,1997,남,10,고등,고등,7,47,2,Y
97b4816d62d6,2013,2001,남,6,초등,초등,4,22,2,N
983ec6748edb,2013,1996,여,11,고등,고등,6,26,2,Y
98cf8639bf81,2013,2001,여,6,초등,초등,6,30,2,N
98d7288c7304,2013,1998,여,9,중등,중등,1,2,2,N
99a2f76da40b,2013,1994,남,13,대학·일반,고등,1,2,2,N
9b1407065833,2013,2000,남,7,중등,중등,4,9,2,N
9b398f5e19cc,2013,2002,여,5,초등,초등,1,2,2,N
9b74eee34307,2013,1996,여,11,고등,고등,6,12,1|2,Y
9c813608b570,2013,1967,남,40,대학·일반,대학·일반,2,4,2,N
9d848d9e6eac,2013,2002,여,5,초등,초등,6,15,1|2,N
9de8fc70ff15,2013,2003,남,4,초등,초등,4,13,2,N
9e5e9eb02d77,2013,1995,남,12,고등,고등,1,2,2,N
9eb1a5e3bc35,2013,1966,여,41,대학·일반,대학·일반,2,5,2,N
9f0e1d6faa94,2013,1990,남,17,대학·일반,대학·일반,1,2,2,N
9f20a85ae2a5,2013,2002,여,5,초등,초등,5,17,2,N
9f21cfa5870e,2013,2001,여,6,초등,초등,4,17,2,N
a0098c7c9766,2013,1993,남,14,대학·일반,대학·일반,5,10,2,Y
a00edd319d89,2013,1999,남,8,중등,중등,5,30,2,N
a111bf8fa2a3,2013,2003,여,4,초등,초등,5,21,2,N
a1a242c20b56,2013,2001,여,6,초등,초등,7,14,1|2,Y
a1cbbc8aa8cc,2013,1996,여,11,고등,고등,5,11,2,Y
a305c2ca5547,2013,1997,남,10,고등,고등,6,27,2,Y
a32f03f3a702,2013,2002,남,5,초등,초등,2,5,2,N
a3352ef19613,2013,1999,여,8,중등,중등,1,1,1,N
a43c757f8be8,2013,1967,여,40,대학·일반,대학·일반,1,2,2,N
a44644906c26,2013,1967,남,40,대학·일반,대학·일반,1,2,2,N
a4bc4404d179,2013,1994,남,13,대학·일반,대학·일반,2,5,2,N
a5126863855e,2013,2001,여,6,초등,초등,4,17,2,N
a598eab16662,2013,1989,여,18,대학·일반,대학·일반,2,6,2,N
a6852bc3f5b9,2013,1995,남,12,고등,고등,5,16,2,Y
a7129272906b,2013,1999,여,8,중등,중등,5,30,2,N
a765c0d58fea,2013,1985,여,22,대학·일반,대학·일반,5,22,2,Y
a7b2462b99b7,2013,2003,남,4,초등,초등,5,15,2,N
a7b993214f8d,2013,2000,여,7,중등,중등,4,17,2,N
a9a00c3521be,2013,2004,여,3,초등,초등,3,8,2,N
aa5d4d1dfefc,2013,2002,남,5,초등,초등,2,6,2,N
aa5d996a35e9,2013,2002,남,5,초등,초등,2,3,2,N
aada36e9c982,2013,1999,남,8,중등,중등,1,3,2,N
aaf7e681b86c,2013,2004,남,3,초등,초등,1,1,2,N
abfbd31287f9,2013,2001,남,6,초등,초등,5,22,2,N
ae54ca637228,2013,2004,남,3,초등,초등,3,9,2,N
ae60d7c64fb4,2013,2006,남,1,초등,초등,2,7,2,N
ae6dd5c70109,2013,1997,남,10,고등,고등,6,23,2,Y
aeb8813a42d9,2013,2000,남,7,중등,중등,6,26,1|2,N
aeb951b6b89b,2013,2002,남,5,초등,초등,5,13,2,N
aeb98b62c2a1,2013,2001,여,6,초등,초등,1,3,2,N
af5f9ce8641e,2013,1996,남,11,고등,고등,3,11,2,N
af613fde6bf6,2013,1993,여,14,대학·일반,대학·일반,7,35,2,Y
afcf60305d72,2013,1997,여,10,고등,중등,1,2,2,N
afe1a39391fa,2013,2003,남,4,초등,초등,4,23,2,N
afeee0590dcb,2013,1998,여,9,중등,중등,4,8,2,N
b0067433a4e5,2013,2000,남,7,중등,초등,2,4,2,N
b094d49dcf61,2013,2000,여,7,중등,중등,4,15,2,N
b179cf157508,2013,1963,남,44,대학·일반,대학·일반,1,2,2,N
b18b368d31d8,2013,1994,남,13,대학·일반,대학·일반,11,29,1,Y
b1efa97cb4b5,2013,2002,남,5,초등,초등,4,10,2,N
b23ef5311053,2013,1996,남,11,고등,고등,8,39,1|2,Y
b284e3554557,2013,2004,여,3,초등,초등,1,2,2,N
b45c592d8253,2013,2002,여,5,초등,초등,3,7,2,N
b5c934579c5f,2013,2003,남,4,초등,초등,1,3,2,N
b5f11360667c,2013,1998,여,9,중등,중등,3,7,2,N
b6c954a76552,2013,2002,남,5,초등,초등,6,24,2,N
b71b85c30059,2013,2000,여,7,중등,중등,1,2,2,N
b7bb17f0d8f0,2013,1996,남,11,고등,고등,7,19,1|2,Y
b7f3ec11903a,2013,2002,남,5,초등,초등,2,4,2,N
b8606a5bf2b3,2013,2000,남,7,중등,중등,3,7,2,N
b9d76942397b,2013,1988,남,19,대학·일반,대학·일반,3,16,2,Y
ba137adc112d,2013,1991,여,16,대학·일반,대학·일반,5,11,2,N
bac68acf29ff,2013,1992,여,15,대학·일반,대학·일반,2,4,2,N
bbf3b58a1575,2013,2003,남,4,초등,초등,4,14,2,N
bc5c3aa8cafb,2013,1997,여,10,고등,고등,1,2,2,N
bcfaf780b48e,2013,1999,여,8,중등,중등,5,25,2,N
bdabb8bc24b0,2013,1968,여,39,대학·일반,대학·일반,2,4,2,N
be223cde0f92,2013,1997,남,10,고등,고등,6,19,2,Y
be434576f374,2013,2001,남,6,초등,초등,1,2,2,N
be908d8b267f,2013,1996,여,11,고등,고등,3,10,2,Y
bea18b3f73cd,2013,2002,남,5,초등,초등,2,4,2,N
c006ae12a94f,2013,2003,남,4,초등,초등,1,4,2,N
c008122d77bd,2013,1973,여,34,대학·일반,대학·일반,1,2,2,N
c037e685dd94,2013,1996,여,11,고등,고등,6,9,1,Y
c088d6dfee2c,2013,1993,남,14,대학·일반,대학·일반,5,18,2,Y
c14bccef5fd9,2013,1995,여,12,고등,고등,1,1,2,N
c15b0b6411b1,2013,2000,여,7,중등,중등,5,14,2,N
c1ba2e390f11,2013,1999,남,8,중등,중등,2,5,2,N
c1e907f0d932,2013,2001,여,6,초등,초등,3,13,2,N
c21c87f50be3,2013,1999,남,8,중등,중등,4,16,2,N
c31c57957ac5,2013,1995,남,12,고등,고등,4,9,1|2,N
c3d174bd7b0d,2013,1994,여,13,대학·일반,대학·일반,7,34,2,Y
c3d39ae7c008,2013,2003,남,4,초등,초등,4,11,2,N
c40477783db4,2013,2001,남,6,초등,초등,3,20,2,N
c421840b954a,2013,2004,남,3,초등,초등,4,8,1|2,N
c584956e3254,2013,1997,남,10,고등,고등,6,28,2,Y
c5d29e88f697,2013,1995,남,12,고등,고등,9,17,1,Y
c5f8853cdb58,2013,1995,여,12,고등,고등,5,13,2,Y
c82cacdbf6a7,2013,1996,남,11,고등,고등,6,20,1|2,Y
c8b15fe4ec56,2013,1993,여,14,대학·일반,대학·일반,4,9,2,N
c8d23fa8f6fe,2013,2000,남,7,중등,초등,3,3,1,Y
ca69b7d9fe0a,2013,2001,남,6,초등,초등,3,7,2,N
ca8235bbaac4,2013,2001,여,6,초등,초등,4,20,2,N
caade68ad452,2013,2001,남,6,초등,초등,3,10,2,N
cab67bcee5d4,2013,1987,남,20,대학·일반,대학·일반,2,4,2,N
cbff9bc32c05,2013,1998,남,9,중등,중등,4,12,2,N
cc4e2bfd2d0a,2013,2001,남,6,초등,초등,9,24,1|2,N
cc72db7f8429,2013,2005,남,2,초등,초등,1,4,1|2,N
cc8aacdad28a,2013,1995,남,12,고등,고등,4,19,1|2,Y
cca3d01fdc76,2013,2003,남,4,초등,초등,3,7,2,N
ccd4f861f9b0,2013,2000,남,7,중등,중등,3,10,2,N
cce216458cac,2013,2001,남,6,초등,초등,6,19,1|2,N
cd4405cdba61,2013,2002,남,5,초등,초등,7,17,1|2,N
ce5b9af28dd0,2013,2000,여,7,중등,중등,5,22,2,N
d1d65ce6c04c,2013,1969,남,38,대학·일반,대학·일반,1,2,2,N
d2529fb44dab,2013,1995,여,12,고등,대학·일반,11,37,1,Y
d3138c670a26,2013,2001,여,6,초등,초등,2,7,2,N
d36b68566313,2013,1989,남,18,대학·일반,대학·일반,2,5,2,N
d450334d5fda,2013,1993,남,14,대학·일반,대학·일반,7,22,2,Y
d4ed2844805e,2013,2004,여,3,초등,초등,1,2,2,N
d50402223788,2013,2000,남,7,중등,중등,4,15,2,N
d5272b79a481,2013,1994,여,13,대학·일반,대학·일반,7,18,1,Y
d56dbbf2fddf,2013,2005,여,2,초등,초등,5,10,1,N
d57de3d4a8bc,2013,2004,여,3,초등,초등,5,19,2,N
d5a4b8f70952,2013,1972,남,35,대학·일반,대학·일반,1,2,2,N
d66fe4ac13ba,2013,1992,남,15,대학·일반,대학·일반,7,15,1,Y
d6e04790b18f,2013,1998,남,9,중등,중등,1,2,2,N
d71b07b5d1a3,2013,1972,남,35,대학·일반,대학·일반,1,1,2,N
d72476ecf35d,2013,2001,남,6,초등,초등,1,2,2,N
d747953dba4c,2013,1998,남,9,중등,고등,2,5,2,N
d75ac1031a79,2013,1964,여,43,대학·일반,대학·일반,1,2,2,N
d7d7c6478ccd,2013,1995,남,12,고등,고등,6,27,2,Y
d7feb4abef2c,2013,1991,남,16,대학·일반,대학·일반,8,17,1,Y
d839ada55b1b,2013,2003,남,4,초등,초등,1,2,2,N
d95cbd5977dc,2013,2003,남,4,초등,초등,1,4,1|2,N
d97c2e899c27,2013,2002,여,5,초등,초등,5,20,2,N
d9eb328b75b3,2013,1996,여,11,고등,고등,12,30,1,Y
da074dfc95bc,2013,1996,남,11,고등,고등,8,19,1|2,Y
da2f19d481de,2013,1997,남,10,고등,고등,4,8,1|2,N
daee1077985a,2013,1995,남,12,고등,고등,2,4,2,N
db31f82ae07a,2013,2004,여,3,초등,초등,1,2,2,N
dc8c745638c5,2013,1999,여,8,중등,중등,4,9,2,N
de1a37e081c7,2013,1994,남,13,대학·일반,대학·일반,7,39,2,Y
de7267f0e5d1,2013,2005,남,2,초등,초등,1,1,2,N
df0e87cc1575,2013,1997,여,10,고등,고등,6,24,2,Y
df47739baf30,2013,1990,남,17,대학·일반,대학·일반,2,5,2,Y
e02e5ece24f5,2013,1988,남,19,대학·일반,대학·일반,7,38,2,Y
e0c8d6d91885,2013,1996,남,11,고등,고등,6,26,2,Y
e188f6b0bb45,2013,2000,남,7,중등,중등,2,3,2,N
e2049ad004d8,2013,2002,여,5,초등,초등,3,6,2,N
e31c3af9c768,2013,2000,남,7,중등,초등,2,4,2,N
e353f8b619cb,2013,1993,남,14,대학·일반,대학·일반,6,24,2,Y
e376b8d1e5d2,2013,1989,남,18,대학·일반,대학·일반,5,12,2,N
e3bd567ad8c2,2013,1992,남,15,대학·일반,대학·일반,8,15,1,Y
e3be26585644,2013,2004,남,3,초등,초등,5,18,2,N
e52eb36bd534,2013,1991,남,16,대학·일반,대학·일반,8,21,1|2,Y
e847a448da95,2013,1998,남,9,중등,중등,3,7,2,N
e93b65fce5f2,2013,2001,여,6,초등,초등,6,32,2,N
ea19b07c0d7f,2013,2005,여,2,초등,초등,4,16,2,N
eab97c2399f1,2013,2004,여,3,초등,초등,1,2,2,N
eaeb01f670de,2013,2006,여,1,초등,초등,1,2,2,N
eb70a3657ce7,2013,2004,여,3,초등,초등,4,8,1|2,N
ed0f7261e428,2013,1994,여,13,대학·일반,대학·일반,6,14,2,Y
ed73a9876f68,2013,2005,남,2,초등,초등,1,3,2,N
edb357db45c8,2013,1991,남,16,대학·일반,대학·일반,7,43,2,Y
ee2fac977bde,2013,1996,여,11,고등,고등,4,8,2,N
ef84de6825c0,2013,2000,여,7,중등,중등,4,9,2,N
f0fea5dc711f,2013,1997,남,10,고등,고등,2,5,2,N
f1063e4b08f2,2013,1992,남,15,대학·일반,대학·일반,6,15,2,Y
f145e63d5ed5,2013,1993,여,14,대학·일반,대학·일반,8,18,1,Y
f17bd9cb7818,2013,1989,남,18,대학·일반,대학·일반,8,29,1|2,Y
f2b1ce560ae8,2013,1991,여,16,대학·일반,대학·일반,2,4,2,N
f36581183f7b,2013,1999,남,8,중등,중등,5,14,2,N
f36602b19d2d,2013,2000,여,7,중등,중등,5,26,2,N
f3d256520128,2013,1993,남,14,대학·일반,대학·일반,1,2,2,N
f414a1a6a5bf,2013,2003,남,4,초등,초등,1,3,2,N
f47f31b344a7,2013,1988,남,19,대학·일반,대학·일반,3,9,1,Y
f4d2a5032915,2013,1998,여,9,중등,고등,6,24,2,Y
f5826bc39d6d,2013,2003,여,4,초등,초등,5,19,2,N
f6384e0bfbd8,2013,2004,남,3,초등,초등,3,8,2,N
f65575343821,2013,2002,여,5,초등,초등,1,2,2,N
f6b5db5b466b,2013,2002,여,5,초등,초등,1,2,2,N
f6c165689145,2013,1996,남,11,고등,고등,6,36,2,Y
f796ab9cbb06,2013,2002,여,5,초등,초등,5,15,2,N
f7b21c318096,2013,1987,남,20,대학·일반,대학·일반,5,18,2,N
f8bbc50957b9,2013,1999,여,8,중등,중등,2,4,2,N
f9485279a90f,2013,1995,여,12,고등,고등,7,47,2,Y
f9a6feac201c,2013,2003,여,4,초등,초등,4,10,2,N
faf222e8aacc,2013,1996,남,11,고등,고등,7,34,1|2,Y
fcaf4a531687,2013,1991,남,16,대학·일반,대학·일반,7,15,1,Y
fd6ad2e1ace5,2013,1998,남,9,중등,중등,5,21,2,Y
fdcd1a7159de,2013,2004,남,3,초등,초등,4,8,1|2,N
fe27d7864e4e,2013,2002,남,5,초등,초등,5,18,2,N
ffee75e2ec81,2013,2001,남,6,초등,초등,1,2,2,N
001deb32ccba,2014,1999,여,9,중등,중등,5,18,2,N
010ac565e787,2014,1999,남,9,중등,중등,1,2,2,N
013ffe268093,2014,1995,남,13,대학·일반,고등,2,2,1,Y
014e579fb01e,2014,2003,남,5,초등,초등,5,19,2,N
01e81df1b330,2014,2005,남,3,초등,초등,5,27,2,N
024cc1e28761,2014,2001,여,7,중등,중등,3,7,2,N
0296a68b22c2,2014,2003,남,5,초등,초등,2,6,2,N
0415a9e7c846,2014,2002,남,6,초등,초등,3,12,2,N
048a256a52e8,2014,2005,남,3,초등,초등,1,2,2,N
04a963b500f6,2014,1998,여,10,고등,고등,10,22,1,Y
04ddae787493,2014,2005,남,3,초등,초등,3,15,2,N
05294bbcc5dd,2014,2004,여,4,초등,초등,1,2,2,N
0560c00c0517,2014,1995,남,13,대학·일반,고등,1,1,1,N
058ea815622d,2014,1999,여,9,중등,중등,2,4,2,N
05c5399a7705,2014,2000,여,8,중등,중등,1,2,2,N
05ff88e16da8,2014,1998,남,10,고등,중등,1,2,2,N
0707e8137993,2014,2001,남,7,중등,중등,3,7,2,N
0716360d5f0f,2014,1995,남,13,대학·일반,대학·일반,9,37,2,Y
07b80257b2c4,2014,2007,남,1,초등,초등,6,14,1|2,N
08db8b732de5,2014,2004,남,4,초등,초등,5,32,2,N
0977d67a2b28,2014,2002,여,6,초등,초등,10,21,1|2,Y
0a0aa4553d6d,2014,2003,남,5,초등,초등,5,16,2,N
0a2de10b61d7,2014,2000,여,8,중등,중등,6,30,2,Y
0af1f8641a01,2014,1993,남,15,대학·일반,대학·일반,8,42,2,Y
0af5d7e67193,2014,1963,남,45,대학·일반,대학·일반,1,2,2,N
0b0d5f9ed4ff,2014,1997,여,11,고등,고등,7,32,2,Y
0b1a5b66a82c,2014,1992,남,16,대학·일반,대학·일반,2,2,2,N
0b5d63780e46,2014,2000,남,8,중등,중등,2,7,2,N
0c122496b756,2014,1997,여,11,고등,고등,1,2,2,N
0db5810a67de,2014,1992,남,16,대학·일반,대학·일반,4,31,2,Y
0e4a4211ca83,2014,2000,여,8,중등,중등,5,13,2,N
0f3c3a1288c4,2014,1997,남,11,고등,고등,8,56,1|2,Y
0f3daa823e81,2014,2005,남,3,초등,초등,4,18,2,N
0f41fbece094,2014,1995,남,13,대학·일반,대학·일반,8,28,2,Y
10f37f9a6472,2014,2003,남,5,초등,초등,3,6,2,N
113fb563e142,2014,1999,남,9,중등,중등,3,6,2,N
11765433ccaa,2014,1961,남,47,대학·일반,대학·일반,2,4,1|2,N
118e90000d73,2014,2000,남,8,중등,중등,8,44,2,Y
11f970f7f448,2014,1997,남,11,고등,고등,6,36,2,Y
120a8bdd9867,2014,1994,남,14,대학·일반,대학·일반,7,17,2,Y
12857deb2953,2014,1998,여,10,고등,고등,11,26,1,Y
128df241c169,2014,2002,여,6,초등,초등,1,2,2,N
1423282e3a6d,2014,2000,남,8,중등,중등,4,10,2,N
14a21cfa416a,2014,1993,여,15,대학·일반,대학·일반,8,39,2,Y
1554e7685232,2014,2005,남,3,초등,초등,3,6,2,N
15550bfbbcd9,2014,2000,여,8,중등,중등,4,8,2,N
1649ff9df336,2014,2001,여,7,중등,중등,4,13,2,N
1652b342aa99,2014,2004,남,4,초등,초등,7,14,1|2,N
167a9f4bce74,2014,2002,남,6,초등,초등,6,37,2,N
16cd2e8e210c,2014,2004,남,4,초등,초등,4,16,2,N
16d89eed9e82,2014,2001,여,7,중등,중등,5,27,2,N
16e3e7d91fc7,2014,1998,여,10,고등,고등,6,11,1|2,N
16e8c6d7367d,2014,1992,여,16,대학·일반,대학·일반,7,15,1|2,Y
17b5beb812b1,2014,1961,여,47,대학·일반,대학·일반,2,4,2,N
17e7c6ce5ee3,2014,1989,남,19,대학·일반,대학·일반,3,6,2,N
188452e8c262,2014,2003,남,5,초등,초등,5,19,2,N
18ee553f4b1f,2014,1997,남,11,고등,고등,11,24,1,Y
1904fad76ae4,2014,2002,남,6,초등,초등,6,47,2,N
1991b251b243,2014,1998,여,10,고등,중등,1,2,2,N
19be99f59bab,2014,2000,남,8,중등,중등,3,12,2,N
1a8c135dfb40,2014,2003,남,5,초등,초등,1,2,2,N
1aef3d542bbd,2014,2000,여,8,중등,중등,3,6,2,N
1c1883e3e060,2014,1988,남,20,대학·일반,대학·일반,5,17,2,N
1c5e68f84cf3,2014,1998,남,10,고등,고등,8,50,2,Y
1c75a270f566,2014,1994,여,14,대학·일반,대학·일반,9,22,1,Y
1d832ec4e806,2014,1998,여,10,고등,중등,1,2,2,N
1dc26590bf88,2014,1998,남,10,고등,고등,1,2,2,N
1e69b07bc549,2014,2003,남,5,초등,초등,1,2,2,N
1e8ea6bb7227,2014,2001,여,7,중등,중등,1,2,2,N
1f0954e96210,2014,1989,남,19,대학·일반,대학·일반,3,17,2,Y
1f0f26f535e5,2014,1991,여,17,대학·일반,대학·일반,7,41,2,Y
1f7edacccc17,2014,1997,여,11,고등,,1,12,2,Y
1fa4b3503083,2014,1993,남,15,대학·일반,대학·일반,2,4,2,N
1fffc171f46e,2014,2005,여,3,초등,초등,5,16,2,N
213dd96bc532,2014,1994,남,14,대학·일반,대학·일반,9,21,1,Y
21e8732e0c8c,2014,2001,남,7,중등,초등,1,2,2,N
22196f1cb541,2014,1997,남,11,고등,고등,5,15,2,N
225fb455c010,2014,1993,남,15,대학·일반,대학·일반,8,50,2,Y
22c70867823a,2014,1993,남,15,대학·일반,대학·일반,8,41,2,Y
233b40519c1a,2014,1997,여,11,고등,고등,7,38,2,Y
23443fcd9741,2014,2002,여,6,초등,초등,1,2,2,N
2396bd738793,2014,1998,남,10,고등,고등,5,14,2,N
23fdd3113f3e,2014,1994,여,14,대학·일반,대학·일반,8,33,2,Y
2451c63031a7,2014,1998,남,10,고등,중등,1,2,2,N
2454cfd13999,2014,2002,남,6,초등,초등,5,28,2,N
25aaa6f75c68,2014,1997,여,11,고등,고등,7,25,2,Y
26d5bb612f35,2014,1993,남,15,대학·일반,대학·일반,4,29,2,Y
26e4ba0ba01a,2014,2006,여,2,초등,초등,4,10,2,N
275b1a236e1d,2014,1999,여,9,중등,중등,5,24,2,Y
27794ca98fba,2014,2002,여,6,초등,초등,1,2,2,N
2796274b6b7c,2014,1989,남,19,대학·일반,대학·일반,9,19,1|2,Y
27a311a342ee,2014,2000,여,8,중등,중등,4,8,1|2,N
28133b25877f,2014,2007,여,1,초등,초등,6,14,1|2,N
284c016663a5,2014,2000,여,8,중등,중등,4,11,2,N
284cc082d4eb,2014,1990,여,18,대학·일반,대학·일반,5,21,2,Y
2909bacf2b4c,2014,1990,남,18,대학·일반,대학·일반,7,30,2,Y
294f42ea501c,2014,2006,여,2,초등,초등,2,7,2,N
2aabf340c840,2014,2003,남,5,초등,초등,2,4,2,N
2af4aa3d8347,2014,1993,여,15,대학·일반,대학·일반,8,37,2,Y
2b4eca169bba,2014,1986,남,22,대학·일반,대학·일반,1,2,2,N
2b5f31869781,2014,1997,여,11,고등,고등,8,41,2,Y
2bca6a71c5fc,2014,2002,남,6,초등,초등,4,10,2,N
2bd45abdf686,2014,1996,여,12,고등,대학·일반,8,26,1|2,Y
2cd17c6a3c6f,2014,1990,남,18,대학·일반,대학·일반,3,5,2,N
2d252d055ee3,2014,1968,남,40,대학·일반,대학·일반,1,2,2,N
2d414e0ee830,2014,1999,남,9,중등,중등,4,9,2,N
2d46caf4d922,2014,1994,남,14,대학·일반,대학·일반,8,46,2,Y
2dfec49bed16,2014,1990,남,18,대학·일반,대학·일반,5,13,2,N
2e05c70f18a2,2014,2000,남,8,중등,중등,1,2,2,N
2e112b6ec914,2014,1998,여,10,고등,고등,3,7,2,N
2e38a14cc4fd,2014,1999,여,9,중등,중등,5,14,2,N
2ec6cabddf10,2014,2004,남,4,초등,초등,4,13,2,N
2ed3bf62cc16,2014,1999,남,9,중등,중등,8,19,1,Y
2f428e11b789,2014,1996,남,12,고등,대학·일반,7,34,2,Y
2f7602dab9b3,2014,2001,남,7,중등,중등,1,2,2,N
2fb9c2bbf582,2014,2004,여,4,초등,초등,4,16,2,N
2ff6be4028fb,2014,2001,여,7,중등,초등,2,3,2,N
30525392671e,2014,2004,남,4,초등,초등,6,31,2,N
30694b5c1800,2014,1999,남,9,중등,중등,4,9,2,N
31b862150236,2014,1961,남,47,대학·일반,대학·일반,1,2,2,N
31d87df4f903,2014,2003,남,5,초등,초등,1,2,2,N
31deaa043f12,2014,1997,여,11,고등,고등,7,21,2,Y
322d4e835fea,2014,1999,남,9,중등,중등,5,34,2,Y
3281617690c3,2014,1995,남,13,대학·일반,대학·일반,8,20,1,Y
328770e41a9e,2014,1998,남,10,고등,고등,4,8,2,N
32c8f1560d3a,2014,1999,여,9,중등,중등,8,41,2,Y
33fd4496b754,2014,1998,남,10,고등,고등,3,5,2,N
34053d95f43c,2014,2001,남,7,중등,중등,3,6,2,N
348482c924d6,2014,2001,남,7,중등,초등,2,4,2,N
360ca438dd1b,2014,1994,여,14,대학·일반,대학·일반,1,2,2,N
3643049e2d73,2014,1998,여,10,고등,중등,1,2,2,N
380e07ef471d,2014,2001,남,7,중등,중등,3,9,2,N
383a7e1421ff,2014,2007,여,1,초등,초등,2,6,2,N
38b0125c6b0d,2014,2002,남,6,초등,초등,5,15,2,N
3911bcdd188b,2014,1998,남,10,고등,고등,6,12,1,Y
39289c0b69e5,2014,1998,남,10,고등,고등,4,8,2,N
39ec2aeda4cc,2014,2003,여,5,초등,초등,10,19,1|2,Y
39f6621d7e2b,2014,1995,여,13,대학·일반,고등,4,18,2,Y
39fa8705d0ce,2014,2003,남,5,초등,초등,2,5,2,N
3a0f8e787acb,2014,2000,여,8,중등,중등,4,10,2,N
3b8c3f7937a3,2014,1991,여,17,대학·일반,대학·일반,5,30,2,Y
3bb32b6fd0e1,2014,2003,남,5,초등,초등,1,2,2,N
3bcccfa4b437,2014,2006,남,2,초등,초등,2,5,2,N
3d50fc7659e6,2014,2002,남,6,초등,초등,3,7,2,N
3f4a5e8bd35f,2014,2002,여,6,초등,초등,1,2,2,N
3f7c555ea72a,2014,2004,남,4,초등,초등,5,18,2,N
417c628db173,2014,1996,남,12,고등,고등,1,1,2,N
41d3b04611d6,2014,2000,남,8,중등,중등,5,17,2,N
41e064c7fd45,2014,1968,여,40,대학·일반,대학·일반,1,2,2,N
42bb2f3789d2,2014,2001,여,7,중등,중등,2,4,2,N
43c7dea0d38a,2014,1967,여,41,대학·일반,대학·일반,1,1,2,N
4413d0e24fe3,2014,2002,남,6,초등,초등,6,37,2,N
44836eb7c1c3,2014,2007,남,1,초등,초등,1,2,2,N
44ce8b98600d,2014,1989,여,19,대학·일반,대학·일반,6,16,2,Y
45d7ea66548c,2014,2002,남,6,초등,초등,2,4,1|2,N
460e91d9808f,2014,2006,여,2,초등,초등,5,21,2,N
466eb7765b52,2014,1998,남,10,고등,고등,3,6,2,N
46c211450ef5,2014,2005,남,3,초등,초등,6,12,1|2,N
4773cab8f530,2014,1994,남,14,대학·일반,대학·일반,8,44,2,Y
47f9701de090,2014,2004,남,4,초등,초등,1,3,2,N
483ab294e424,2014,2000,남,8,중등,중등,7,39,2,Y
4850a02ac453,2014,2002,여,6,초등,초등,4,18,2,N
48c0037b849a,2014,1995,여,13,대학·일반,고등,4,23,2,Y
493845816306,2014,1964,남,44,대학·일반,대학·일반,1,3,2,N
4998dc521b62,2014,2006,남,2,초등,초등,1,3,2,N
49fef45ce8d1,2014,1999,남,9,중등,중등,1,2,2,N
4a5a12b8a207,2014,2002,남,6,초등,초등,3,14,2,N
4abde24943d8,2014,2003,남,5,초등,초등,3,12,2,N
4c727e166aac,2014,2003,남,5,초등,초등,5,18,2,N
4d43bd05a22c,2014,2002,여,6,초등,초등,10,27,1|2,N
4dba92af88cd,2014,2001,남,7,중등,중등,4,10,2,N
4dbff7907bec,2014,1968,여,40,대학·일반,대학·일반,2,5,2,N
4e6b997a8725,2014,1989,여,19,대학·일반,대학·일반,7,23,2,Y
4e8a8863cf5f,2014,2003,여,5,초등,초등,3,7,2,N
4eca8593e9d0,2014,1966,남,42,대학·일반,대학·일반,1,3,2,N
4eeb42a13b44,2014,1999,여,9,중등,중등,4,8,2,N
4f0587b605c0,2014,1999,남,9,중등,고등,7,36,2,Y
4f42cd0206f2,2014,1989,남,19,대학·일반,대학·일반,4,11,2,N
508141dc88d9,2014,1999,남,9,중등,중등,6,32,2,Y
50bb4357045f,2014,1999,남,9,중등,중등,6,40,2,Y
5140194a098d,2014,1993,남,15,대학·일반,대학·일반,2,15,2,Y
523d6cf9c251,2014,2002,남,6,초등,초등,3,17,2,N
52dd877d418e,2014,2006,남,2,초등,초등,5,24,2,N
52fb82ab3a08,2014,1990,남,18,대학·일반,대학·일반,7,32,2,Y
5481d841122a,2014,1997,남,11,고등,고등,3,8,2,N
54d60445f014,2014,2004,여,4,초등,초등,4,20,2,N
553b3be74f3e,2014,1992,여,16,대학·일반,대학·일반,1,2,2,N
5569426f0783,2014,2001,여,7,중등,중등,5,26,2,N
556eecb7e507,2014,1998,남,10,고등,중등,1,2,2,N
562ecc66a7be,2014,2003,남,5,초등,초등,5,25,2,N
570ba29fd1bf,2014,1997,남,11,고등,고등,6,20,2,Y
573b36bd28b1,2014,1997,남,11,고등,고등,5,24,2,Y
57e233b9eabd,2014,2002,남,6,초등,초등,1,2,2,N
58841b315fee,2014,2005,여,3,초등,초등,5,10,1|2,N
58ec54b90c37,2014,2003,여,5,초등,초등,6,31,2,N
5979e84dd54c,2014,1998,여,10,고등,고등,6,16,2,Y
5b4dce3d6294,2014,2004,남,4,초등,초등,1,1,2,N
5b906da5da48,2014,2006,남,2,초등,초등,2,5,2,N
5ba6602282a6,2014,1998,여,10,고등,고등,6,15,2,Y
5bae8dbea2a0,2014,1995,남,13,대학·일반,대학·일반,3,9,2,Y
5c75f5194b15,2014,1990,남,18,대학·일반,대학·일반,2,5,2,N
5e7fa52b4d83,2014,2001,여,7,중등,중등,6,10,1,Y
5eb13f527fe7,2014,1992,여,16,대학·일반,대학·일반,6,22,2,Y
5fe86adbe1da,2014,2003,여,5,초등,초등,4,17,2,N
60250f5316db,2014,1995,여,13,대학·일반,고등,1,2,2,N
6049d5bb9e62,2014,2001,남,7,중등,초등,1,2,2,N
61b018a28cc5,2014,1998,남,10,고등,고등,4,10,2,N
61cadab7573c,2014,2001,남,7,중등,중등,5,21,2,N
62c11a801dcd,2014,1988,남,20,대학·일반,대학·일반,7,28,2,Y
6352595f975c,2014,1992,남,16,대학·일반,대학·일반,3,13,2,Y
63562ae9c7d7,2014,1979,여,29,대학·일반,대학·일반,4,8,2,N
635aaabb0921,2014,2002,여,6,초등,초등,1,2,2,N
64762911db97,2014,1993,남,15,대학·일반,대학·일반,9,23,1|2,Y
64b7cfce3630,2014,2004,남,4,초등,초등,3,6,2,N
6585d997da9d,2014,2002,여,6,초등,초등,1,2,2,N
65c97bda99d0,2014,2002,남,6,초등,초등,6,38,2,N
65dd4577519a,2014,1991,남,17,대학·일반,,3,4,1,Y
662b51f36011,2014,1998,남,10,고등,고등,4,13,2,N
66383d8daaac,2014,2006,남,2,초등,초등,2,5,2,N
67a72efc0413,2014,2000,여,8,중등,중등,2,4,2,N
67dc6ccd9ffa,2014,2004,남,4,초등,초등,4,29,2,N
67e81c4d0fd0,2014,1995,여,13,대학·일반,고등,1,2,2,N
67f0f58a3c01,2014,2003,남,5,초등,초등,2,3,1,Y
6a1768916603,2014,1990,여,18,대학·일반,대학·일반,7,37,2,Y
6b1054af486e,2014,1995,여,13,대학·일반,대학·일반,6,15,2,Y
6b1db24cd950,2014,1999,남,9,중등,중등,4,12,2,N
6b6217835a81,2014,1993,남,15,대학·일반,대학·일반,7,23,2,Y
6bf5d106417f,2014,2003,여,5,초등,초등,10,19,1|2,Y
6c3de0c95546,2014,2004,여,4,초등,초등,5,17,2,N
6cde4208fe6e,2014,2003,여,5,초등,초등,1,2,2,N
6d16ce9fa92e,2014,1988,여,20,대학·일반,대학·일반,6,17,2,Y
6eb4cb0c489c,2014,1983,여,25,대학·일반,대학·일반,7,26,2,Y
6f2d2c17ec51,2014,2001,여,7,중등,중등,4,10,2,N
6f374c6e8468,2014,1998,남,10,고등,고등,3,10,2,N
6f6e2706dbe3,2014,2002,여,6,초등,초등,6,30,2,N
7034556fb056,2014,1998,남,10,고등,중등,1,2,2,N
703d71ebe1bf,2014,1990,남,18,대학·일반,대학·일반,1,2,2,N
706d471e6675,2014,2001,남,7,중등,중등,2,6,2,N
715cec6a3d40,2014,1998,남,10,고등,고등,6,20,2,Y
716122f09a99,2014,1991,여,17,대학·일반,대학·일반,1,2,2,N
735ef2d955de,2014,1998,남,10,고등,고등,4,10,2,N
73a11d1749e0,2014,2002,여,6,초등,초등,4,15,2,N
746395bcfe77,2014,2006,남,2,초등,초등,3,5,2,N
74f273f351ad,2014,2003,남,5,초등,초등,2,4,2,N
753bb60c91d8,2014,2005,남,3,초등,초등,2,5,2,N
75404397362c,2014,2001,남,7,중등,중등,5,29,2,N
75613589746d,2014,1996,남,12,고등,고등,11,45,1|2,Y
764783edc41e,2014,2002,남,6,초등,초등,8,19,1|2,Y
76bc3daea3bf,2014,2003,남,5,초등,초등,3,9,2,N
76d8fe29a9c0,2014,1970,여,38,대학·일반,대학·일반,2,4,2,N
77617321cea7,2014,2004,남,4,초등,초등,3,10,2,N
777796af652f,2014,1993,여,15,대학·일반,대학·일반,2,3,1,N
77aea32d94e2,2014,1995,여,13,대학·일반,대학·일반,8,43,2,Y
78025bc6e3af,2014,1997,남,11,고등,고등,2,5,2,N
7876cab2be0f,2014,1999,남,9,중등,중등,2,7,2,N
7888da2a2b75,2014,1993,남,15,대학·일반,대학·일반,10,22,1,Y
78b743c5bff1,2014,1992,여,16,대학·일반,대학·일반,7,29,1|2,Y
7958c4e41912,2014,2004,남,4,초등,초등,1,2,2,N
79ae0d5998d5,2014,1993,여,15,대학·일반,대학·일반,7,24,2,Y
7a3cd2cacc72,2014,2004,여,4,초등,초등,3,7,2,N
7a5d1abbdb9a,2014,1999,여,9,중등,중등,3,7,2,N
7abf37c335c1,2014,1990,남,18,대학·일반,대학·일반,4,10,2,N
7ac629765fb5,2014,2005,여,3,초등,초등,1,2,2,N
7b1e95e175d5,2014,2003,남,5,초등,초등,4,14,2,N
7ba47907d375,2014,1994,남,14,대학·일반,대학·일반,8,21,1|2,Y
7c06c837a29f,2014,2001,남,7,중등,초등,1,2,2,N
7d57891e0e52,2014,2001,남,7,중등,초등,1,2,2,N
7dad824c884d,2014,1992,여,16,대학·일반,대학·일반,7,26,2,Y
7ddf4c2f3cab,2014,1997,남,11,고등,고등,7,14,1|2,Y
7e3ca13abba0,2014,2002,남,6,초등,초등,5,22,2,N
7fad02e54fdc,2014,1996,남,12,고등,고등,6,28,2,Y
800ace85c214,2014,2003,여,5,초등,초등,5,23,2,N
808dc07732e7,2014,1999,남,9,중등,중등,3,6,2,N
80ad9e3868fd,2014,2002,남,6,초등,초등,2,4,2,N
80b041eca001,2014,2000,남,8,중등,중등,5,27,2,N
811dec6e3ad3,2014,1994,남,14,대학·일반,대학·일반,7,41,2,Y
818918888c8b,2014,2004,남,4,초등,초등,5,26,2,N
81a07ce06484,2014,2003,남,5,초등,초등,2,6,2,N
81ecef03ce53,2014,1999,남,9,중등,중등,5,20,2,Y
82baf36eaef3,2014,1958,남,50,대학·일반,대학·일반,2,4,2,N
834b3abb10c4,2014,2001,여,7,중등,중등,1,3,2,N
83ffa1f62966,2014,2004,여,4,초등,초등,1,2,2,N
84587278c6a2,2014,2002,남,6,초등,초등,5,15,2,N
8464b1f47861,2014,2002,여,6,초등,초등,5,17,2,N
848ae7cf03ef,2014,1993,남,15,대학·일반,대학·일반,2,4,2,N
861ad43d3e68,2014,2003,여,5,초등,초등,5,20,2,N
86887407de94,2014,1986,여,22,대학·일반,대학·일반,4,11,2,N
86e080aa0611,2014,1992,남,16,대학·일반,대학·일반,2,2,1,N
871e9c31a0f5,2014,2003,여,5,초등,초등,2,7,2,N
8752cf1a5d43,2014,2005,여,3,초등,초등,1,1,2,N
88093090462f,2014,2000,남,8,중등,중등,1,2,2,N
8813b3e58801,2014,1992,남,16,대학·일반,대학·일반,8,51,2,Y
8898cfc8efc8,2014,2004,여,4,초등,초등,1,2,2,N
892a8cbbf065,2014,2003,여,5,초등,초등,1,2,2,N
8970c464b9f4,2014,1993,남,15,대학·일반,대학·일반,10,21,1,Y
89b0496fdeca,2014,1999,여,9,중등,중등,2,2,2,N
8a7c36f9cff8,2014,2000,남,8,중등,중등,5,22,2,Y
8afdacb7e027,2014,2000,남,8,중등,중등,3,13,2,N
8be3acddedb2,2014,2005,남,3,초등,초등,3,17,2,N
8c1f0bb5bd9e,2014,1993,남,15,대학·일반,대학·일반,6,22,2,Y
8c4266877532,2014,2005,여,3,초등,초등,4,17,2,N
8c464f28a5bd,2014,1998,여,10,고등,고등,7,21,2,Y
8cd44ee59ba5,2014,1997,여,11,고등,고등,1,2,2,N
8d741f47a76f,2014,2002,남,6,초등,초등,4,14,2,N
8df5ded40bc8,2014,1999,여,9,중등,중등,7,31,2,Y
8dfbd2942ac5,2014,1998,여,10,고등,고등,7,37,2,Y
8e4fe3b85160,2014,2002,남,6,초등,초등,6,42,2,N
8e937c37ff03,2014,2004,남,4,초등,초등,4,10,2,N
8ec9a37d1317,2014,1998,남,10,고등,고등,6,15,2,Y
8f46bcdf68e5,2014,1997,남,11,고등,고등,7,31,2,Y
8fb95de7ad39,2014,2004,여,4,초등,초등,6,32,2,N
900df6910556,2014,1999,여,9,중등,중등,6,49,2,Y
901191ef2410,2014,2002,남,6,초등,초등,1,4,1|2,N
90d84f81fc5c,2014,1989,남,19,대학·일반,대학·일반,2,4,2,N
91091850dad2,2014,2001,남,7,중등,중등,4,10,2,N
9140e2ad0fc1,2014,2000,남,8,중등,중등,2,7,2,N
916c4ede9de9,2014,2001,남,7,중등,초등,1,1,1,N
91b2404fb38a,2014,1991,남,17,대학·일반,대학·일반,2,5,2,N
9222fdaf4c9d,2014,1997,여,11,고등,고등,6,20,2,Y
93066727a19c,2014,2006,남,2,초등,초등,5,20,2,N
93535f0fb85d,2014,1985,여,23,대학·일반,대학·일반,3,7,2,N
935835189e37,2014,2003,여,5,초등,초등,2,8,2,N
93ea3ce3de52,2014,1995,여,13,대학·일반,대학·일반,9,24,1|2,Y
94677631a5cb,2014,1996,남,12,고등,고등,8,48,2,Y
950f4ef9d095,2014,2005,남,3,초등,초등,2,4,1|2,N
952f68cff58c,2014,2000,남,8,중등,중등,1,2,2,N
95525b6f33f2,2014,1994,남,14,대학·일반,고등,1,2,2,N
95726957d4e1,2014,2002,남,6,초등,초등,2,7,2,N
97a5718ca7a9,2014,1994,남,14,대학·일반,대학·일반,6,21,2,Y
97a646f615b5,2014,1997,남,11,고등,고등,4,15,2,Y
97b4816d62d6,2014,2001,남,7,중등,중등,3,11,2,N
983ec6748edb,2014,1996,여,12,고등,고등,7,27,2,Y
986ad5951944,2014,2006,남,2,초등,초등,4,14,2,N
98cf8639bf81,2014,2001,여,7,중등,중등,3,8,2,N
98d7288c7304,2014,1998,여,10,고등,중등,2,4,2,N
99acf4fb41d5,2014,2007,남,1,초등,초등,1,2,2,N
9a0b23e8f1c8,2014,2002,여,6,초등,초등,3,7,2,N
9b1407065833,2014,2000,남,8,중등,중등,4,12,2,N
9b398f5e19cc,2014,2002,여,6,초등,초등,4,9,1|2,N
9c6e2c0608af,2014,2002,남,6,초등,중등,1,2,2,N
9c813608b570,2014,1967,남,41,대학·일반,대학·일반,2,4,2,N
9d848d9e6eac,2014,2002,여,6,초등,초등,10,21,1|2,Y
9de8fc70ff15,2014,2003,남,5,초등,초등,2,5,2,N
9eb1a5e3bc35,2014,1966,여,42,대학·일반,대학·일반,2,5,2,N
9f20a85ae2a5,2014,2002,여,6,초등,중등,4,8,2,N
9f21cfa5870e,2014,2001,여,7,중등,중등,3,6,2,N
a0098c7c9766,2014,1993,남,15,대학·일반,대학·일반,1,2,2,N
a00edd319d89,2014,1999,남,9,중등,중등,8,60,2,Y
a111bf8fa2a3,2014,2003,여,5,초등,초등,4,22,2,N
a14c9c5d78c6,2014,2002,남,6,초등,초등,6,11,1,Y
a1a242c20b56,2014,2001,여,7,중등,중등,4,8,1|2,N
a1cbbc8aa8cc,2014,1996,여,12,고등,고등,1,2,2,N
a305c2ca5547,2014,1997,남,11,고등,고등,8,46,2,Y
a32f03f3a702,2014,2002,남,6,초등,중등,4,9,2,N
a3b48d5ade76,2014,2006,여,2,초등,초등,1,2,2,N
a43c757f8be8,2014,1967,여,41,대학·일반,대학·일반,1,2,2,N
a44644906c26,2014,1967,남,41,대학·일반,대학·일반,1,2,2,N
a4bc4404d179,2014,1994,남,14,대학·일반,대학·일반,1,2,2,N
a5126863855e,2014,2001,여,7,중등,중등,5,13,2,N
a598eab16662,2014,1989,여,19,대학·일반,대학·일반,1,2,2,N
a6852bc3f5b9,2014,1995,남,13,대학·일반,대학·일반,7,31,2,Y
a7129272906b,2014,1999,여,9,중등,고등,7,49,2,Y
a765c0d58fea,2014,1985,여,23,대학·일반,대학·일반,3,6,2,Y
a7b2462b99b7,2014,2003,남,5,초등,초등,4,10,2,N
a7b993214f8d,2014,2000,여,8,중등,중등,5,25,2,N
a9a00c3521be,2014,2004,여,4,초등,초등,3,8,2,N
aa1d1e3a414e,2014,1998,남,10,고등,고등,1,2,2,N
aa5d4d1dfefc,2014,2002,남,6,초등,초등,3,10,2,N
aa5d996a35e9,2014,2002,남,6,초등,초등,1,4,2,N
aada36e9c982,2014,1999,남,9,중등,중등,4,8,2,N
ab46aac2506d,2014,2004,여,4,초등,초등,4,13,2,N
abfbd31287f9,2014,2001,남,7,중등,중등,4,8,2,N
acc1b5c9f0a5,2014,2003,여,5,초등,초등,2,5,2,N
adc91c1a07c8,2014,2002,여,6,초등,초등,1,2,2,N
ae079ebbad25,2014,2004,남,4,초등,초등,3,9,2,N
ae1d1fbaa694,2014,2003,여,5,초등,초등,2,5,2,N
ae54ca637228,2014,2004,남,4,초등,초등,6,35,2,N
ae60d7c64fb4,2014,2006,남,2,초등,초등,4,21,2,N
ae6dd5c70109,2014,1997,남,11,고등,고등,8,32,2,Y
aeb8813a42d9,2014,2000,남,8,중등,중등,8,39,2,Y
aeb951b6b89b,2014,2002,남,6,초등,초등,7,21,1|2,N
aeb98b62c2a1,2014,2001,여,7,중등,초등,1,2,2,N
af5f9ce8641e,2014,1996,남,12,고등,고등,2,5,2,N
af613fde6bf6,2014,1993,여,15,대학·일반,대학·일반,8,45,2,Y
afe1a39391fa,2014,2003,남,5,초등,초등,1,2,2,N
afeee0590dcb,2014,1998,여,10,고등,중등,1,2,2,N
b0067433a4e5,2014,2000,남,8,중등,중등,4,8,2,N
b094d49dcf61,2014,2000,여,8,중등,중등,5,24,2,N
b0cafd0da6f4,2014,2005,여,3,초등,초등,1,2,2,N
b18b368d31d8,2014,1994,남,14,대학·일반,대학·일반,11,22,1,Y
b1efa97cb4b5,2014,2002,남,6,초등,초등,1,2,2,N
b23adf304bb3,2014,2002,여,6,초등,초등,3,8,2,N
b23ef5311053,2014,1996,남,12,고등,고등,7,58,2,Y
b24d80d3ed53,2014,2006,남,2,초등,초등,1,2,2,N
b407980f8290,2014,2000,남,8,중등,중등,3,11,2,N
b4ddd41883d4,2014,2000,남,8,중등,중등,2,4,2,N
b59b2188aa9c,2014,2004,남,4,초등,초등,2,6,2,N
b5b94e97b0eb,2014,1989,여,19,대학·일반,대학·일반,2,4,2,N
b5c934579c5f,2014,2003,남,5,초등,초등,4,13,2,N
b6c954a76552,2014,2002,남,6,초등,초등,6,35,2,N
b71b85c30059,2014,2000,여,8,중등,중등,1,2,2,N
b7bb17f0d8f0,2014,1996,남,12,고등,고등,8,45,2,Y
b847ee6de612,2014,2004,남,4,초등,초등,1,4,1|2,N
b8606a5bf2b3,2014,2000,남,8,중등,중등,2,6,2,N
b9d76942397b,2014,1988,남,20,대학·일반,대학·일반,7,32,2,Y
ba137adc112d,2014,1991,여,17,대학·일반,대학·일반,5,12,2,N
ba571c90b7e5,2014,2002,남,6,초등,초등,2,9,2,N
bac68acf29ff,2014,1992,여,16,대학·일반,대학·일반,6,28,2,Y
bb938f82563f,2014,2002,남,6,초등,초등,1,2,2,N
bbf3b58a1575,2014,2003,남,5,초등,초등,3,8,2,N
bc090871124c,2014,2004,여,4,초등,초등,2,5,1|2,N
bc5c3aa8cafb,2014,1997,여,11,고등,고등,2,4,2,N
bcfaf780b48e,2014,1999,여,9,중등,중등,3,10,2,N
bdabb8bc24b0,2014,1968,여,40,대학·일반,대학·일반,2,4,2,N
be223cde0f92,2014,1997,남,11,고등,고등,8,26,2,Y
be32ea79ef79,2014,2002,여,6,초등,초등,3,9,2,N
be908d8b267f,2014,1996,여,12,고등,고등,7,53,2,Y
bea18b3f73cd,2014,2002,남,6,초등,초등,4,21,2,N
c006ae12a94f,2014,2003,남,5,초등,초등,2,4,2,N
c037e685dd94,2014,1996,여,12,고등,고등,1,1,1,N
c088d6dfee2c,2014,1993,남,15,대학·일반,대학·일반,7,31,2,Y
c1496d6f19d5,2014,2005,남,3,초등,초등,4,13,2,N
c15b0b6411b1,2014,2000,여,8,중등,중등,4,10,2,N
c1ba2e390f11,2014,1999,남,9,중등,중등,3,11,2,N
c1e907f0d932,2014,2001,여,7,중등,초등,2,4,2,N
c21c87f50be3,2014,1999,남,9,중등,중등,8,16,1|2,Y
c2bfec1d2fc8,2014,2004,여,4,초등,초등,9,23,1|2,N
c2c2ac55fd3c,2014,2004,남,4,초등,초등,4,12,2,N
c31c57957ac5,2014,1995,남,13,대학·일반,대학·일반,7,23,2,Y
c3d174bd7b0d,2014,1994,여,14,대학·일반,대학·일반,8,49,2,Y
c3d39ae7c008,2014,2003,남,5,초등,초등,2,6,2,N
c40477783db4,2014,2001,남,7,중등,중등,2,5,2,N
c421840b954a,2014,2004,남,4,초등,초등,6,13,1|2,N
c4b324c94674,2014,1999,남,9,중등,중등,3,7,2,N
c5739e5bb80a,2014,2003,여,5,초등,초등,2,6,2,N
c584956e3254,2014,1997,남,11,고등,고등,7,44,2,Y
c5cd7dd40d89,2014,2000,남,8,중등,중등,2,5,2,N
c5d29e88f697,2014,1995,남,13,대학·일반,대학·일반,6,15,1,Y
c5f8853cdb58,2014,1995,여,13,대학·일반,고등,1,2,2,N
c748efda2f20,2014,2006,여,2,초등,초등,1,2,2,N
c82cacdbf6a7,2014,1996,남,12,고등,대학·일반,4,11,2,N
c8b15fe4ec56,2014,1993,여,15,대학·일반,대학·일반,5,11,2,N
c986ac4282ff,2014,1996,남,12,고등,고등,2,3,2,N
c9ce03fb973d,2014,2004,여,4,초등,초등,5,30,2,N
c9f60af2daaa,2014,2003,여,5,초등,초등,3,6,2,N
ca69b7d9fe0a,2014,2001,남,7,중등,초등,1,2,2,N
ca8235bbaac4,2014,2001,여,7,중등,중등,5,18,2,N
caade68ad452,2014,2001,남,7,중등,중등,4,10,2,N
cbff9bc32c05,2014,1998,남,10,고등,고등,3,6,2,N
cc4e2bfd2d0a,2014,2001,남,7,중등,중등,4,20,1|2,N
cc72db7f8429,2014,2005,남,3,초등,초등,2,5,2,N
cc8aacdad28a,2014,1995,남,13,대학·일반,대학·일반,6,23,2,Y
cca3d01fdc76,2014,2003,남,5,초등,초등,3,11,2,N
ccd4f861f9b0,2014,2000,남,8,중등,중등,4,22,2,N
cce216458cac,2014,2001,남,7,중등,중등,3,6,1|2,N
cd4405cdba61,2014,2002,남,6,초등,초등,10,35,1|2,N
ce5b9af28dd0,2014,2000,여,8,중등,중등,3,8,2,N
d1d65ce6c04c,2014,1969,남,39,대학·일반,대학·일반,2,5,2,N
d2529fb44dab,2014,1995,여,13,대학·일반,대학·일반,10,18,1,Y
d2840f067bbe,2014,2004,남,4,초등,초등,1,3,2,N
d3138c670a26,2014,2001,여,7,중등,중등,5,14,2,N
d36b68566313,2014,1989,남,19,대학·일반,대학·일반,2,4,2,N
d450334d5fda,2014,1993,남,15,대학·일반,대학·일반,7,30,2,Y
d4ed2844805e,2014,2004,여,4,초등,초등,6,18,2,N
d50402223788,2014,2000,남,8,중등,중등,3,16,2,N
d5272b79a481,2014,1994,여,14,대학·일반,대학·일반,6,10,1,Y
d56dbbf2fddf,2014,2005,여,3,초등,초등,1,3,2,N
d57de3d4a8bc,2014,2004,여,4,초등,초등,1,2,2,N
d66fe4ac13ba,2014,1992,남,16,대학·일반,대학·일반,6,14,1,Y
d6e04790b18f,2014,1998,남,10,고등,고등,6,12,1|2,N
d72476ecf35d,2014,2001,남,7,중등,초등,1,2,2,N
d747953dba4c,2014,1998,남,10,고등,고등,1,1,2,N
d7d7c6478ccd,2014,1995,남,13,대학·일반,대학·일반,8,29,2,Y
d7feb4abef2c,2014,1991,남,17,대학·일반,대학·일반,7,17,1,Y
d839ada55b1b,2014,2003,남,5,초등,초등,1,2,2,N
d95cbd5977dc,2014,2003,남,5,초등,초등,3,7,2,N
d97c2e899c27,2014,2002,여,6,초등,초등,10,23,1|2,Y
d9e65639ab1a,2014,2004,남,4,초등,초등,1,2,2,N
d9eb328b75b3,2014,1996,여,12,고등,고등,9,19,1,Y
da013bbf02f6,2014,2005,남,3,초등,초등,2,4,2,N
da074dfc95bc,2014,1996,남,12,고등,고등,9,30,1|2,Y
da2f19d481de,2014,1997,남,11,고등,고등,4,9,2,N
daee1077985a,2014,1995,남,13,대학·일반,고등,2,4,2,N
db1cdee67b02,2014,2004,남,4,초등,초등,1,2,1,N
db31f82ae07a,2014,2004,여,4,초등,초등,1,2,2,N
dc8c745638c5,2014,1999,여,9,중등,중등,1,2,2,N
de1a37e081c7,2014,1994,남,14,대학·일반,대학·일반,4,19,2,Y
def24c182562,2014,2003,남,5,초등,초등,2,4,2,N
df0e87cc1575,2014,1997,여,11,고등,고등,9,44,1|2,Y
e02e5ece24f5,2014,1988,남,20,대학·일반,대학·일반,7,39,2,Y
e0c8d6d91885,2014,1996,남,12,고등,대학·일반,9,42,2,Y
e188f6b0bb45,2014,2000,남,8,중등,중등,1,2,2,N
e1d66b71c09e,2014,2003,여,5,초등,초등,2,5,2,N
e2049ad004d8,2014,2002,여,6,초등,초등,3,11,2,N
e353f8b619cb,2014,1993,남,15,대학·일반,대학·일반,7,25,2,Y
e376b8d1e5d2,2014,1989,남,19,대학·일반,대학·일반,1,2,2,N
e37d609ba13f,2014,2003,여,5,초등,초등,4,16,2,N
e3bd567ad8c2,2014,1992,남,16,대학·일반,대학·일반,1,1,1,N
e3be26585644,2014,2004,남,4,초등,초등,6,34,2,N
e469e6b40124,2014,2002,여,6,초등,초등,6,15,1|2,N
e4d61d3247ba,2014,2005,남,3,초등,초등,1,2,2,N
e52eb36bd534,2014,1991,남,17,대학·일반,대학·일반,9,21,1,Y
e689dd10acfb,2014,2004,여,4,초등,초등,2,4,2,N
e720070cc73c,2014,2006,남,2,초등,초등,3,9,2,N
e93b65fce5f2,2014,2001,여,7,중등,중등,5,17,2,N
e94ab0bb5548,2014,1997,여,11,고등,고등,7,38,2,Y
ea19b07c0d7f,2014,2005,여,3,초등,초등,3,11,2,N
eab97c2399f1,2014,2004,여,4,초등,초등,2,6,2,N
eaeb01f670de,2014,2006,여,2,초등,초등,6,22,2,N
eb70a3657ce7,2014,2004,여,4,초등,초등,1,2,2,N
ec08969c46d4,2014,2003,남,5,초등,초등,2,4,2,N
ed0f7261e428,2014,1994,여,14,대학·일반,대학·일반,1,2,2,N
ed73a9876f68,2014,2005,남,3,초등,초등,1,2,2,N
edb357db45c8,2014,1991,남,17,대학·일반,대학·일반,4,25,2,Y
ee2fac977bde,2014,1996,여,12,고등,고등,1,2,2,N
ef363251abb0,2014,2001,여,7,중등,중등,2,5,2,N
ef84de6825c0,2014,2000,여,8,중등,중등,1,2,2,N
f0fea5dc711f,2014,1997,남,11,고등,고등,5,16,2,Y
f1063e4b08f2,2014,1992,남,16,대학·일반,대학·일반,1,2,2,N
f145e63d5ed5,2014,1993,여,15,대학·일반,대학·일반,4,11,1,Y
f17bd9cb7818,2014,1989,남,19,대학·일반,대학·일반,2,18,2,Y
f20265612a9a,2014,2003,남,5,초등,초등,3,9,2,N
f36581183f7b,2014,1999,남,9,중등,중등,3,11,2,N
f36602b19d2d,2014,2000,여,8,중등,중등,8,43,2,Y
f3b59652bbcf,2014,1950,남,58,대학·일반,대학·일반,1,2,2,N
f414a1a6a5bf,2014,2003,남,5,초등,초등,4,13,2,N
f47f31b344a7,2014,1988,남,20,대학·일반,대학·일반,5,12,1,Y
f4d2a5032915,2014,1998,여,10,고등,고등,8,38,2,Y
f5826bc39d6d,2014,2003,여,5,초등,초등,2,7,2,N
f6384e0bfbd8,2014,2004,남,4,초등,초등,4,13,2,N
f6951d95cd22,2014,2005,남,3,초등,초등,3,6,2,N
f69ffb12d14e,2014,2002,남,6,초등,초등,2,8,2,N
f6b5db5b466b,2014,2002,여,6,초등,초등,1,2,2,N
f6c165689145,2014,1996,남,12,고등,고등,7,42,2,Y
f796ab9cbb06,2014,2002,여,6,초등,초등,1,2,2,N
f7b21c318096,2014,1987,남,21,대학·일반,대학·일반,7,35,2,Y
f8bbc50957b9,2014,1999,여,9,중등,중등,2,4,2,N
f9485279a90f,2014,1995,여,13,대학·일반,대학·일반,7,40,2,Y
f9a6feac201c,2014,2003,여,5,초등,초등,1,2,2,N
faf222e8aacc,2014,1996,남,12,고등,고등,7,33,2,Y
fcaf4a531687,2014,1991,남,17,대학·일반,대학·일반,11,23,1|2,Y
fd65df9d9852,2014,2004,여,4,초등,초등,1,4,2,N
fd6ad2e1ace5,2014,1998,남,10,고등,고등,6,35,2,Y
fdcd1a7159de,2014,2004,남,4,초등,초등,6,11,1|2,N
fe27d7864e4e,2014,2002,남,6,초등,초등,6,33,2,N
fe3cef2855f3,2014,2005,남,3,초등,초등,3,8,2,N
001deb32ccba,2015,1999,여,10,고등,고등,6,20,2,Y
005bc47c322f,2015,2000,여,9,중등,중등,1,2,2,N
0065fa277ae2,2015,2007,여,2,초등,초등,2,11,2,N
014e579fb01e,2015,2003,남,6,초등,초등,4,16,2,N
01e81df1b330,2015,2005,남,4,초등,초등,6,28,2,N
024cc1e28761,2015,2001,여,8,중등,중등,1,2,2,N
0296a68b22c2,2015,2003,남,6,초등,초등,6,37,2,N
0297fb5515f4,2015,2005,남,4,초등,초등,4,17,2,N
0415a9e7c846,2015,2002,남,7,중등,중등,3,6,2,N
0434e5d4dea7,2015,2004,남,5,초등,초등,3,9,2,N
04a963b500f6,2015,1998,여,11,고등,고등,12,36,1|2,Y
04ddae787493,2015,2005,남,4,초등,초등,4,31,2,N
058ea815622d,2015,1999,여,10,고등,고등,5,14,2,N
0707e8137993,2015,2001,남,8,중등,중등,4,15,2,N
0716360d5f0f,2015,1995,남,14,대학·일반,대학·일반,6,22,2,Y
0732e417b848,2015,2002,여,7,중등,중등,3,7,2,N
0869bb010f94,2015,2003,여,6,초등,초등,1,2,2,N
08db8b732de5,2015,2004,남,5,초등,초등,5,36,2,N
0977d67a2b28,2015,2002,여,7,중등,중등,8,14,1,Y
0a0aa4553d6d,2015,2003,남,6,초등,초등,1,2,2,N
0a2de10b61d7,2015,2000,여,9,중등,중등,8,40,2,Y
0a4bf9101fa7,2015,2008,여,1,초등,초등,2,7,2,N
0a72271a9015,2015,2007,남,2,초등,초등,5,25,2,N
0ab88cfb98bc,2015,2005,여,4,초등,초등,4,16,2,N
0ad6f1d603a9,2015,2001,여,8,중등,중등,2,5,2,N
0af1f8641a01,2015,1993,남,16,대학·일반,대학·일반,5,20,2,N
0b0d5f9ed4ff,2015,1997,여,12,고등,고등,6,19,2,Y
0b1a5b66a82c,2015,1992,남,17,대학·일반,대학·일반,1,1,2,N
0b445b8581e0,2015,2006,여,3,초등,초등,4,12,2,N
0b5d63780e46,2015,2000,남,9,중등,중등,1,4,2,N
0db5810a67de,2015,1992,남,17,대학·일반,대학·일반,3,30,2,Y
0e4a4211ca83,2015,2000,여,9,중등,중등,1,2,2,N
0e4bd541361f,2015,1968,남,41,대학·일반,대학·일반,2,4,2,N
0ea41de03207,2015,1972,남,37,대학·일반,대학·일반,1,1,2,N
0eb94a521cd7,2015,2007,남,2,초등,초등,5,14,1|2,N
0f3c3a1288c4,2015,1997,남,12,고등,고등,6,32,2,Y
0f3daa823e81,2015,2005,남,4,초등,초등,6,31,2,N
0f41fbece094,2015,1995,남,14,대학·일반,대학·일반,6,20,2,Y
103a8754af0f,2015,2005,남,4,초등,초등,2,6,2,N
10b6568c55cd,2015,2003,여,6,초등,초등,2,5,2,N
10f37f9a6472,2015,2003,남,6,초등,초등,1,2,2,N
113fb563e142,2015,1999,남,10,고등,고등,7,19,2,Y
11765433ccaa,2015,1961,남,48,대학·일반,대학·일반,1,2,1,N
118e90000d73,2015,2000,남,9,중등,중등,8,54,2,Y
118f70bb9fae,2015,2006,남,3,초등,초등,2,5,2,N
11f970f7f448,2015,1997,남,12,고등,고등,8,44,2,Y
120a8bdd9867,2015,1994,남,15,대학·일반,대학·일반,1,2,2,N
127e6c8048ef,2015,2004,여,5,초등,초등,4,20,2,N
12857deb2953,2015,1998,여,11,고등,고등,10,25,1,Y
1292d69c4caf,2015,2004,남,5,초등,초등,4,9,2,N
1423282e3a6d,2015,2000,남,9,중등,중등,4,10,2,Y
14a21cfa416a,2015,1993,여,16,대학·일반,대학·일반,7,29,2,Y
150a58864864,2015,2002,여,7,중등,중등,2,5,2,N
1554e7685232,2015,2005,남,4,초등,초등,1,2,2,N
15550bfbbcd9,2015,2000,여,9,중등,중등,5,12,2,Y
161bde0d5b2c,2015,1998,남,11,고등,고등,1,2,2,N
1649ff9df336,2015,2001,여,8,중등,중등,9,19,1|2,Y
1652b342aa99,2015,2004,남,5,초등,초등,7,14,1|2,Y
167a9f4bce74,2015,2002,남,7,중등,중등,4,14,2,N
167c1840e74e,2015,2003,여,6,초등,초등,5,28,2,N
169491b323b3,2015,2007,여,2,초등,초등,2,3,2,N
16cd2e8e210c,2015,2004,남,5,초등,초등,4,10,2,N
16d89eed9e82,2015,2001,여,8,중등,중등,7,43,2,Y
16e3e7d91fc7,2015,1998,여,11,고등,고등,12,25,1|2,Y
16e8c6d7367d,2015,1992,여,17,대학·일반,대학·일반,6,18,1|2,Y
16edf8e09327,2015,2003,여,6,초등,초등,3,9,2,N
1766851ca86f,2015,2004,여,5,초등,초등,4,11,2,N
17b5beb812b1,2015,1961,여,48,대학·일반,대학·일반,2,4,2,N
17e7c6ce5ee3,2015,1989,남,20,대학·일반,대학·일반,6,19,1|2,Y
188452e8c262,2015,2003,남,6,초등,초등,5,22,2,N
18ee553f4b1f,2015,1997,남,12,고등,고등,6,16,1|2,Y
1904fad76ae4,2015,2002,남,7,중등,중등,5,30,2,N
19be99f59bab,2015,2000,남,9,중등,중등,3,7,2,Y
19dbab644b2c,2015,2002,남,7,중등,중등,2,6,2,N
1b136bac69d8,2015,2005,남,4,초등,초등,4,9,2,N
1c1883e3e060,2015,1988,남,21,대학·일반,대학·일반,1,2,2,N
1c5e68f84cf3,2015,1998,남,11,고등,고등,3,25,2,Y
1c75a270f566,2015,1994,여,15,대학·일반,대학·일반,1,1,1,N
1e8ea6bb7227,2015,2001,여,8,중등,중등,1,2,2,N
1ecea82d2c2b,2015,2005,여,4,초등,초등,4,21,2,N
1f0954e96210,2015,1989,남,20,대학·일반,대학·일반,3,25,2,Y
1f0f26f535e5,2015,1991,여,18,대학·일반,대학·일반,6,34,2,Y
1f1e159f8f26,2015,2006,남,3,초등,초등,5,22,2,N
1f7edacccc17,2015,1997,여,12,고등,,2,22,2,Y
1fa4b3503083,2015,1993,남,16,대학·일반,대학·일반,1,2,2,N
1fffc171f46e,2015,2005,여,4,초등,초등,6,36,2,N
213dd96bc532,2015,1994,남,15,대학·일반,대학·일반,5,9,1,Y
22196f1cb541,2015,1997,남,12,고등,고등,3,7,2,N
225fb455c010,2015,1993,남,16,대학·일반,대학·일반,5,27,2,N
22c70867823a,2015,1993,남,16,대학·일반,대학·일반,7,44,2,Y
233b40519c1a,2015,1997,여,12,고등,고등,8,32,2,Y
2396bd738793,2015,1998,남,11,고등,고등,7,22,2,Y
23fdd3113f3e,2015,1994,여,15,대학·일반,대학·일반,6,20,2,Y
2454cfd13999,2015,2002,남,7,중등,중등,4,10,2,N
25aaa6f75c68,2015,1997,여,12,고등,고등,3,6,2,N
26c658d9a885,2015,2000,남,9,중등,중등,1,2,2,N
26d5bb612f35,2015,1993,남,16,대학·일반,대학·일반,3,27,2,Y
26e4ba0ba01a,2015,2006,여,3,초등,초등,3,15,2,N
26f77e512a43,2015,2003,여,6,초등,초등,4,21,2,N
275b1a236e1d,2015,1999,여,10,고등,고등,8,32,2,Y
2796274b6b7c,2015,1989,남,20,대학·일반,대학·일반,7,19,1|2,Y
27a311a342ee,2015,2000,여,9,중등,중등,7,15,1,Y
28133b25877f,2015,2007,여,2,초등,초등,6,20,1|2,N
284c016663a5,2015,2000,여,9,중등,중등,9,50,2,Y
284cc082d4eb,2015,1990,여,19,대학·일반,대학·일반,4,10,2,N
2909bacf2b4c,2015,1990,남,19,대학·일반,대학·일반,6,23,2,Y
29ca9430c4f3,2015,2003,남,6,초등,초등,3,7,2,N
2aabf340c840,2015,2003,남,6,초등,초등,2,5,2,N
2af4aa3d8347,2015,1993,여,16,대학·일반,대학·일반,6,20,2,Y
2b5f31869781,2015,1997,여,12,고등,고등,8,43,2,Y
2bca6a71c5fc,2015,2002,남,7,중등,초등,1,2,2,N
2bd45abdf686,2015,1996,여,13,대학·일반,대학·일반,8,24,1|2,Y
2cd17c6a3c6f,2015,1990,남,19,대학·일반,대학·일반,1,2,2,N
2d414e0ee830,2015,1999,남,10,고등,고등,6,12,1|2,N
2d46caf4d922,2015,1994,남,15,대학·일반,대학·일반,7,38,2,Y
2de0b6fa1524,2015,2002,여,7,중등,중등,3,6,2,N
2dfec49bed16,2015,1990,남,19,대학·일반,대학·일반,2,4,2,N
2e112b6ec914,2015,1998,여,11,고등,고등,1,2,2,N
2e38a14cc4fd,2015,1999,여,10,고등,중등,1,2,2,N
2e3ecd473e83,2015,2007,남,2,초등,초등,1,10,2,N
2ec6cabddf10,2015,2004,남,5,초등,초등,4,14,2,N
2ed3bf62cc16,2015,1999,남,10,고등,고등,11,26,1|2,Y
2f428e11b789,2015,1996,남,13,대학·일반,대학·일반,9,44,1|2,Y
2f7602dab9b3,2015,2001,남,8,중등,중등,1,2,2,N
2fb9c2bbf582,2015,2004,여,5,초등,초등,6,36,2,N
2ff6be4028fb,2015,2001,여,8,중등,중등,1,1,2,N
30525392671e,2015,2004,남,5,초등,초등,6,28,2,N
30694b5c1800,2015,1999,남,10,고등,고등,4,8,2,N
31deaa043f12,2015,1997,여,12,고등,대학·일반,5,12,2,Y
322d4e835fea,2015,1999,남,10,고등,고등,9,48,2,Y
3281617690c3,2015,1995,남,14,대학·일반,대학·일반,9,19,1,Y
328770e41a9e,2015,1998,남,11,고등,고등,5,10,2,Y
32c25d65e95d,2015,2003,남,6,초등,초등,3,6,2,N
32c8f1560d3a,2015,1999,여,10,고등,고등,9,52,2,Y
33039690841f,2015,2005,남,4,초등,초등,3,8,2,N
33fd4496b754,2015,1998,남,11,고등,고등,1,2,2,N
34053d95f43c,2015,2001,남,8,중등,중등,3,9,2,N
348482c924d6,2015,2001,남,8,중등,중등,2,4,2,N
37e213997ab5,2015,2002,여,7,중등,중등,3,13,2,N
383a7e1421ff,2015,2007,여,2,초등,초등,3,15,2,N
38b0125c6b0d,2015,2002,남,7,중등,중등,3,7,2,N
38c58d240e01,2015,2004,여,5,초등,초등,3,8,2,N
3911bcdd188b,2015,1998,남,11,고등,고등,9,18,1,Y
39289c0b69e5,2015,1998,남,11,고등,고등,7,23,2,Y
397690615298,2015,2008,남,1,초등,초등,5,13,2,N
39ec2aeda4cc,2015,2003,여,6,초등,초등,1,1,1,N
39f6621d7e2b,2015,1995,여,14,대학·일반,대학·일반,3,22,2,Y
39fa8705d0ce,2015,2003,남,6,초등,초등,4,9,2,N
3a0f8e787acb,2015,2000,여,9,중등,중등,7,28,2,Y
3a9d9db31540,2015,2005,남,4,초등,초등,1,2,2,N
3aea36751045,2015,2007,남,2,초등,초등,3,16,2,N
3b8c3f7937a3,2015,1991,여,18,대학·일반,대학·일반,3,22,2,Y
3bcccfa4b437,2015,2006,남,3,초등,초등,5,11,2,N
3c4cff57b8af,2015,2005,남,4,초등,초등,3,12,2,N
3d50fc7659e6,2015,2002,남,7,중등,중등,5,16,2,N
3e6ab97ffe8c,2015,1984,남,25,대학·일반,대학·일반,1,2,2,N
3f7c555ea72a,2015,2004,남,5,초등,초등,1,2,2,N
408a8e6caa8b,2015,2005,여,4,초등,초등,4,13,2,N
417c628db173,2015,1996,남,13,대학·일반,고등,1,1,2,N
41b2721fe2b1,2015,1999,여,10,고등,고등,1,1,2,N
41d3b04611d6,2015,2000,남,9,중등,중등,5,15,2,Y
41e064c7fd45,2015,1968,여,41,대학·일반,대학·일반,1,2,2,N
42a7b66e8afe,2015,2007,남,2,초등,초등,2,9,2,N
42bb2f3789d2,2015,2001,여,8,중등,중등,4,10,2,N
4413d0e24fe3,2015,2002,남,7,중등,중등,5,25,2,N
446e5d32425d,2015,2003,남,6,초등,초등,3,9,2,N
44836eb7c1c3,2015,2007,남,2,초등,초등,2,4,2,N
44925cd27ceb,2015,1997,여,12,고등,고등,1,2,2,N
44ce8b98600d,2015,1989,여,20,대학·일반,대학·일반,4,8,2,N
4529e6f7aedd,2015,2004,여,5,초등,초등,5,16,2,N
45d7ea66548c,2015,2002,남,7,중등,중등,1,2,2,N
460e91d9808f,2015,2006,여,3,초등,초등,5,21,2,N
466eb7765b52,2015,1998,남,11,고등,고등,1,2,2,N
46c211450ef5,2015,2005,남,4,초등,초등,6,13,1|2,Y
46cdfe4b94d7,2015,2008,남,1,초등,초등,3,9,2,N
4773cab8f530,2015,1994,남,15,대학·일반,대학·일반,6,30,2,Y
47cf057207fd,2015,2002,남,7,중등,중등,1,1,2,N
47f9701de090,2015,2004,남,5,초등,초등,4,22,2,N
48313f2d5189,2015,2004,여,5,초등,초등,4,16,2,N
483ab294e424,2015,2000,남,9,중등,중등,4,12,2,Y
4850a02ac453,2015,2002,여,7,중등,초등,1,2,2,N
48c0037b849a,2015,1995,여,14,대학·일반,대학·일반,4,22,2,Y
49168e7c35ea,2015,2005,여,4,초등,초등,1,1,2,N
493845816306,2015,1964,남,45,대학·일반,대학·일반,1,2,2,N
4998dc521b62,2015,2006,남,3,초등,초등,1,1,2,N
49fef45ce8d1,2015,1999,남,10,고등,고등,5,10,2,Y
4a5a12b8a207,2015,2002,남,7,중등,중등,4,12,2,N
4abde24943d8,2015,2003,남,6,초등,초등,6,38,2,N
4be41b1f593d,2015,1970,남,39,대학·일반,대학·일반,1,1,2,N
4c727e166aac,2015,2003,남,6,초등,초등,5,24,2,N
4d43bd05a22c,2015,2002,여,7,중등,초등,3,3,1,Y
4dba92af88cd,2015,2001,남,8,중등,중등,1,2,2,N
4dbff7907bec,2015,1968,여,41,대학·일반,대학·일반,2,4,2,N
4e6b997a8725,2015,1989,여,20,대학·일반,대학·일반,4,10,2,N
4e8a8863cf5f,2015,2003,여,6,초등,초등,1,2,2,N
4eca8593e9d0,2015,1966,남,43,대학·일반,대학·일반,1,2,2,N
4eeb42a13b44,2015,1999,여,10,고등,중등,1,2,2,N
4f0587b605c0,2015,1999,남,10,고등,고등,9,65,2,Y
4f42cd0206f2,2015,1989,남,20,대학·일반,대학·일반,1,2,2,N
4f8aa9e33e5b,2015,2004,여,5,초등,초등,1,3,2,N
5043b9c52030,2015,2001,여,8,중등,중등,1,1,2,N
508141dc88d9,2015,1999,남,10,고등,고등,5,20,2,Y
50bb4357045f,2015,1999,남,10,고등,고등,7,37,2,Y
511a5228e6b7,2015,2004,여,5,초등,초등,3,9,2,N
5140194a098d,2015,1993,남,16,대학·일반,대학·일반,3,24,2,Y
5218f509db6e,2015,2006,여,3,초등,초등,1,2,2,N
523d6cf9c251,2015,2002,남,7,중등,중등,6,11,1,Y
52dd877d418e,2015,2006,남,3,초등,초등,6,30,2,N
52fb82ab3a08,2015,1990,남,19,대학·일반,대학·일반,7,29,2,Y
536d965b09a5,2015,2005,남,4,초등,초등,3,6,2,N
5481d841122a,2015,1997,남,12,고등,고등,2,4,2,N
549b3ef90844,2015,2006,남,3,초등,초등,1,2,2,N
54d60445f014,2015,2004,여,5,초등,초등,1,2,2,N
5569426f0783,2015,2001,여,8,중등,중등,5,30,2,N
562ecc66a7be,2015,2003,남,6,초등,중등,5,18,2,N
570ba29fd1bf,2015,1997,남,12,고등,고등,5,13,2,Y
573b36bd28b1,2015,1997,남,12,고등,고등,7,29,2,Y
58841b315fee,2015,2005,여,4,초등,초등,6,16,1|2,Y
58ec54b90c37,2015,2003,여,6,초등,초등,6,39,2,N
5979e84dd54c,2015,1998,여,11,고등,고등,3,6,2,N
59ca4969380f,2015,2001,여,8,중등,중등,1,1,2,N
5ba6602282a6,2015,1998,여,11,고등,고등,2,3,2,N
5c75f5194b15,2015,1990,남,19,대학·일반,대학·일반,4,10,2,N
5d1528b228c1,2015,1998,남,11,고등,고등,3,7,2,N
5d21baafba1d,2015,2007,남,2,초등,초등,4,15,2,N
5e7fa52b4d83,2015,2001,여,8,중등,중등,4,8,1|2,Y
5eb13f527fe7,2015,1992,여,17,대학·일반,대학·일반,6,21,2,Y
5fe86adbe1da,2015,2003,여,6,초등,초등,1,2,2,N
61b018a28cc5,2015,1998,남,11,고등,고등,6,14,2,Y
61cadab7573c,2015,2001,남,8,중등,중등,5,29,2,N
62c11a801dcd,2015,1988,남,21,대학·일반,대학·일반,6,17,2,Y
6352595f975c,2015,1992,남,17,대학·일반,대학·일반,4,12,2,N
63562ae9c7d7,2015,1979,여,30,대학·일반,대학·일반,1,2,2,N
635aaabb0921,2015,2002,여,7,중등,중등,4,8,2,N
64762911db97,2015,1993,남,16,대학·일반,대학·일반,8,19,1,Y
64b7cfce3630,2015,2004,남,5,초등,초등,2,5,2,N
65c97bda99d0,2015,2002,남,7,중등,중등,5,29,2,N
65dd4577519a,2015,1991,남,18,대학·일반,대학·일반,4,10,2,Y
662b51f36011,2015,1998,남,11,고등,고등,7,25,2,Y
67a72efc0413,2015,2000,여,9,중등,고등,7,21,2,Y
67c0ed2bff8d,2015,2001,여,8,중등,중등,1,2,2,N
67dc6ccd9ffa,2015,2004,남,5,초등,초등,4,21,2,N
67f0f58a3c01,2015,2003,남,6,초등,초등,3,8,2,N
686a9d0d21ef,2015,1990,남,19,대학·일반,대학·일반,1,2,2,N
6a1768916603,2015,1990,여,19,대학·일반,대학·일반,6,22,2,Y
6b1054af486e,2015,1995,여,14,대학·일반,대학·일반,6,12,1|2,N
6b1db24cd950,2015,1999,남,10,고등,고등,7,13,1|2,Y
6b6217835a81,2015,1993,남,16,대학·일반,대학·일반,1,2,2,N
6bf5d106417f,2015,2003,여,6,초등,초등,10,23,1|2,Y
6c00c5ca3cc8,2015,2004,여,5,초등,초등,7,13,1,Y
6c3de0c95546,2015,2004,여,5,초등,초등,6,28,2,N
6d16ce9fa92e,2015,1988,여,21,대학·일반,대학·일반,3,6,2,N
6eb4cb0c489c,2015,1983,여,26,대학·일반,대학·일반,3,9,1|2,Y
6f2d2c17ec51,2015,2001,여,8,중등,중등,4,9,2,N
6f374c6e8468,2015,1998,남,11,고등,고등,8,41,2,Y
6f6e2706dbe3,2015,2002,여,7,중등,중등,5,27,2,N
6fc419889959,2015,2003,남,6,초등,초등,8,15,1,Y
703d71ebe1bf,2015,1990,남,19,대학·일반,대학·일반,5,21,2,Y
706d471e6675,2015,2001,남,8,중등,중등,4,17,2,N
715cec6a3d40,2015,1998,남,11,고등,고등,8,48,2,Y
735ef2d955de,2015,1998,남,11,고등,고등,11,25,1|2,Y
73a11d1749e0,2015,2002,여,7,중등,초등,1,2,2,N
74378e73b1d8,2015,2005,여,4,초등,초등,5,18,2,N
746395bcfe77,2015,2006,남,3,초등,초등,1,1,2,N
74f273f351ad,2015,2003,남,6,초등,초등,1,2,2,N
751c1cad9993,2015,2005,여,4,초등,초등,5,18,2,N
753bb60c91d8,2015,2005,남,4,초등,초등,4,19,2,N
75404397362c,2015,2001,남,8,중등,중등,7,34,2,Y
75613589746d,2015,1996,남,13,대학·일반,대학·일반,8,34,2,Y
764783edc41e,2015,2002,남,7,중등,중등,7,13,1,Y
76bc3daea3bf,2015,2003,남,6,초등,초등,2,5,2,N
76d8fe29a9c0,2015,1970,여,39,대학·일반,대학·일반,2,4,2,N
77617321cea7,2015,2004,남,5,초등,초등,1,2,2,N
77aea32d94e2,2015,1995,여,14,대학·일반,대학·일반,6,25,2,Y
78025bc6e3af,2015,1997,남,12,고등,고등,3,6,2,N
7876cab2be0f,2015,1999,남,10,고등,중등,1,2,2,N
7888da2a2b75,2015,1993,남,16,대학·일반,대학·일반,10,25,1|2,Y
78b743c5bff1,2015,1992,여,17,대학·일반,대학·일반,6,20,2,Y
79ae0d5998d5,2015,1993,여,16,대학·일반,대학·일반,7,32,2,Y
7a3cd2cacc72,2015,2004,여,5,초등,초등,3,7,2,N
7a5d1abbdb9a,2015,1999,여,10,고등,고등,6,15,1|2,N
7abf37c335c1,2015,1990,남,19,대학·일반,대학·일반,7,35,2,Y
7b1e95e175d5,2015,2003,남,6,초등,초등,6,41,2,N
7ba47907d375,2015,1994,남,15,대학·일반,대학·일반,4,4,1,Y
7c51c324e1de,2015,2004,남,5,초등,초등,3,9,2,N
7d57891e0e52,2015,2001,남,8,중등,중등,2,6,2,N
7d6f38807c1b,2015,2007,남,2,초등,초등,3,8,2,N
7dad824c884d,2015,1992,여,17,대학·일반,대학·일반,6,22,2,Y
7ddf4c2f3cab,2015,1997,남,12,고등,고등,8,19,1,Y
7e095e43f771,2015,2002,남,7,중등,중등,2,4,2,N
7e3ca13abba0,2015,2002,남,7,중등,초등,1,2,2,N
7fad02e54fdc,2015,1996,남,13,대학·일반,대학·일반,5,15,2,Y
800ace85c214,2015,2003,여,6,초등,초등,1,2,2,N
808dc07732e7,2015,1999,남,10,고등,고등,6,12,1|2,Y
80ad9e3868fd,2015,2002,남,7,중등,중등,7,15,1|2,N
80b041eca001,2015,2000,남,9,중등,중등,7,35,2,Y
80b86f7b6f4f,2015,2007,여,2,초등,초등,1,2,2,N
80c4d263fbe5,2015,2008,남,1,초등,초등,3,8,2,N
811dec6e3ad3,2015,1994,남,15,대학·일반,대학·일반,7,49,2,Y
818918888c8b,2015,2004,남,5,초등,초등,5,26,2,N
81a07ce06484,2015,2003,남,6,초등,초등,5,20,2,N
81ecef03ce53,2015,1999,남,10,고등,고등,11,28,1|2,Y
82baf36eaef3,2015,1958,남,51,대학·일반,대학·일반,2,4,2,N
834b3abb10c4,2015,2001,여,8,중등,중등,3,10,2,N
83ffa1f62966,2015,2004,여,5,초등,초등,3,11,2,N
84587278c6a2,2015,2002,남,7,중등,중등,3,7,2,N
8464b1f47861,2015,2002,여,7,중등,중등,5,27,2,N
848ae7cf03ef,2015,1993,남,16,대학·일반,대학·일반,2,4,2,N
857f6e20752f,2015,2005,남,4,초등,초등,3,7,2,N
85abaa27a28c,2015,2003,여,6,초등,초등,2,5,2,N
861ad43d3e68,2015,2003,여,6,초등,초등,5,22,2,N
86887407de94,2015,1986,여,23,대학·일반,대학·일반,1,2,2,N
871e9c31a0f5,2015,2003,여,6,초등,초등,1,2,2,N
874faf790003,2015,2004,남,5,초등,초등,1,2,2,N
8752cf1a5d43,2015,2005,여,4,초등,초등,1,1,2,N
88093090462f,2015,2000,남,9,중등,중등,7,15,1|2,Y
8813b3e58801,2015,1992,남,17,대학·일반,대학·일반,4,20,2,Y
8898cfc8efc8,2015,2004,여,5,초등,초등,5,13,2,N
8920b85c7a8e,2015,2003,남,6,초등,초등,3,9,2,N
8970c464b9f4,2015,1993,남,16,대학·일반,대학·일반,9,26,1|2,Y
89b0496fdeca,2015,1999,여,10,고등,중등,2,2,2,N
8a7c36f9cff8,2015,2000,남,9,중등,중등,4,23,2,N
8afdacb7e027,2015,2000,남,9,중등,중등,6,32,2,Y
8ba8685a7a99,2015,1998,남,11,고등,고등,1,2,2,N
8be3acddedb2,2015,2005,남,4,초등,초등,3,12,2,N
8c1f0bb5bd9e,2015,1993,남,16,대학·일반,대학·일반,6,13,1|2,Y
8c2914cf58de,2015,2003,여,6,초등,초등,3,7,2,N
8c4266877532,2015,2005,여,4,초등,초등,1,2,2,N
8c464f28a5bd,2015,1998,여,11,고등,고등,8,28,2,Y
8cd44ee59ba5,2015,1997,여,12,고등,고등,1,2,2,N
8d741f47a76f,2015,2002,남,7,중등,중등,4,11,2,N
8dac74f2ca04,2015,2003,남,6,초등,초등,3,7,2,N
8df5ded40bc8,2015,1999,여,10,고등,고등,7,33,2,Y
8dfbd2942ac5,2015,1998,여,11,고등,고등,6,21,2,Y
8e4fe3b85160,2015,2002,남,7,중등,중등,5,14,1|2,N
8e937c37ff03,2015,2004,남,5,초등,초등,3,8,2,N
8ec9a37d1317,2015,1998,남,11,고등,고등,2,5,2,N
8f46bcdf68e5,2015,1997,남,12,고등,대학·일반,8,37,2,Y
8fb95de7ad39,2015,2004,여,5,초등,초등,6,38,2,N
900df6910556,2015,1999,여,10,고등,고등,7,55,2,Y
901191ef2410,2015,2002,남,7,중등,중등,1,2,2,N
91091850dad2,2015,2001,남,8,중등,중등,6,24,2,Y
9140e2ad0fc1,2015,2000,남,9,중등,중등,3,11,2,N
91b2404fb38a,2015,1991,남,18,대학·일반,대학·일반,5,15,2,Y
91caa93ee855,2015,2006,여,3,초등,초등,5,20,2,N
9222fdaf4c9d,2015,1997,여,12,고등,고등,7,21,1|2,Y
93066727a19c,2015,2006,남,3,초등,초등,6,22,2,N
93535f0fb85d,2015,1985,여,24,대학·일반,대학·일반,6,33,2,Y
935835189e37,2015,2003,여,6,초등,초등,6,29,2,N
93ea3ce3de52,2015,1995,여,14,대학·일반,대학·일반,5,10,1|2,N
94677631a5cb,2015,1996,남,13,대학·일반,대학·일반,6,27,2,Y
94e735494a95,2015,2005,여,4,초등,초등,5,21,2,N
94f9fae60885,2015,2005,남,4,초등,초등,2,5,2,N
95726957d4e1,2015,2002,남,7,중등,중등,4,12,2,N
9794df17eb6a,2015,1976,남,33,대학·일반,대학·일반,1,1,2,N
97a5718ca7a9,2015,1994,남,15,대학·일반,대학·일반,6,19,2,Y
97a646f615b5,2015,1997,남,12,고등,고등,6,37,2,Y
97b4816d62d6,2015,2001,남,8,중등,중등,3,11,2,N
983ec6748edb,2015,1996,여,13,대학·일반,대학·일반,6,22,2,Y
986ad5951944,2015,2006,남,3,초등,초등,2,5,2,N
98a24c345bc4,2015,2008,여,1,초등,초등,5,15,2,N
98cf8639bf81,2015,2001,여,8,중등,중등,6,29,2,Y
98d7288c7304,2015,1998,여,11,고등,고등,1,2,2,N
9935f4e0f7dd,2015,2002,남,7,중등,초등,3,14,2,N
99acf4fb41d5,2015,2007,남,2,초등,초등,1,2,2,N
9a0b23e8f1c8,2015,2002,여,7,중등,중등,4,8,2,N
9a3a6ed2ccb9,2015,2007,여,2,초등,초등,4,17,2,N
9b1407065833,2015,2000,남,9,중등,중등,5,11,2,Y
9b398f5e19cc,2015,2002,여,7,중등,중등,4,7,1|2,N
9c6e2c0608af,2015,2002,남,7,중등,중등,1,2,2,N
9c813608b570,2015,1967,남,42,대학·일반,대학·일반,1,2,2,N
9d848d9e6eac,2015,2002,여,7,중등,중등,6,12,1|2,N
9de8fc70ff15,2015,2003,남,6,초등,초등,4,27,2,N
9eb1a5e3bc35,2015,1966,여,43,대학·일반,대학·일반,2,4,2,N
9f20a85ae2a5,2015,2002,여,7,중등,중등,4,8,2,N
9f21cfa5870e,2015,2001,여,8,중등,중등,3,8,2,N
a00edd319d89,2015,1999,남,10,고등,고등,9,62,2,Y
a111bf8fa2a3,2015,2003,여,6,초등,초등,5,30,2,N
a14c9c5d78c6,2015,2002,남,7,중등,중등,6,10,1,Y
a1e378b3288d,2015,2007,남,2,초등,초등,2,7,2,N
a263dd328a25,2015,2004,남,5,초등,초등,1,1,2,N
a305c2ca5547,2015,1997,남,12,고등,대학·일반,7,20,1|2,Y
a32f03f3a702,2015,2002,남,7,중등,중등,1,2,2,N
a388696a931c,2015,2002,남,7,중등,중등,1,2,2,N
a38f3e36f334,2015,2008,여,1,초등,초등,4,12,2,N
a5126863855e,2015,2001,여,8,중등,중등,4,12,2,N
a6852bc3f5b9,2015,1995,남,14,대학·일반,대학·일반,6,18,2,Y
a7129272906b,2015,1999,여,10,고등,고등,7,47,2,Y
a765c0d58fea,2015,1985,여,24,대학·일반,대학·일반,6,20,2,Y
a7b2462b99b7,2015,2003,남,6,초등,초등,6,19,2,N
a7b993214f8d,2015,2000,여,9,중등,중등,8,58,2,Y
a8f865854d1b,2015,2005,남,4,초등,초등,1,3,2,N
a9a00c3521be,2015,2004,여,5,초등,초등,1,2,2,N
aa1d1e3a414e,2015,1998,남,11,고등,고등,1,2,2,N
aa5d4d1dfefc,2015,2002,남,7,중등,초등,1,2,2,N
aa5d996a35e9,2015,2002,남,7,중등,중등,6,18,1|2,N
aada36e9c982,2015,1999,남,10,고등,고등,5,10,2,Y
ab46aac2506d,2015,2004,여,5,초등,초등,4,11,2,N
abfbd31287f9,2015,2001,남,8,중등,중등,5,23,2,N
ac791540b2b5,2015,2006,여,3,초등,초등,1,2,2,N
ac9051c6491f,2015,1999,여,10,고등,고등,7,34,2,Y
acc1b5c9f0a5,2015,2003,여,6,초등,초등,1,2,2,N
adc91c1a07c8,2015,2002,여,7,중등,중등,4,9,2,N
ae079ebbad25,2015,2004,남,5,초등,초등,4,10,2,N
ae1d1fbaa694,2015,2003,여,6,초등,초등,3,8,2,N
ae54ca637228,2015,2004,남,5,초등,초등,5,19,2,N
ae60d7c64fb4,2015,2006,남,3,초등,초등,5,26,2,N
ae6dd5c70109,2015,1997,남,12,고등,고등,8,39,2,Y
aeb8813a42d9,2015,2000,남,9,중등,고등,6,21,2,Y
aeb951b6b89b,2015,2002,남,7,중등,중등,4,11,2,N
aeb98b62c2a1,2015,2001,여,8,중등,중등,1,2,2,N
af5f9ce8641e,2015,1996,남,13,대학·일반,대학·일반,6,47,2,Y
af613fde6bf6,2015,1993,여,16,대학·일반,대학·일반,7,41,2,Y
b0067433a4e5,2015,2000,남,9,중등,중등,1,2,2,N
b094d49dcf61,2015,2000,여,9,중등,중등,5,19,2,Y
b0cafd0da6f4,2015,2005,여,4,초등,초등,1,2,2,N
b18b368d31d8,2015,1994,남,15,대학·일반,대학·일반,8,20,1|2,Y
b23adf304bb3,2015,2002,여,7,중등,중등,4,10,2,N
b23ef5311053,2015,1996,남,13,대학·일반,대학·일반,3,22,2,Y
b24d80d3ed53,2015,2006,남,3,초등,초등,1,2,2,N
b284e3554557,2015,2004,여,5,초등,초등,1,3,2,N
b2b87b35e012,2015,2005,남,4,초등,초등,2,5,2,N
b3f6e5166563,2015,2001,여,8,중등,중등,1,2,2,N
b407980f8290,2015,2000,남,9,중등,중등,5,14,2,Y
b4ddd41883d4,2015,2000,남,9,중등,중등,4,9,2,N
b5919aedfb55,2015,2007,여,2,초등,초등,1,4,1|2,N
b59b2188aa9c,2015,2004,남,5,초등,초등,3,13,2,N
b5b94e97b0eb,2015,1989,여,20,대학·일반,대학·일반,4,13,2,N
b5c934579c5f,2015,2003,남,6,초등,초등,3,9,2,N
b5e12f4b2d19,2015,1992,여,17,대학·일반,대학·일반,4,8,1|2,Y
b6c954a76552,2015,2002,남,7,중등,중등,5,17,2,N
b7bb17f0d8f0,2015,1996,남,13,대학·일반,고등,1,2,2,N
b847ee6de612,2015,2004,남,5,초등,초등,3,6,2,N
b84a2a8ce26e,2015,2005,남,4,초등,초등,2,4,2,N
b8606a5bf2b3,2015,2000,남,9,중등,중등,4,11,2,Y
b9b4f5eea44b,2015,2004,남,5,초등,초등,2,8,2,N
b9d76942397b,2015,1988,남,21,대학·일반,대학·일반,6,21,2,Y
ba137adc112d,2015,1991,여,18,대학·일반,대학·일반,4,9,2,N
ba571c90b7e5,2015,2002,남,7,중등,중등,4,15,2,N
bac68acf29ff,2015,1992,여,17,대학·일반,대학·일반,4,11,2,N
bb938f82563f,2015,2002,남,7,중등,중등,1,1,2,N
bbf3b58a1575,2015,2003,남,6,초등,초등,5,22,2,N
bc090871124c,2015,2004,여,5,초등,초등,4,9,2,N
bc1f82eb21a3,2015,2007,여,2,초등,초등,4,16,2,N
bc5c3aa8cafb,2015,1997,여,12,고등,고등,1,2,2,N
bcfaf780b48e,2015,1999,여,10,고등,고등,7,36,2,Y
bdabb8bc24b0,2015,1968,여,41,대학·일반,대학·일반,1,2,2,N
be223cde0f92,2015,1997,남,12,고등,고등,7,24,2,Y
be5403820fd0,2015,2006,여,3,초등,초등,1,2,2,N
be908d8b267f,2015,1996,여,13,대학·일반,대학·일반,6,31,2,Y
bea18b3f73cd,2015,2002,남,7,중등,중등,3,9,2,N
c006ae12a94f,2015,2003,남,6,초등,초등,4,12,2,N
c088d6dfee2c,2015,1993,남,16,대학·일반,대학·일반,7,30,2,Y
c1496d6f19d5,2015,2005,남,4,초등,초등,6,23,2,N
c15b0b6411b1,2015,2000,여,9,중등,중등,6,27,2,Y
c1ba2e390f11,2015,1999,남,10,고등,중등,1,2,2,N
c1e907f0d932,2015,2001,여,8,중등,중등,2,3,2,N
c21c87f50be3,2015,1999,남,10,고등,고등,7,31,2,Y
c2bfec1d2fc8,2015,2004,여,5,초등,초등,9,19,1|2,Y
c2c2ac55fd3c,2015,2004,남,5,초등,초등,5,25,2,N
c2dd4fa0aaf9,2015,2006,여,3,초등,초등,2,4,2,N
c31c57957ac5,2015,1995,남,14,대학·일반,대학·일반,5,15,2,Y
c3845507716d,2015,2006,남,3,초등,초등,3,7,2,N
c3d174bd7b0d,2015,1994,여,15,대학·일반,대학·일반,4,21,2,Y
c3d39ae7c008,2015,2003,남,6,초등,초등,5,25,2,N
c40477783db4,2015,2001,남,8,중등,중등,3,12,2,N
c421840b954a,2015,2004,남,5,초등,초등,8,17,1|2,Y
c4b324c94674,2015,1999,남,10,고등,중등,1,2,2,N
c5739e5bb80a,2015,2003,여,6,초등,초등,5,23,2,N
c584956e3254,2015,1997,남,12,고등,대학·일반,7,49,2,Y
c5b88177f870,2015,2005,남,4,초등,초등,5,25,2,N
c5cd7dd40d89,2015,2000,남,9,중등,중등,3,9,2,Y
c5d29e88f697,2015,1995,남,14,대학·일반,대학·일반,8,21,1,Y
c748efda2f20,2015,2006,여,3,초등,초등,3,7,2,N
c82cacdbf6a7,2015,1996,남,13,대학·일반,대학·일반,6,15,2,Y
c8b15fe4ec56,2015,1993,여,16,대학·일반,대학·일반,4,8,2,N
c986ac4282ff,2015,1996,남,13,대학·일반,고등,1,2,2,N
c9ce03fb973d,2015,2004,여,5,초등,초등,6,40,2,N
c9d48e5977e8,2015,2000,남,9,중등,중등,3,8,2,N
c9f60af2daaa,2015,2003,여,6,초등,초등,2,4,2,N
ca69b7d9fe0a,2015,2001,남,8,중등,중등,3,7,2,N
ca74ac736a8c,2015,2006,남,3,초등,초등,4,18,2,N
ca8235bbaac4,2015,2001,여,8,중등,중등,6,30,2,Y
caade68ad452,2015,2001,남,8,중등,중등,4,11,2,N
cbbb1a6a0478,2015,2003,남,6,초등,초등,2,5,2,N
cc4e2bfd2d0a,2015,2001,남,8,중등,중등,8,19,1|2,Y
cc72db7f8429,2015,2005,남,4,초등,초등,1,2,2,N
cc8aacdad28a,2015,1995,남,14,대학·일반,대학·일반,7,28,2,Y
cca3d01fdc76,2015,2003,남,6,초등,초등,1,2,2,N
ccd4f861f9b0,2015,2000,남,9,중등,중등,7,30,2,Y
cce216458cac,2015,2001,남,8,중등,중등,5,16,1|2,N
cd4405cdba61,2015,2002,남,7,중등,중등,4,8,1|2,N
ce28f665d8ec,2015,2003,여,6,초등,초등,1,2,2,N
ce5b9af28dd0,2015,2000,여,9,중등,고등,5,16,2,Y
d08b814c6610,2015,1956,남,53,대학·일반,대학·일반,1,1,2,N
d1d65ce6c04c,2015,1969,남,40,대학·일반,대학·일반,2,4,2,N
d2529fb44dab,2015,1995,여,14,대학·일반,대학·일반,1,2,1,N
d2840f067bbe,2015,2004,남,5,초등,초등,6,19,2,N
d2e0a39a299f,2015,1996,남,13,대학·일반,대학·일반,6,31,2,Y
d3138c670a26,2015,2001,여,8,중등,중등,4,9,2,N
d36b68566313,2015,1989,남,20,대학·일반,대학·일반,1,2,2,N
d450334d5fda,2015,1993,남,16,대학·일반,대학·일반,8,22,1|2,Y
d4ed2844805e,2015,2004,여,5,초등,초등,3,10,2,N
d50402223788,2015,2000,남,9,중등,중등,7,42,2,Y
d5272b79a481,2015,1994,여,15,대학·일반,대학·일반,2,4,1|2,N
d52c08e8f70e,2015,2003,남,6,초등,초등,4,12,2,N
d54ee80faef2,2015,2001,여,8,중등,중등,1,3,2,N
d57de3d4a8bc,2015,2004,여,5,초등,초등,1,2,2,N
d66fe4ac13ba,2015,1992,남,17,대학·일반,대학·일반,5,11,1,Y
d6e04790b18f,2015,1998,남,11,고등,고등,12,28,1|2,Y
d747953dba4c,2015,1998,남,11,고등,고등,2,3,2,N
d7d7c6478ccd,2015,1995,남,14,대학·일반,대학·일반,7,31,2,Y
d7feb4abef2c,2015,1991,남,18,대학·일반,대학·일반,6,13,1,Y
d8abff4d38f1,2015,2005,남,4,초등,초등,3,6,2,N
d95cbd5977dc,2015,2003,남,6,초등,초등,1,2,2,N
d97c2e899c27,2015,2002,여,7,중등,중등,5,11,1,N
d9e65639ab1a,2015,2004,남,5,초등,초등,3,7,2,N
d9eb328b75b3,2015,1996,여,13,대학·일반,대학·일반,10,27,1|2,Y
da013bbf02f6,2015,2005,남,4,초등,초등,3,12,2,N
da074dfc95bc,2015,1996,남,13,대학·일반,고등,1,2,2,N
da216b6697bb,2015,2006,남,3,초등,초등,1,2,2,N
da2f19d481de,2015,1997,남,12,고등,고등,8,32,2,Y
daee1077985a,2015,1995,남,14,대학·일반,대학·일반,2,4,2,N
db1cdee67b02,2015,2004,남,5,초등,초등,3,11,2,N
db3f17b5432d,2015,2005,여,4,초등,초등,4,16,2,N
ddceef8af3c7,2015,2000,남,9,중등,중등,4,10,2,Y
de1a37e081c7,2015,1994,남,15,대학·일반,대학·일반,6,32,2,Y
def24c182562,2015,2003,남,6,초등,초등,4,11,2,N
df0e87cc1575,2015,1997,여,12,고등,고등,8,42,2,Y
e02e5ece24f5,2015,1988,남,21,대학·일반,대학·일반,7,41,2,Y
e0c8d6d91885,2015,1996,남,13,대학·일반,대학·일반,7,29,2,Y
e1d66b71c09e,2015,2003,여,6,초등,초등,3,7,2,N
e2049ad004d8,2015,2002,여,7,중등,중등,4,10,2,N
e22858211cfc,2015,2006,남,3,초등,초등,1,2,2,N
e29d4843a227,2015,2005,남,4,초등,초등,4,13,2,N
e353f8b619cb,2015,1993,남,16,대학·일반,대학·일반,7,28,2,Y
e37d609ba13f,2015,2003,여,6,초등,초등,6,35,2,N
e3be26585644,2015,2004,남,5,초등,초등,6,36,2,N
e469e6b40124,2015,2002,여,7,중등,중등,6,11,1,Y
e4d61d3247ba,2015,2005,남,4,초등,초등,1,2,2,N
e52eb36bd534,2015,1991,남,18,대학·일반,대학·일반,1,1,1,N
e5a99e70f794,2015,2004,여,5,초등,초등,4,14,2,N
e689dd10acfb,2015,2004,여,5,초등,초등,1,2,2,N
e6e4cd92df18,2015,2006,남,3,초등,초등,3,7,2,N
e83d833e55f2,2015,2003,여,6,초등,초등,1,5,2,N
e847a448da95,2015,1998,남,11,고등,고등,6,16,2,Y
e93b65fce5f2,2015,2001,여,8,중등,중등,5,23,2,N
e94ab0bb5548,2015,1997,여,12,고등,고등,7,32,2,Y
e9f2eb2cdb5e,2015,2002,여,7,중등,중등,2,6,2,N
ea19b07c0d7f,2015,2005,여,4,초등,초등,5,31,2,N
eab97c2399f1,2015,2004,여,5,초등,초등,3,7,2,N
eaeb01f670de,2015,2006,여,3,초등,초등,3,12,2,N
ec08969c46d4,2015,2003,남,6,초등,초등,3,9,2,N
ecd1084af1e4,2015,2001,여,8,중등,중등,3,6,2,N
ed73a9876f68,2015,2005,남,4,초등,초등,4,26,2,N
edb357db45c8,2015,1991,남,18,대학·일반,대학·일반,7,46,2,Y
ee0af29092e0,2015,2001,여,8,중등,중등,3,6,2,N
ef363251abb0,2015,2001,여,8,중등,중등,6,32,2,Y
ef9a488ce630,2015,1997,남,12,고등,고등,1,2,2,N
f0fea5dc711f,2015,1997,남,12,고등,고등,7,26,2,Y
f1063e4b08f2,2015,1992,남,17,대학·일반,대학·일반,6,29,2,Y
f12df0dbe7d0,2015,2005,남,4,초등,초등,2,7,2,N
f145e63d5ed5,2015,1993,여,16,대학·일반,대학·일반,4,9,1,Y
f17bd9cb7818,2015,1989,남,20,대학·일반,대학·일반,4,29,2,Y
f20265612a9a,2015,2003,남,6,초등,초등,4,16,2,N
f36581183f7b,2015,1999,남,10,고등,중등,7,13,1|2,Y
f36602b19d2d,2015,2000,여,9,중등,고등,8,34,2,Y
f3b59652bbcf,2015,1950,남,59,대학·일반,대학·일반,1,2,2,N
f3f3cebd89fe,2015,2002,남,7,중등,중등,1,2,2,N
f414a1a6a5bf,2015,2003,남,6,초등,초등,5,21,2,N
f47f31b344a7,2015,1988,남,21,대학·일반,,3,9,1,Y
f47f92dcf31c,2015,2004,여,5,초등,초등,1,1,2,N
f4d2a5032915,2015,1998,여,11,고등,고등,9,47,2,Y
f5826bc39d6d,2015,2003,여,6,초등,초등,3,12,2,N
f6384e0bfbd8,2015,2004,남,5,초등,초등,3,7,2,N
f6951d95cd22,2015,2005,남,4,초등,초등,1,2,2,N
f69ffb12d14e,2015,2002,남,7,중등,중등,4,9,2,N
f6c165689145,2015,1996,남,13,대학·일반,대학·일반,2,5,2,N
f7b21c318096,2015,1987,남,22,대학·일반,대학·일반,6,29,2,Y
f8bbc50957b9,2015,1999,여,10,고등,고등,4,9,2,N
f9485279a90f,2015,1995,여,14,대학·일반,대학·일반,6,36,2,Y
fabef5f91cdd,2015,2002,남,7,중등,중등,2,4,2,N
faf222e8aacc,2015,1996,남,13,대학·일반,대학·일반,7,21,2,Y
fbdb4c0306ef,2015,2007,남,2,초등,초등,3,11,2,N
fcaf4a531687,2015,1991,남,18,대학·일반,대학·일반,9,24,1|2,Y
fcbeb2192a52,2015,2004,남,5,초등,초등,3,6,2,N
fd65df9d9852,2015,2004,여,5,초등,초등,1,2,2,N
fd6ad2e1ace5,2015,1998,남,11,고등,고등,6,32,2,Y
fdcd1a7159de,2015,2004,남,5,초등,초등,8,16,1|2,Y
fe27d7864e4e,2015,2002,남,7,중등,중등,4,10,2,N
fe3cef2855f3,2015,2005,남,4,초등,초등,6,35,2,N
feaf12c7995a,2015,2007,여,2,초등,초등,2,5,2,N
001deb32ccba,2016,1999,여,11,고등,고등,6,15,2,Y
005bc47c322f,2016,2000,여,10,고등,중등,1,2,2,N
0065fa277ae2,2016,2007,여,3,초등,초등,1,2,2,N
014e579fb01e,2016,2003,남,7,중등,초등,1,2,2,N
01e81df1b330,2016,2005,남,5,초등,초등,6,38,2,N
0296a68b22c2,2016,2003,남,7,중등,중등,4,14,2,N
0297fb5515f4,2016,2005,남,5,초등,초등,6,33,2,N
02e2aa52f9ee,2016,2005,남,5,초등,초등,3,10,2,N
0434e5d4dea7,2016,2004,남,6,초등,초등,3,10,2,N
04a963b500f6,2016,1998,여,12,고등,고등,10,26,1|2,Y
04adc2490f0e,2016,2008,여,2,초등,초등,5,14,2,N
04ddae787493,2016,2005,남,5,초등,초등,7,46,1|2,N
058ea815622d,2016,1999,여,11,고등,고등,6,17,1|2,Y
0707e8137993,2016,2001,남,9,중등,고등,3,7,2,N
0716360d5f0f,2016,1995,남,15,대학·일반,대학·일반,8,29,1|2,Y
0732e417b848,2016,2002,여,8,중등,중등,5,26,2,N
07d9b3e2cade,2016,1998,남,12,고등,고등,1,2,2,N
0869bb010f94,2016,2003,여,7,중등,초등,1,2,2,N
08db8b732de5,2016,2004,남,6,초등,초등,5,35,2,N
0977d67a2b28,2016,2002,여,8,중등,중등,1,1,1,N
0a2de10b61d7,2016,2000,여,10,고등,고등,2,5,2,N
0a4bf9101fa7,2016,2008,여,2,초등,초등,4,15,2,N
0a72271a9015,2016,2007,남,3,초등,초등,5,28,2,N
0ab88cfb98bc,2016,2005,여,5,초등,초등,6,24,2,N
0ad6f1d603a9,2016,2001,여,9,중등,중등,2,5,2,N
0af1f8641a01,2016,1993,남,17,대학·일반,대학·일반,8,40,2,Y
0b0d5f9ed4ff,2016,1997,여,13,대학·일반,대학·일반,2,4,2,N
0b1d64e0338c,2016,1968,남,42,대학·일반,대학·일반,1,1,2,N
0b445b8581e0,2016,2006,여,4,초등,초등,5,20,2,N
0b5d63780e46,2016,2000,남,10,고등,중등,4,16,2,N
0c7d8679d55a,2016,2008,남,2,초등,초등,4,11,2,N
0db5810a67de,2016,1992,남,18,대학·일반,,1,7,2,Y
0e4bd541361f,2016,1968,남,42,대학·일반,대학·일반,1,2,2,N
0ea41de03207,2016,1972,남,38,대학·일반,대학·일반,1,1,2,N
0eb94a521cd7,2016,2007,남,3,초등,초등,4,8,1|2,N
0f3c3a1288c4,2016,1997,남,13,대학·일반,고등,1,2,2,N
0f3daa823e81,2016,2005,남,5,초등,초등,6,26,2,N
0f41fbece094,2016,1995,남,15,대학·일반,대학·일반,6,17,2,Y
0fec83800031,2016,2006,여,4,초등,초등,4,17,2,N
103a8754af0f,2016,2005,남,5,초등,초등,2,4,2,N
10b6568c55cd,2016,2003,여,7,중등,초등,2,4,2,N
113fb563e142,2016,1999,남,11,고등,고등,6,17,2,Y
11765433ccaa,2016,1961,남,49,대학·일반,대학·일반,1,2,1,N
118e90000d73,2016,2000,남,10,고등,고등,5,24,2,Y
118f70bb9fae,2016,2006,남,4,초등,초등,1,2,2,N
11f970f7f448,2016,1997,남,13,대학·일반,대학·일반,7,28,2,Y
127e6c8048ef,2016,2004,여,6,초등,초등,6,31,2,N
12857deb2953,2016,1998,여,12,고등,고등,10,24,1,Y
1292d69c4caf,2016,2004,남,6,초등,초등,4,14,2,N
12fc3065e382,2016,2007,남,3,초등,초등,3,7,2,N
1423282e3a6d,2016,2000,남,10,고등,고등,5,11,2,Y
14a21cfa416a,2016,1993,여,17,대학·일반,대학·일반,7,34,2,Y
150a58864864,2016,2002,여,8,중등,중등,2,8,2,N
15550bfbbcd9,2016,2000,여,10,고등,중등,2,4,2,N
161bde0d5b2c,2016,1998,남,12,고등,고등,1,2,2,N
1649ff9df336,2016,2001,여,9,중등,중등,7,24,1,Y
1652b342aa99,2016,2004,남,6,초등,초등,4,14,1|2,N
167a9f4bce74,2016,2002,남,8,중등,중등,4,11,2,N
167c1840e74e,2016,2003,여,7,중등,중등,5,26,2,N
169491b323b3,2016,2007,여,3,초등,초등,1,2,2,N
16cd2e8e210c,2016,2004,남,6,초등,초등,4,14,2,N
16d89eed9e82,2016,2001,여,9,중등,중등,7,48,2,Y
16e3e7d91fc7,2016,1998,여,12,고등,고등,1,1,1,N
16e8c6d7367d,2016,1992,여,18,대학·일반,대학·일반,4,12,1,Y
16edf8e09327,2016,2003,여,7,중등,중등,3,6,2,N
1766851ca86f,2016,2004,여,6,초등,초등,6,22,2,N
17b5beb812b1,2016,1961,여,49,대학·일반,대학·일반,2,4,1|2,N
17e7c6ce5ee3,2016,1989,남,21,대학·일반,대학·일반,1,2,2,N
18657920a677,2016,2004,여,6,초등,초등,1,1,2,N
188452e8c262,2016,2003,남,7,중등,초등,1,2,2,N
18ee553f4b1f,2016,1997,남,13,대학·일반,대학·일반,8,20,1,Y
1904fad76ae4,2016,2002,남,8,중등,중등,7,43,2,Y
19be99f59bab,2016,2000,남,10,고등,고등,4,11,2,Y
19dbab644b2c,2016,2002,남,8,중등,중등,4,10,2,N
1b136bac69d8,2016,2005,남,5,초등,초등,4,9,2,N
1b75ad970c08,2016,1997,남,13,대학·일반,대학·일반,3,9,2,N
1c5e68f84cf3,2016,1998,남,12,고등,고등,8,56,2,Y
1d832ec4e806,2016,1998,여,12,고등,,2,23,2,Y
1ecea82d2c2b,2016,2005,여,5,초등,초등,1,2,2,N
1f0954e96210,2016,1989,남,21,대학·일반,대학·일반,7,51,2,Y
1f0f26f535e5,2016,1991,여,19,대학·일반,대학·일반,8,46,2,Y
1f1e159f8f26,2016,2006,남,4,초등,초등,6,30,2,N
1f7edacccc17,2016,1997,여,13,대학·일반,,1,7,2,Y
1fffc171f46e,2016,2005,여,5,초등,초등,3,17,2,N
213dd96bc532,2016,1994,남,16,대학·일반,대학·일반,7,23,1|2,Y
21f1b227fff4,2016,2006,남,4,초등,초등,2,5,2,N
22196f1cb541,2016,1997,남,13,대학·일반,고등,1,2,2,N
225fb455c010,2016,1993,남,17,대학·일반,대학·일반,7,53,2,Y
22c4395662f0,2016,2004,여,6,초등,초등,3,8,2,N
22c70867823a,2016,1993,남,17,대학·일반,대학·일반,6,39,2,Y
22ce3ebd7efd,2016,1953,남,57,대학·일반,대학·일반,1,1,2,N
233804408bef,2016,2009,여,1,초등,초등,1,2,2,N
233b40519c1a,2016,1997,여,13,대학·일반,대학·일반,8,36,2,Y
2396bd738793,2016,1998,남,12,고등,고등,2,6,2,N
23a5df22cfb8,2016,1997,남,13,대학·일반,대학·일반,6,26,2,Y
23c12e9b7060,2016,2006,여,4,초등,초등,4,19,2,N
23fdd3113f3e,2016,1994,여,16,대학·일반,대학·일반,6,16,2,Y
2447ce15f2ca,2016,2007,여,3,초등,초등,1,2,2,N
2454cfd13999,2016,2002,남,8,중등,중등,4,10,2,N
25aaa6f75c68,2016,1997,여,13,대학·일반,고등,1,2,2,N
25fb9cf0d380,2016,2006,여,4,초등,초등,3,12,2,N
26c658d9a885,2016,2000,남,10,고등,중등,1,2,2,N
26d5bb612f35,2016,1993,남,17,대학·일반,대학·일반,5,40,2,Y
26e4ba0ba01a,2016,2006,여,4,초등,초등,2,6,2,N
26f77e512a43,2016,2003,여,7,중등,중등,5,12,2,N
275b1a236e1d,2016,1999,여,11,고등,고등,8,48,2,Y
2796274b6b7c,2016,1989,남,21,대학·일반,대학·일반,7,19,1,Y
27a311a342ee,2016,2000,여,10,고등,고등,3,6,1,N
28133b25877f,2016,2007,여,3,초등,초등,3,6,1,N
284c016663a5,2016,2000,여,10,고등,고등,7,24,2,Y
284cc082d4eb,2016,1990,여,20,대학·일반,대학·일반,1,2,2,N
2909bacf2b4c,2016,1990,남,20,대학·일반,대학·일반,6,22,2,Y
29307a930b64,2016,2004,여,6,초등,초등,5,16,2,N
29ca9430c4f3,2016,2003,남,7,중등,중등,3,6,2,N
2a0d326cffff,2016,2006,남,4,초등,초등,2,5,2,N
2aabf340c840,2016,2003,남,7,중등,초등,1,2,2,N
2af4aa3d8347,2016,1993,여,17,대학·일반,대학·일반,7,23,2,Y
2b5f31869781,2016,1997,여,13,대학·일반,대학·일반,8,34,2,Y
2bd45abdf686,2016,1996,여,14,대학·일반,대학·일반,7,23,2,Y
2c46cf1d257c,2016,2006,남,4,초등,초등,3,9,2,N
2d414e0ee830,2016,1999,남,11,고등,고등,7,19,1|2,Y
2d46caf4d922,2016,1994,남,16,대학·일반,대학·일반,8,35,2,Y
2de0b6fa1524,2016,2002,여,8,중등,중등,4,8,2,N
2e3ecd473e83,2016,2007,남,3,초등,초등,4,18,2,N
2e86127057c0,2016,2005,남,5,초등,초등,2,4,2,N
2ec6cabddf10,2016,2004,남,6,초등,중등,3,6,2,N
2ed3bf62cc16,2016,1999,남,11,고등,고등,11,29,1,Y
2f428e11b789,2016,1996,남,14,대학·일반,대학·일반,8,31,2,Y
2fb9c2bbf582,2016,2004,여,6,초등,초등,3,19,2,N
30525392671e,2016,2004,남,6,초등,초등,5,20,2,N
30694b5c1800,2016,1999,남,11,고등,고등,5,12,1|2,N
308f73e06b7d,2016,2001,여,9,중등,중등,2,6,2,N
31deaa043f12,2016,1997,여,13,대학·일반,대학·일반,7,18,2,Y
322d4e835fea,2016,1999,남,11,고등,고등,6,28,2,Y
3281617690c3,2016,1995,남,15,대학·일반,대학·일반,8,20,1,Y
328770e41a9e,2016,1998,남,12,고등,고등,2,4,2,N
32c25d65e95d,2016,2003,남,7,중등,초등,1,2,2,N
32c8f1560d3a,2016,1999,여,11,고등,고등,8,53,2,Y
33039690841f,2016,2005,남,5,초등,초등,4,12,2,N
333f0fd3030f,2016,2003,여,7,중등,중등,3,9,2,N
33fd4496b754,2016,1998,남,12,고등,고등,2,4,2,N
34053d95f43c,2016,2001,남,9,중등,중등,6,24,2,Y
347591aff7c4,2016,2005,남,5,초등,초등,4,14,2,N
348482c924d6,2016,2001,남,9,중등,중등,1,2,2,N
37653ea034d3,2016,2006,남,4,초등,초등,4,18,2,N
37cfdb33c608,2016,1996,남,14,대학·일반,대학·일반,6,31,2,Y
37e213997ab5,2016,2002,여,8,중등,중등,6,33,2,Y
383a7e1421ff,2016,2007,여,3,초등,초등,1,3,2,N
38b0125c6b0d,2016,2002,남,8,중등,중등,3,8,2,N
38c58d240e01,2016,2004,여,6,초등,초등,5,13,2,N
3911bcdd188b,2016,1998,남,12,고등,고등,3,6,1,Y
39289c0b69e5,2016,1998,남,12,고등,고등,5,15,2,Y
397690615298,2016,2008,남,2,초등,초등,4,15,2,N
39ec2aeda4cc,2016,2003,여,7,중등,중등,4,9,1,Y
39f6621d7e2b,2016,1995,여,15,대학·일반,대학·일반,5,30,2,Y
39fa8705d0ce,2016,2003,남,7,중등,초등,1,2,2,N
3a0f8e787acb,2016,2000,여,10,고등,고등,7,26,2,Y
3a3fb5481954,2016,2006,남,4,초등,초등,4,12,2,N
3a6a5a64b930,2016,2005,남,5,초등,초등,2,5,2,N
3a9d9db31540,2016,2005,남,5,초등,초등,5,16,2,N
3aea36751045,2016,2007,남,3,초등,초등,5,21,2,N
3b8c3f7937a3,2016,1991,여,19,대학·일반,대학·일반,6,26,2,Y
3bcccfa4b437,2016,2006,남,4,초등,초등,2,4,2,N
3bedd8cb10c8,2016,2006,여,4,초등,초등,3,8,1|2,N
3c4cff57b8af,2016,2005,남,5,초등,초등,5,14,2,N
3c6cd8dd118a,2016,2003,남,7,중등,중등,2,5,2,N
3c7005fc99e1,2016,2009,남,1,초등,초등,3,8,2,N
3d50fc7659e6,2016,2002,남,8,중등,중등,4,11,2,N
3da4d8cbc4a1,2016,2008,남,2,초등,초등,4,13,2,N
3e6ab97ffe8c,2016,1984,남,26,대학·일반,대학·일반,1,2,2,N
40793898b08e,2016,1997,남,13,대학·일반,대학·일반,6,20,2,Y
408a8e6caa8b,2016,2005,여,5,초등,초등,3,12,2,N
41b2721fe2b1,2016,1999,여,11,고등,고등,1,1,2,N
41d3b04611d6,2016,2000,남,10,고등,고등,5,15,2,N
41e064c7fd45,2016,1968,여,42,대학·일반,대학·일반,1,2,2,N
42a7b66e8afe,2016,2007,남,3,초등,초등,4,11,2,N
42bb2f3789d2,2016,2001,여,9,중등,중등,4,9,2,N
4413d0e24fe3,2016,2002,남,8,중등,중등,6,28,2,Y
445c1ffd77ff,2016,1987,남,23,대학·일반,대학·일반,3,6,2,N
446e5d32425d,2016,2003,남,7,중등,중등,3,7,2,N
44836eb7c1c3,2016,2007,남,3,초등,초등,2,4,2,N
44b321671632,2016,2007,남,3,초등,초등,1,2,2,N
44ce8b98600d,2016,1989,여,21,대학·일반,대학·일반,1,2,2,N
4529e6f7aedd,2016,2004,여,6,초등,초등,6,24,2,N
45d7ea66548c,2016,2002,남,8,중등,중등,1,2,2,N
460e91d9808f,2016,2006,여,4,초등,초등,2,7,2,N
46c211450ef5,2016,2005,남,5,초등,초등,3,9,1|2,N
46cdfe4b94d7,2016,2008,남,2,초등,초등,4,13,2,N
4773cab8f530,2016,1994,남,16,대학·일반,대학·일반,8,38,2,Y
47cf057207fd,2016,2002,남,8,중등,중등,2,4,2,N
47f9701de090,2016,2004,남,6,초등,초등,3,12,2,N
48313f2d5189,2016,2004,여,6,초등,초등,4,13,2,N
483ab294e424,2016,2000,남,10,고등,고등,6,24,2,Y
489d2e100010,2016,2008,여,2,초등,초등,4,16,2,N
48c0037b849a,2016,1995,여,15,대학·일반,대학·일반,8,49,2,Y
49168e7c35ea,2016,2005,여,5,초등,초등,1,1,2,N
49fef45ce8d1,2016,1999,남,11,고등,고등,4,5,2,N
4a5a12b8a207,2016,2002,남,8,중등,중등,5,23,2,N
4abde24943d8,2016,2003,남,7,중등,중등,4,12,2,N
4be41b1f593d,2016,1970,남,40,대학·일반,대학·일반,1,1,2,N
4c727e166aac,2016,2003,남,7,중등,중등,4,11,2,N
4d43bd05a22c,2016,2002,여,8,중등,중등,5,17,1,Y
4dbff7907bec,2016,1968,여,42,대학·일반,대학·일반,2,6,1|2,N
4e6b997a8725,2016,1989,여,21,대학·일반,대학·일반,6,19,2,Y
4f0587b605c0,2016,1999,남,11,고등,대학·일반,7,46,2,Y
4f8aa9e33e5b,2016,2004,여,6,초등,초등,2,4,2,N
5043b9c52030,2016,2001,여,9,중등,중등,1,1,2,N
508141dc88d9,2016,1999,남,11,고등,고등,7,37,2,Y
50bb4357045f,2016,1999,남,11,고등,고등,7,32,2,Y
511a5228e6b7,2016,2004,여,6,초등,초등,5,16,2,N
5140194a098d,2016,1993,남,17,대학·일반,대학·일반,5,29,2,Y
516aadc16dd9,2016,2007,여,3,초등,초등,4,9,2,N
5218f509db6e,2016,2006,여,4,초등,초등,2,4,2,N
523d6cf9c251,2016,2002,남,8,중등,중등,7,17,1,Y
52dd877d418e,2016,2006,남,4,초등,초등,6,28,2,N
52fb82ab3a08,2016,1990,남,20,대학·일반,대학·일반,6,21,2,Y
536d965b09a5,2016,2005,남,5,초등,초등,4,11,2,N
53d0fd32bf26,2016,2001,남,9,중등,중등,2,8,2,N
53e87fe20484,2016,2003,남,7,중등,중등,3,8,2,N
544e7c62c2a9,2016,2007,여,3,초등,초등,2,5,2,N
5481d841122a,2016,1997,남,13,대학·일반,고등,1,2,2,N
549b3ef90844,2016,2006,남,4,초등,초등,4,16,2,N
552f6f49278f,2016,2009,여,1,초등,초등,1,4,2,N
5569426f0783,2016,2001,여,9,중등,중등,4,18,2,N
562ecc66a7be,2016,2003,남,7,중등,중등,5,26,2,N
570ba29fd1bf,2016,1997,남,13,대학·일반,고등,1,2,2,N
573b36bd28b1,2016,1997,남,13,대학·일반,대학·일반,5,15,2,Y
58418ba38085,2016,2004,남,6,초등,초등,4,17,2,N
58841b315fee,2016,2005,여,5,초등,초등,5,12,1|2,N
58ec54b90c37,2016,2003,여,7,중등,중등,5,27,2,N
5979e84dd54c,2016,1998,여,12,고등,고등,1,2,2,N
59ca4969380f,2016,2001,여,9,중등,중등,1,1,2,N
59e668901ece,2016,2003,남,7,중등,중등,3,6,2,N
5ba6602282a6,2016,1998,여,12,고등,고등,1,1,2,N
5c75f5194b15,2016,1990,남,20,대학·일반,대학·일반,5,14,2,Y
5d1528b228c1,2016,1998,남,12,고등,고등,4,8,2,N
5d21baafba1d,2016,2007,남,3,초등,초등,3,12,2,N
5d5457057f8a,2016,1998,남,12,고등,고등,3,9,2,Y
5e7fa52b4d83,2016,2001,여,9,중등,중등,8,20,1,Y
5eb13f527fe7,2016,1992,여,18,대학·일반,대학·일반,6,17,2,Y
5f32c0914693,2016,2002,여,8,중등,중등,3,6,2,N
61b018a28cc5,2016,1998,남,12,고등,고등,4,9,2,N
61cadab7573c,2016,2001,남,9,중등,중등,4,22,2,Y
62c11a801dcd,2016,1988,남,22,대학·일반,대학·일반,6,22,2,Y
6352595f975c,2016,1992,남,18,대학·일반,대학·일반,10,30,1|2,Y
635aaabb0921,2016,2002,여,8,중등,중등,3,6,2,N
64762911db97,2016,1993,남,17,대학·일반,대학·일반,7,15,1,Y
64b7cfce3630,2016,2004,남,6,초등,초등,4,9,2,N
65c97bda99d0,2016,2002,남,8,중등,중등,7,32,2,Y
65d806e2eb77,2016,2005,남,5,초등,초등,4,11,2,N
65dd4577519a,2016,1991,남,19,대학·일반,대학·일반,4,8,2,N
662b51f36011,2016,1998,남,12,고등,고등,5,19,2,Y
66383d8daaac,2016,2006,남,4,초등,초등,4,11,2,N
67a72efc0413,2016,2000,여,10,고등,고등,8,27,2,Y
67c0ed2bff8d,2016,2001,여,9,중등,중등,1,2,2,N
67dc6ccd9ffa,2016,2004,남,6,초등,초등,6,34,2,N
67f0f58a3c01,2016,2003,남,7,중등,중등,4,12,2,N
686a9d0d21ef,2016,1990,남,20,대학·일반,대학·일반,2,4,2,N
6a1768916603,2016,1990,여,20,대학·일반,대학·일반,7,25,2,Y
6b1054af486e,2016,1995,여,15,대학·일반,대학·일반,10,27,1|2,Y
6b1db24cd950,2016,1999,남,11,고등,고등,8,22,1|2,Y
6bf5d106417f,2016,2003,여,7,중등,중등,8,22,1|2,Y
6c00c5ca3cc8,2016,2004,여,6,초등,초등,9,19,1|2,Y
6c3de0c95546,2016,2004,여,6,초등,초등,5,26,2,N
6eb4cb0c489c,2016,1983,여,27,대학·일반,대학·일반,1,2,1,N
6f2d2c17ec51,2016,2001,여,9,중등,중등,5,14,2,N
6f374c6e8468,2016,1998,남,12,고등,고등,1,2,2,N
6f6e2706dbe3,2016,2002,여,8,중등,중등,8,46,2,Y
6fc419889959,2016,2003,남,7,중등,중등,5,9,1|2,N
703d71ebe1bf,2016,1990,남,20,대학·일반,대학·일반,2,4,2,N
706d471e6675,2016,2001,남,9,중등,중등,1,2,2,N
715cec6a3d40,2016,1998,남,12,고등,고등,7,36,2,Y
7224895b6689,2016,2005,남,5,초등,초등,1,2,2,N
7331b02e6521,2016,2003,남,7,중등,중등,3,7,2,N
735ef2d955de,2016,1998,남,12,고등,고등,12,35,1,Y
74378e73b1d8,2016,2005,여,5,초등,초등,5,18,2,N
751c1cad9993,2016,2005,여,5,초등,초등,5,16,2,N
753bb60c91d8,2016,2005,남,5,초등,초등,2,4,2,N
75404397362c,2016,2001,남,9,중등,중등,7,46,2,Y
75613589746d,2016,1996,남,14,대학·일반,대학·일반,6,22,2,Y
762dd8c1be0d,2016,1990,남,20,대학·일반,대학·일반,5,29,2,Y
764783edc41e,2016,2002,남,8,중등,중등,4,8,1|2,N
76bc3daea3bf,2016,2003,남,7,중등,중등,4,9,2,N
76d8fe29a9c0,2016,1970,여,40,대학·일반,대학·일반,2,6,1|2,N
77aea32d94e2,2016,1995,여,15,대학·일반,대학·일반,8,35,2,Y
78025bc6e3af,2016,1997,남,13,대학·일반,고등,1,2,2,N
7886c0578460,2016,2006,남,4,초등,초등,3,11,2,N
7888da2a2b75,2016,1993,남,17,대학·일반,대학·일반,9,23,1|2,Y
78b743c5bff1,2016,1992,여,18,대학·일반,대학·일반,7,25,2,Y
7983c2463edc,2016,2004,여,6,초등,초등,1,2,2,N
79ae0d5998d5,2016,1993,여,17,대학·일반,대학·일반,8,37,2,Y
7a3cd2cacc72,2016,2004,여,6,초등,초등,1,2,2,N
7a5d1abbdb9a,2016,1999,여,11,고등,고등,7,19,1|2,Y
7abf37c335c1,2016,1990,남,20,대학·일반,대학·일반,1,2,2,N
7b1e95e175d5,2016,2003,남,7,중등,중등,4,10,2,N
7ba47907d375,2016,1994,남,16,대학·일반,대학·일반,7,13,1,Y
7c51c324e1de,2016,2004,남,6,초등,초등,1,2,2,N
7d57891e0e52,2016,2001,남,9,중등,중등,4,12,2,N
7d6f38807c1b,2016,2007,남,3,초등,초등,5,21,2,N
7dad824c884d,2016,1992,여,18,대학·일반,대학·일반,1,2,2,N
7ddf4c2f3cab,2016,1997,남,13,대학·일반,고등,1,1,1,N
7e095e43f771,2016,2002,남,8,중등,중등,3,6,2,N
7e3ca13abba0,2016,2002,남,8,중등,중등,3,10,2,N
7efea96608b4,2016,2007,남,3,초등,초등,4,17,2,N
7fad02e54fdc,2016,1996,남,14,대학·일반,대학·일반,5,20,2,Y
808dc07732e7,2016,1999,남,11,고등,고등,6,15,2,Y
80a3b8111542,2016,2007,남,3,초등,초등,3,6,2,N
80ad9e3868fd,2016,2002,남,8,중등,중등,1,1,2,N
80b041eca001,2016,2000,남,10,고등,고등,6,30,2,Y
80b86f7b6f4f,2016,2007,여,3,초등,초등,1,2,2,N
80c4d263fbe5,2016,2008,남,2,초등,초등,6,18,2,N
811dec6e3ad3,2016,1994,남,16,대학·일반,대학·일반,5,30,2,Y
818918888c8b,2016,2004,남,6,초등,초등,5,27,2,N
81a07ce06484,2016,2003,남,7,중등,중등,4,9,2,N
81ecef03ce53,2016,1999,남,11,고등,고등,9,26,1,Y
82baf36eaef3,2016,1958,남,52,대학·일반,대학·일반,2,4,2,N
834b3abb10c4,2016,2001,여,9,중등,중등,6,23,2,Y
83ced91451ec,2016,2003,여,7,중등,중등,2,4,2,N
83ffa1f62966,2016,2004,여,6,초등,중등,4,10,2,N
84587278c6a2,2016,2002,남,8,중등,중등,3,14,2,N
8464b1f47861,2016,2002,여,8,중등,중등,5,17,2,N
848ae7cf03ef,2016,1993,남,17,대학·일반,대학·일반,1,2,2,N
857f6e20752f,2016,2005,남,5,초등,초등,4,10,2,N
85abaa27a28c,2016,2003,여,7,중등,중등,2,5,2,N
861ad43d3e68,2016,2003,여,7,중등,중등,2,5,2,N
88093090462f,2016,2000,남,10,고등,고등,6,21,1|2,Y
8813b3e58801,2016,1992,남,18,대학·일반,대학·일반,5,20,2,Y
8898cfc8efc8,2016,2004,여,6,초등,초등,1,2,2,N
8920b85c7a8e,2016,2003,남,7,중등,초등,2,4,2,N
8970c464b9f4,2016,1993,남,17,대학·일반,대학·일반,8,23,1,Y
89b0496fdeca,2016,1999,여,11,고등,고등,1,1,2,N
8a7c36f9cff8,2016,2000,남,10,고등,중등,5,27,2,Y
8afdacb7e027,2016,2000,남,10,고등,고등,5,20,2,Y
8ba8685a7a99,2016,1998,남,12,고등,고등,1,2,2,N
8be3acddedb2,2016,2005,남,5,초등,초등,4,21,2,N
8c1f0bb5bd9e,2016,1993,남,17,대학·일반,대학·일반,5,17,1|2,Y
8c2914cf58de,2016,2003,여,7,중등,중등,5,14,2,N
8c464f28a5bd,2016,1998,여,12,고등,고등,7,31,2,Y
8d4f8130264e,2016,2006,남,4,초등,초등,2,4,2,N
8d741f47a76f,2016,2002,남,8,중등,중등,3,10,2,N
8d8636df70f2,2016,2006,남,4,초등,초등,3,10,2,N
8dac74f2ca04,2016,2003,남,7,중등,중등,3,8,2,N
8df5ded40bc8,2016,1999,여,11,고등,고등,7,29,1|2,Y
8dfbd2942ac5,2016,1998,여,12,고등,고등,5,11,2,Y
8e4fe3b85160,2016,2002,남,8,중등,중등,5,20,1|2,N
8e937c37ff03,2016,2004,남,6,초등,초등,4,9,2,N
8ec9a37d1317,2016,1998,남,12,고등,고등,5,13,2,Y
8f46bcdf68e5,2016,1997,남,13,대학·일반,대학·일반,7,23,2,Y
8f4bacd8e332,2016,2006,여,4,초등,초등,4,15,2,N
8f698e2869ae,2016,1996,남,14,대학·일반,대학·일반,4,10,2,Y
8fb95de7ad39,2016,2004,여,6,초등,초등,6,36,2,N
900df6910556,2016,1999,여,11,고등,고등,4,28,2,Y
901191ef2410,2016,2002,남,8,중등,중등,1,2,2,N
91091850dad2,2016,2001,남,9,중등,고등,5,19,2,N
9140e2ad0fc1,2016,2000,남,10,고등,고등,7,35,2,Y
91b2404fb38a,2016,1991,남,19,대학·일반,대학·일반,5,13,2,Y
91caa93ee855,2016,2006,여,4,초등,초등,3,15,2,N
9222fdaf4c9d,2016,1997,여,13,대학·일반,대학·일반,8,29,2,Y
93066727a19c,2016,2006,남,4,초등,초등,6,32,2,N
93535f0fb85d,2016,1985,여,25,대학·일반,대학·일반,7,30,2,Y
935835189e37,2016,2003,여,7,중등,중등,4,20,2,N
93ea3ce3de52,2016,1995,여,15,대학·일반,대학·일반,1,2,2,N
94677631a5cb,2016,1996,남,14,대학·일반,대학·일반,6,33,2,Y
94e735494a95,2016,2005,여,5,초등,초등,4,12,2,N
94f9fae60885,2016,2005,남,5,초등,초등,4,10,2,N
95726957d4e1,2016,2002,남,8,중등,중등,4,11,2,N
95d280fec7a1,2016,2008,여,2,초등,초등,4,12,2,N
96bc9aaee4e4,2016,1985,남,25,대학·일반,대학·일반,1,1,2,N
9794df17eb6a,2016,1976,남,34,대학·일반,대학·일반,1,1,2,N
97a5718ca7a9,2016,1994,남,16,대학·일반,대학·일반,4,9,2,N
97a646f615b5,2016,1997,남,13,대학·일반,고등,1,2,2,N
97b4816d62d6,2016,2001,남,9,중등,중등,6,29,2,Y
983ec6748edb,2016,1996,여,14,대학·일반,대학·일반,7,22,2,Y
986ad5951944,2016,2006,남,4,초등,초등,1,3,2,N
98a24c345bc4,2016,2008,여,2,초등,초등,6,22,2,N
98cf8639bf81,2016,2001,여,9,중등,중등,6,30,2,Y
9935f4e0f7dd,2016,2002,남,8,중등,중등,4,9,2,N
9a0b23e8f1c8,2016,2002,여,8,중등,중등,2,4,2,N
9a136898aa22,2016,2008,남,2,초등,초등,3,7,2,N
9a3a6ed2ccb9,2016,2007,여,3,초등,초등,4,9,2,N
9b1407065833,2016,2000,남,10,고등,고등,6,16,2,Y
9b398f5e19cc,2016,2002,여,8,중등,중등,1,2,2,N
9d848d9e6eac,2016,2002,여,8,중등,중등,1,2,2,N
9de8fc70ff15,2016,2003,남,7,중등,초등,1,2,2,N
9eb1a5e3bc35,2016,1966,여,44,대학·일반,대학·일반,2,4,1|2,N
9eb74bd65f6d,2016,2008,남,2,초등,초등,3,12,2,N
9f20a85ae2a5,2016,2002,여,8,중등,중등,4,11,2,N
9f21cfa5870e,2016,2001,여,9,중등,중등,7,30,2,Y
a00edd319d89,2016,1999,남,11,고등,고등,8,64,2,Y
a111bf8fa2a3,2016,2003,여,7,중등,중등,5,29,2,N
a14c9c5d78c6,2016,2002,남,8,중등,중등,1,2,2,N
a1e378b3288d,2016,2007,남,3,초등,초등,1,2,2,N
a263dd328a25,2016,2004,남,6,초등,초등,1,1,2,N
a305c2ca5547,2016,1997,남,13,대학·일반,대학·일반,8,27,2,Y
a32f03f3a702,2016,2002,남,8,중등,중등,3,7,2,N
a388696a931c,2016,2002,남,8,중등,중등,3,7,2,N
a38f3e36f334,2016,2008,여,2,초등,초등,4,13,2,N
a3b48d5ade76,2016,2006,여,4,초등,초등,4,17,2,N
a5126863855e,2016,2001,여,9,중등,중등,4,11,2,N
a6852bc3f5b9,2016,1995,남,15,대학·일반,대학·일반,4,11,2,Y
a7129272906b,2016,1999,여,11,고등,고등,8,55,2,Y
a765c0d58fea,2016,1985,여,25,대학·일반,대학·일반,6,23,2,Y
a7781f4c24f4,2016,2007,여,3,초등,초등,1,1,2,N
a7b2462b99b7,2016,2003,남,7,중등,중등,4,10,2,N
a7b993214f8d,2016,2000,여,10,고등,고등,6,37,2,Y
a8f865854d1b,2016,2005,남,5,초등,초등,2,5,2,N
a9fc4b5978c9,2016,1999,남,11,고등,고등,3,6,2,N
aa5d4d1dfefc,2016,2002,남,8,중등,중등,1,2,2,N
aa5d996a35e9,2016,2002,남,8,중등,중등,4,10,1|2,N
aada36e9c982,2016,1999,남,11,고등,고등,4,10,2,N
ab46aac2506d,2016,2004,여,6,초등,초등,2,4,2,N
abfbd31287f9,2016,2001,남,9,중등,중등,7,33,2,Y
ac791540b2b5,2016,2006,여,4,초등,초등,1,2,2,N
ac9051c6491f,2016,1999,여,11,고등,고등,7,29,2,Y
adc91c1a07c8,2016,2002,여,8,중등,중등,4,10,2,N
ae079ebbad25,2016,2004,남,6,초등,초등,6,28,2,N
ae1d1fbaa694,2016,2003,여,7,중등,초등,1,2,2,N
ae54ca637228,2016,2004,남,6,초등,초등,6,38,2,N
ae60d7c64fb4,2016,2006,남,4,초등,초등,5,19,2,N
ae6dd5c70109,2016,1997,남,13,대학·일반,대학·일반,2,5,2,N
aeb8813a42d9,2016,2000,남,10,고등,고등,7,35,2,Y
aeb951b6b89b,2016,2002,남,8,중등,중등,6,16,1|2,N
aeb98b62c2a1,2016,2001,여,9,중등,중등,2,4,2,N
af5f9ce8641e,2016,1996,남,14,대학·일반,대학·일반,6,49,2,Y
af613fde6bf6,2016,1993,여,17,대학·일반,대학·일반,7,30,2,Y
b094d49dcf61,2016,2000,여,10,고등,고등,14,38,1|2,Y
b18b368d31d8,2016,1994,남,16,대학·일반,대학·일반,11,26,1,Y
b23adf304bb3,2016,2002,여,8,중등,중등,5,17,2,N
b23ef5311053,2016,1996,남,14,대학·일반,대학·일반,6,38,2,Y
b284e3554557,2016,2004,여,6,초등,초등,1,2,2,N
b2b87b35e012,2016,2005,남,5,초등,초등,1,2,2,N
b3f6e5166563,2016,2001,여,9,중등,중등,1,2,2,N
b407980f8290,2016,2000,남,10,고등,고등,7,24,2,Y
b4ddd41883d4,2016,2000,남,10,고등,중등,1,2,2,N
b4ee5650642f,2016,2006,남,4,초등,초등,2,5,2,N
b5919aedfb55,2016,2007,여,3,초등,초등,1,4,1|2,N
b59b2188aa9c,2016,2004,남,6,초등,초등,5,21,2,N
b5b94e97b0eb,2016,1989,여,21,대학·일반,대학·일반,7,24,2,Y
b5e12f4b2d19,2016,1992,여,18,대학·일반,대학·일반,6,15,2,Y
b6c954a76552,2016,2002,남,8,중등,중등,4,15,2,N
b847ee6de612,2016,2004,남,6,초등,초등,2,4,2,N
b84a2a8ce26e,2016,2005,남,5,초등,초등,4,14,2,N
b8606a5bf2b3,2016,2000,남,10,고등,고등,5,12,2,N
b87b3e0e8d1f,2016,2002,여,8,중등,중등,3,8,2,N
b9b4f5eea44b,2016,2004,남,6,초등,중등,3,8,2,N
b9d76942397b,2016,1988,남,22,대학·일반,대학·일반,6,23,2,Y
b9fb5676d9c0,2016,2005,여,5,초등,초등,2,6,2,N
ba137adc112d,2016,1991,여,19,대학·일반,대학·일반,2,4,2,N
ba571c90b7e5,2016,2002,남,8,중등,중등,4,11,2,N
bac68acf29ff,2016,1992,여,18,대학·일반,대학·일반,5,19,1|2,Y
bb938f82563f,2016,2002,남,8,중등,중등,1,2,2,N
bbf3b58a1575,2016,2003,남,7,중등,초등,2,4,2,N
bc090871124c,2016,2004,여,6,초등,초등,3,6,2,N
bc1f82eb21a3,2016,2007,여,3,초등,초등,4,12,2,N
bcfaf780b48e,2016,1999,여,11,고등,고등,7,30,2,Y
be223cde0f92,2016,1997,남,13,대학·일반,고등,1,2,2,N
be5403820fd0,2016,2006,여,4,초등,초등,2,4,2,N
be908d8b267f,2016,1996,여,14,대학·일반,대학·일반,7,28,2,Y
bea18b3f73cd,2016,2002,남,8,중등,중등,3,17,2,N
bedd8a47f349,2016,2005,남,5,초등,초등,1,2,2,N
c006ae12a94f,2016,2003,남,7,중등,초등,1,2,2,N
c088d6dfee2c,2016,1993,남,17,대학·일반,대학·일반,4,13,2,Y
c0ec766e62d3,2016,2003,남,7,중등,중등,3,10,2,N
c11bc920f80b,2016,1974,남,36,대학·일반,대학·일반,1,1,2,N
c1496d6f19d5,2016,2005,남,5,초등,초등,2,6,2,N
c15b0b6411b1,2016,2000,여,10,고등,고등,5,14,2,N
c1e907f0d932,2016,2001,여,9,중등,중등,4,11,2,N
c21c87f50be3,2016,1999,남,11,고등,고등,7,30,2,Y
c2bfec1d2fc8,2016,2004,여,6,초등,초등,6,17,1|2,N
c2c2ac55fd3c,2016,2004,남,6,초등,초등,4,16,2,N
c2dd4fa0aaf9,2016,2006,여,4,초등,초등,5,30,2,N
c31c57957ac5,2016,1995,남,15,대학·일반,대학·일반,4,9,2,Y
c346076a8c65,2016,2006,여,4,초등,초등,3,10,2,N
c3845507716d,2016,2006,남,4,초등,초등,4,13,2,N
c3d174bd7b0d,2016,1994,여,16,대학·일반,대학·일반,7,46,2,Y
c3d39ae7c008,2016,2003,남,7,중등,중등,4,14,2,N
c40477783db4,2016,2001,남,9,중등,중등,4,13,2,N
c421840b954a,2016,2004,남,6,초등,초등,7,18,1|2,Y
c4fffaf03c91,2016,2005,남,5,초등,초등,3,9,2,N
c5739e5bb80a,2016,2003,여,7,중등,초등,1,2,2,N
c584956e3254,2016,1997,남,13,대학·일반,대학·일반,6,43,2,Y
c5b88177f870,2016,2005,남,5,초등,초등,6,25,2,N
c5cd7dd40d89,2016,2000,남,10,고등,고등,2,5,2,N
c5d29e88f697,2016,1995,남,15,대학·일반,대학·일반,9,24,1,Y
c6517e79afe0,2016,2006,여,4,초등,초등,4,23,2,N
c748efda2f20,2016,2006,여,4,초등,초등,5,18,2,N
c7cea8aae72e,2016,2004,여,6,초등,초등,5,13,2,N
c7e03fe9a727,2016,2008,남,2,초등,초등,3,12,2,N
c82cacdbf6a7,2016,1996,남,14,대학·일반,대학·일반,1,1,2,N
c8b15fe4ec56,2016,1993,여,17,대학·일반,대학·일반,1,2,2,N
c9ce03fb973d,2016,2004,여,6,초등,초등,6,36,2,N
c9d48e5977e8,2016,2000,남,10,고등,중등,1,2,2,N
c9f60af2daaa,2016,2003,여,7,중등,초등,2,4,2,N
ca69b7d9fe0a,2016,2001,남,9,중등,중등,4,13,2,N
ca74ac736a8c,2016,2006,남,4,초등,초등,4,28,2,N
ca8235bbaac4,2016,2001,여,9,중등,중등,7,31,2,Y
caade68ad452,2016,2001,남,9,중등,중등,6,23,2,Y
cbbb1a6a0478,2016,2003,남,7,중등,중등,2,7,2,N
cbff9bc32c05,2016,1998,남,12,고등,고등,1,1,2,N
cc4e2bfd2d0a,2016,2001,남,9,중등,중등,9,21,1,Y
cc8aacdad28a,2016,1995,남,15,대학·일반,대학·일반,6,30,2,Y
cca3d01fdc76,2016,2003,남,7,중등,중등,1,1,2,N
ccd4f861f9b0,2016,2000,남,10,고등,고등,7,22,2,Y
cce216458cac,2016,2001,남,9,중등,중등,6,25,2,Y
cd4405cdba61,2016,2002,남,8,중등,중등,5,20,2,N
ce28f665d8ec,2016,2003,여,7,중등,초등,1,2,2,N
ce5b9af28dd0,2016,2000,여,10,고등,고등,7,20,1|2,Y
d04da41971ae,2016,2007,여,3,초등,초등,3,9,2,N
d08b814c6610,2016,1956,남,54,대학·일반,대학·일반,1,1,2,N
d1d65ce6c04c,2016,1969,남,41,대학·일반,대학·일반,1,2,2,N
d2840f067bbe,2016,2004,남,6,초등,초등,1,2,2,N
d2e0a39a299f,2016,1996,남,14,대학·일반,대학·일반,7,26,1|2,Y
d3138c670a26,2016,2001,여,9,중등,중등,4,8,2,N
d450334d5fda,2016,1993,남,17,대학·일반,대학·일반,7,32,2,Y
d4ed2844805e,2016,2004,여,6,초등,초등,5,23,2,N
d50402223788,2016,2000,남,10,고등,고등,7,33,2,Y
d50f209f4e38,2016,2006,여,4,초등,초등,2,5,2,N
d5272b79a481,2016,1994,여,16,대학·일반,대학·일반,10,25,1|2,Y
d52c08e8f70e,2016,2003,남,7,중등,초등,1,2,2,N
d54ee80faef2,2016,2001,여,9,중등,중등,1,2,2,N
d56dbbf2fddf,2016,2005,여,5,초등,초등,6,14,1,Y
d57de3d4a8bc,2016,2004,여,6,초등,초등,1,2,2,N
d632e357c512,2016,2008,남,2,초등,초등,4,23,2,N
d66fe4ac13ba,2016,1992,남,18,대학·일반,대학·일반,8,14,1,Y
d68a10321ab6,2016,2007,남,3,초등,초등,3,13,2,N
d68b66341589,2016,2003,남,7,중등,중등,4,14,2,N
d6be78d1e42a,2016,2004,남,6,초등,초등,1,2,2,N
d6e04790b18f,2016,1998,남,12,고등,고등,7,19,1,Y
d747953dba4c,2016,1998,남,12,고등,고등,2,3,2,N
d7d7c6478ccd,2016,1995,남,15,대학·일반,대학·일반,7,35,2,Y
d7feb4abef2c,2016,1991,남,19,대학·일반,대학·일반,6,14,1,Y
d8abff4d38f1,2016,2005,남,5,초등,초등,4,10,2,N
d8aeb3c5bfd2,2016,2005,여,5,초등,초등,1,1,2,N
d902f5800a69,2016,2007,남,3,초등,초등,1,2,2,N
d922b1eedf3c,2016,1998,남,12,고등,고등,5,25,2,Y
d97c2e899c27,2016,2002,여,8,중등,중등,2,3,1,Y
d9e65639ab1a,2016,2004,남,6,초등,초등,2,4,2,N
d9eb328b75b3,2016,1996,여,14,대학·일반,대학·일반,11,28,1|2,Y
da013bbf02f6,2016,2005,남,5,초등,초등,2,4,2,N
da074dfc95bc,2016,1996,남,14,대학·일반,대학·일반,1,2,2,N
da216b6697bb,2016,2006,남,4,초등,초등,1,2,2,N
da2f19d481de,2016,1997,남,13,대학·일반,고등,1,2,2,N
da8559996b5f,2016,2004,남,6,초등,초등,4,9,2,N
daee1077985a,2016,1995,남,15,대학·일반,대학·일반,2,4,2,N
db1cdee67b02,2016,2004,남,6,초등,중등,4,9,2,N
db3f17b5432d,2016,2005,여,5,초등,초등,6,33,2,N
dc8e8984ab33,2016,2008,남,2,초등,초등,3,16,2,N
ddceef8af3c7,2016,2000,남,10,고등,고등,7,22,1|2,Y
de1a37e081c7,2016,1994,남,16,대학·일반,대학·일반,8,44,2,Y
def24c182562,2016,2003,남,7,중등,중등,3,7,2,N
df0e87cc1575,2016,1997,여,13,대학·일반,대학·일반,6,24,1|2,Y
e02e5ece24f5,2016,1988,남,22,대학·일반,대학·일반,7,32,2,Y
e0c8d6d91885,2016,1996,남,14,대학·일반,대학·일반,2,5,2,N
e1d66b71c09e,2016,2003,여,7,중등,초등,1,2,2,N
e2049ad004d8,2016,2002,여,8,중등,중등,5,18,2,N
e22858211cfc,2016,2006,남,4,초등,초등,1,2,2,N
e29d4843a227,2016,2005,남,5,초등,초등,4,11,2,N
e353f8b619cb,2016,1993,남,17,대학·일반,대학·일반,7,24,2,Y
e37d609ba13f,2016,2003,여,7,중등,중등,5,21,2,N
e3be26585644,2016,2004,남,6,초등,초등,6,34,2,N
e469e6b40124,2016,2002,여,8,중등,중등,1,1,1,N
e5a99e70f794,2016,2004,여,6,초등,초등,1,2,2,N
e6e4cd92df18,2016,2006,남,4,초등,초등,5,18,2,N
e720070cc73c,2016,2006,남,4,초등,초등,5,31,2,N
e83d833e55f2,2016,2003,여,7,중등,초등,1,2,2,N
e847a448da95,2016,1998,남,12,고등,고등,1,2,2,N
e93b65fce5f2,2016,2001,여,9,중등,중등,4,13,2,N
e94ab0bb5548,2016,1997,여,13,대학·일반,대학·일반,7,29,2,Y
e9f2eb2cdb5e,2016,2002,여,8,중등,중등,3,11,2,N
ea19b07c0d7f,2016,2005,여,5,초등,초등,5,17,2,N
eab97c2399f1,2016,2004,여,6,초등,초등,3,8,2,N
eaeb01f670de,2016,2006,여,4,초등,초등,6,28,2,N
ec08969c46d4,2016,2003,남,7,중등,중등,3,6,2,N
ecba42a38e94,2016,2007,남,3,초등,초등,1,2,1,N
ecd1084af1e4,2016,2001,여,9,중등,중등,1,2,2,N
ed73a9876f68,2016,2005,남,5,초등,초등,4,19,2,N
edb357db45c8,2016,1991,남,19,대학·일반,대학·일반,6,36,2,Y
edb7716ac8af,2016,2005,여,5,초등,초등,1,4,2,N
ee0af29092e0,2016,2001,여,9,중등,중등,1,2,2,N
eea04db8fc3f,2016,2001,여,9,중등,중등,1,2,2,N
ef363251abb0,2016,2001,여,9,중등,고등,7,35,2,Y
ef9a488ce630,2016,1997,남,13,대학·일반,고등,1,2,2,N
f0fea5dc711f,2016,1997,남,13,대학·일반,대학·일반,6,18,1|2,Y
f1063e4b08f2,2016,1992,남,18,대학·일반,대학·일반,6,20,2,Y
f12df0dbe7d0,2016,2005,남,5,초등,초등,4,22,2,N
f145e63d5ed5,2016,1993,여,17,대학·일반,대학·일반,5,15,1|2,Y
f17bd9cb7818,2016,1989,남,21,대학·일반,대학·일반,4,33,2,Y
f20265612a9a,2016,2003,남,7,중등,초등,1,2,2,N
f22d80da94c5,2016,2004,남,6,초등,초등,4,18,2,N
f36581183f7b,2016,1999,남,11,고등,고등,2,4,2,N
f36602b19d2d,2016,2000,여,10,고등,고등,6,24,2,Y
f3f3cebd89fe,2016,2002,남,8,중등,중등,3,9,2,N
f414a1a6a5bf,2016,2003,남,7,중등,초등,1,2,2,N
f47f31b344a7,2016,1988,남,22,대학·일반,대학·일반,4,14,1|2,Y
f47f92dcf31c,2016,2004,여,6,초등,초등,1,1,2,N
f4d2a5032915,2016,1998,여,12,고등,대학·일반,8,35,2,Y
f5826bc39d6d,2016,2003,여,7,중등,중등,5,17,2,N
f6384e0bfbd8,2016,2004,남,6,초등,초등,6,25,2,N
f69ffb12d14e,2016,2002,남,8,중등,중등,3,8,2,N
f6c165689145,2016,1996,남,14,대학·일반,대학·일반,5,22,1|2,Y
f7b21c318096,2016,1987,남,23,대학·일반,대학·일반,5,15,1|2,Y
f8bbc50957b9,2016,1999,여,11,고등,고등,2,4,2,N
f9485279a90f,2016,1995,여,15,대학·일반,대학·일반,8,44,2,Y
fabef5f91cdd,2016,2002,남,8,중등,중등,3,7,2,N
faf222e8aacc,2016,1996,남,14,대학·일반,대학·일반,7,29,2,Y
fbdb4c0306ef,2016,2007,남,3,초등,초등,4,20,2,N
fcaf4a531687,2016,1991,남,19,대학·일반,대학·일반,8,23,1|2,Y
fcbeb2192a52,2016,2004,남,6,초등,초등,1,2,2,N
fd65df9d9852,2016,2004,여,6,초등,초등,1,4,2,N
fd6ad2e1ace5,2016,1998,남,12,고등,고등,2,7,2,N
fdcd1a7159de,2016,2004,남,6,초등,초등,2,3,1,N
fe27d7864e4e,2016,2002,남,8,중등,중등,5,22,2,N
fe3cef2855f3,2016,2005,남,5,초등,초등,1,2,2,N
fe42895c1935,2016,2007,남,3,초등,초등,4,13,2,N
feaf12c7995a,2016,2007,여,3,초등,초등,2,6,2,N
ffaf75e1e3ac,2016,2007,남,3,초등,초등,5,28,2,N
001deb32ccba,2017,1999,여,12,고등,고등,8,38,2,Y
01e81df1b330,2017,2005,남,6,초등,초등,5,20,2,N
0272e3dc57f0,2017,1975,남,36,대학·일반,대학·일반,1,1,2,N
0296a68b22c2,2017,2003,남,8,중등,중등,6,30,2,Y
0297fb5515f4,2017,2005,남,6,초등,초등,1,2,2,N
02a4a843c02e,2017,2007,남,4,초등,초등,4,13,2,N
02e2aa52f9ee,2017,2005,남,6,초등,초등,5,15,2,N
04a963b500f6,2017,1998,여,13,대학·일반,대학·일반,8,15,1,Y
04adc2490f0e,2017,2008,여,3,초등,초등,1,2,2,N
04ddae787493,2017,2005,남,6,초등,초등,7,41,1|2,N
058ea815622d,2017,1999,여,12,고등,고등,5,13,1|2,N
06a1f68b64c8,2017,2008,남,3,초등,초등,1,1,2,N
0707e8137993,2017,2001,남,10,고등,고등,5,14,1|2,N
0716360d5f0f,2017,1995,남,16,대학·일반,대학·일반,4,10,1|2,Y
0732e417b848,2017,2002,여,9,중등,중등,8,43,2,Y
07d9b3e2cade,2017,1998,남,13,대학·일반,대학·일반,3,7,2,N
08db8b732de5,2017,2004,남,7,중등,중등,2,5,2,N
0a2de10b61d7,2017,2000,여,11,고등,고등,2,6,2,N
0a4bf9101fa7,2017,2008,여,3,초등,초등,6,32,2,N
0a72271a9015,2017,2007,남,4,초등,초등,1,2,2,N
0ab7dff2dd81,2017,2005,여,6,초등,초등,2,4,2,N
0ab88cfb98bc,2017,2005,여,6,초등,초등,5,26,2,N
0ad6f1d603a9,2017,2001,여,10,고등,고등,5,17,2,Y
0af1f8641a01,2017,1993,남,18,대학·일반,대학·일반,7,43,2,Y
0b1d64e0338c,2017,1968,남,43,대학·일반,대학·일반,1,1,2,N
0b445b8581e0,2017,2006,여,5,초등,초등,4,9,2,N
0b5d63780e46,2017,2000,남,11,고등,중등,1,2,2,N
0c7d8679d55a,2017,2008,남,3,초등,초등,1,2,2,N
0cf4462ac657,2017,2008,남,3,초등,초등,5,22,2,N
0de46d37712e,2017,2007,남,4,초등,초등,4,12,2,N
0e555532cf0b,2017,2004,여,7,중등,중등,3,6,2,N
0eb94a521cd7,2017,2007,남,4,초등,초등,3,5,1|2,N
0f3c3a1288c4,2017,1997,남,14,대학·일반,대학·일반,5,29,2,Y
0f3daa823e81,2017,2005,남,6,초등,초등,5,33,2,N
0f41fbece094,2017,1995,남,16,대학·일반,대학·일반,4,7,2,N
0f582fa50035,2017,2010,남,1,초등,초등,1,2,2,N
0fec83800031,2017,2006,여,5,초등,초등,5,17,2,N
103a8754af0f,2017,2005,남,6,초등,초등,3,11,2,N
10b6568c55cd,2017,2003,여,8,중등,중등,2,4,2,N
113fb563e142,2017,1999,남,12,고등,고등,5,15,2,Y
118e90000d73,2017,2000,남,11,고등,고등,8,64,2,Y
11f970f7f448,2017,1997,남,14,대학·일반,대학·일반,1,2,2,N
127e6c8048ef,2017,2004,여,7,중등,초등,1,2,2,N
12857deb2953,2017,1998,여,13,대학·일반,대학·일반,7,18,1,Y
1292d69c4caf,2017,2004,남,7,중등,중등,4,8,2,N
12fc3065e382,2017,2007,남,4,초등,초등,5,19,2,N
1423282e3a6d,2017,2000,남,11,고등,고등,4,7,2,N
14a17e18da9d,2017,2008,여,3,초등,초등,2,5,2,N
14a21cfa416a,2017,1993,여,18,대학·일반,대학·일반,7,30,2,Y
150a58864864,2017,2002,여,9,중등,중등,3,12,2,N
15550bfbbcd9,2017,2000,여,11,고등,고등,1,2,2,N
1649ff9df336,2017,2001,여,10,고등,중등,2,3,1,Y
1652b342aa99,2017,2004,남,7,중등,중등,3,5,1,N
167a9f4bce74,2017,2002,남,9,중등,중등,1,2,2,N
167c1840e74e,2017,2003,여,8,중등,중등,5,22,2,N
169491b323b3,2017,2007,여,4,초등,초등,4,11,2,N
16cd2e8e210c,2017,2004,남,7,중등,중등,4,10,2,N
16d89eed9e82,2017,2001,여,10,고등,,2,7,2,Y
16e8c6d7367d,2017,1992,여,19,대학·일반,대학·일반,2,4,1,Y
1766851ca86f,2017,2004,여,7,중등,중등,3,8,2,N
18657920a677,2017,2004,여,7,중등,초등,1,1,2,N
188452e8c262,2017,2003,남,8,중등,중등,1,3,2,N
18ee553f4b1f,2017,1997,남,14,대학·일반,대학·일반,7,13,1,Y
1904fad76ae4,2017,2002,남,9,중등,중등,4,23,2,N
19be99f59bab,2017,2000,남,11,고등,고등,4,13,2,Y
19dbab644b2c,2017,2002,남,9,중등,중등,1,2,2,N
1b136bac69d8,2017,2005,남,6,초등,초등,4,11,2,N
1b75ad970c08,2017,1997,남,14,대학·일반,대학·일반,2,5,2,N
1c5e68f84cf3,2017,1998,남,13,대학·일반,대학·일반,7,37,2,Y
1f0954e96210,2017,1989,남,22,대학·일반,대학·일반,3,23,2,Y
1f0f26f535e5,2017,1991,여,20,대학·일반,대학·일반,6,29,2,Y
1f1e159f8f26,2017,2006,남,5,초등,초등,1,2,2,N
1f7edacccc17,2017,1997,여,14,대학·일반,,2,23,2,Y
1fffc171f46e,2017,2005,여,6,초등,초등,5,31,2,N
213dd96bc532,2017,1994,남,17,대학·일반,대학·일반,7,18,1,Y
21f1b227fff4,2017,2006,남,5,초등,초등,4,14,2,N
22196f1cb541,2017,1997,남,14,대학·일반,대학·일반,5,13,2,Y
225fb455c010,2017,1993,남,18,대학·일반,대학·일반,3,14,2,Y
22c4395662f0,2017,2004,여,7,중등,중등,3,9,2,N
22c70867823a,2017,1993,남,18,대학·일반,대학·일반,1,2,2,N
22ce3ebd7efd,2017,1953,남,58,대학·일반,대학·일반,1,1,2,N
233804408bef,2017,2009,여,2,초등,초등,5,20,2,N
233b40519c1a,2017,1997,여,14,대학·일반,대학·일반,4,7,2,N
2396bd738793,2017,1998,남,13,대학·일반,대학·일반,2,5,2,N
23a5df22cfb8,2017,1997,남,14,대학·일반,대학·일반,4,18,2,Y
23c12e9b7060,2017,2006,여,5,초등,초등,6,40,2,N
23fdd3113f3e,2017,1994,여,17,대학·일반,대학·일반,4,8,2,N
2447ce15f2ca,2017,2007,여,4,초등,초등,3,8,2,N
2454cfd13999,2017,2002,남,9,중등,중등,6,26,2,Y
25fb9cf0d380,2017,2006,여,5,초등,초등,2,4,2,N
26d5bb612f35,2017,1993,남,18,대학·일반,대학·일반,6,40,2,Y
26e4ba0ba01a,2017,2006,여,5,초등,초등,3,9,2,N
26f77e512a43,2017,2003,여,8,중등,중등,2,6,2,N
275b1a236e1d,2017,1999,여,12,고등,고등,4,22,2,Y
2796274b6b7c,2017,1989,남,22,대학·일반,대학·일반,4,15,1,Y
28133b25877f,2017,2007,여,4,초등,초등,2,3,1|2,N
284c016663a5,2017,2000,여,11,고등,고등,6,24,2,Y
2909bacf2b4c,2017,1990,남,21,대학·일반,대학·일반,6,17,1|2,Y
29307a930b64,2017,2004,여,7,중등,중등,4,11,2,N
29a4138c63cb,2017,2010,남,1,초등,초등,1,4,2,N
2af4aa3d8347,2017,1993,여,18,대학·일반,대학·일반,5,17,2,N
2bd45abdf686,2017,1996,여,15,대학·일반,대학·일반,6,19,2,Y
2c46cf1d257c,2017,2006,남,5,초등,초등,4,13,2,N
2d414e0ee830,2017,1999,남,12,고등,고등,3,6,2,N
2d46caf4d922,2017,1994,남,17,대학·일반,대학·일반,1,2,2,N
2de0b6fa1524,2017,2002,여,9,중등,중등,1,2,2,N
2e3ecd473e83,2017,2007,남,4,초등,초등,5,27,2,N
2e7a0aab7956,2017,2007,여,4,초등,초등,4,17,2,N
2e86127057c0,2017,2005,남,6,초등,초등,3,6,2,N
2ed3bf62cc16,2017,1999,남,12,고등,대학·일반,7,14,1,Y
2f428e11b789,2017,1996,남,15,대학·일반,대학·일반,7,30,2,Y
2f5876f49425,2017,2006,여,5,초등,초등,1,2,2,N
2fb9c2bbf582,2017,2004,여,7,중등,중등,2,5,2,N
30525392671e,2017,2004,남,7,중등,중등,4,10,2,N
30694b5c1800,2017,1999,남,12,고등,대학·일반,4,8,1,Y
308f73e06b7d,2017,2001,여,10,고등,중등,2,4,2,N
31deaa043f12,2017,1997,여,14,대학·일반,대학·일반,1,2,2,N
322d4e835fea,2017,1999,남,12,고등,고등,7,27,2,Y
3281617690c3,2017,1995,남,16,대학·일반,대학·일반,5,9,1,Y
328770e41a9e,2017,1998,남,13,대학·일반,고등,1,2,2,N
32c8f1560d3a,2017,1999,여,12,고등,고등,3,24,2,Y
33039690841f,2017,2005,남,6,초등,초등,3,8,2,N
333f0fd3030f,2017,2003,여,8,중등,중등,2,3,1|2,N
33fd4496b754,2017,1998,남,13,대학·일반,고등,2,4,2,N
34053d95f43c,2017,2001,남,10,고등,고등,7,31,2,Y
347591aff7c4,2017,2005,남,6,초등,초등,1,2,2,N
37653ea034d3,2017,2006,남,5,초등,초등,3,14,2,N
3771801f4022,2017,2010,여,1,초등,초등,5,14,2,N
37e213997ab5,2017,2002,여,9,중등,중등,7,28,2,Y
383a7e1421ff,2017,2007,여,4,초등,초등,5,16,2,N
38b0125c6b0d,2017,2002,남,9,중등,중등,3,8,2,N
38c58d240e01,2017,2004,여,7,중등,중등,4,8,2,N
3921a6f00ce3,2017,1965,남,46,대학·일반,대학·일반,1,1,2,N
39289c0b69e5,2017,1998,남,13,대학·일반,대학·일반,7,21,2,Y
39ec2aeda4cc,2017,2003,여,8,중등,중등,2,3,1,Y
39f6621d7e2b,2017,1995,여,16,대학·일반,대학·일반,7,32,2,Y
3a0f8e787acb,2017,2000,여,11,고등,고등,8,32,2,Y
3a3fb5481954,2017,2006,남,5,초등,초등,1,2,2,N
3a6a5a64b930,2017,2005,남,6,초등,초등,4,22,2,N
3a9d9db31540,2017,2005,남,6,초등,초등,2,7,2,N
3aea36751045,2017,2007,남,4,초등,초등,5,22,2,N
3b8c3f7937a3,2017,1991,여,20,대학·일반,대학·일반,6,16,2,Y
3bcccfa4b437,2017,2006,남,5,초등,초등,2,5,2,N
3bd94fbc5a76,2017,2009,여,2,초등,초등,2,10,2,N
3bedd8cb10c8,2017,2006,여,5,초등,초등,5,10,1|2,N
3c3dd16e8c6d,2017,2005,여,6,초등,초등,2,4,2,N
3c4cff57b8af,2017,2005,남,6,초등,초등,3,11,2,N
3c6cd8dd118a,2017,2003,남,8,중등,중등,1,3,2,N
3c7005fc99e1,2017,2009,남,2,초등,초등,4,17,2,N
3d50fc7659e6,2017,2002,남,9,중등,중등,6,18,1|2,N
3da4d8cbc4a1,2017,2008,남,3,초등,초등,3,6,2,N
3f5ac571de4c,2017,2002,여,9,중등,중등,3,6,2,N
40793898b08e,2017,1997,남,14,대학·일반,대학·일반,5,16,2,Y
408a8e6caa8b,2017,2005,여,6,초등,초등,4,14,2,N
41d3b04611d6,2017,2000,남,11,고등,고등,6,20,2,Y
42a7b66e8afe,2017,2007,남,4,초등,초등,3,6,2,N
42bb2f3789d2,2017,2001,여,10,고등,중등,1,2,2,N
4413d0e24fe3,2017,2002,남,9,중등,중등,7,31,2,Y
445c1ffd77ff,2017,1987,남,24,대학·일반,대학·일반,4,9,2,N
446e5d32425d,2017,2003,남,8,중등,중등,3,9,2,N
44836eb7c1c3,2017,2007,남,4,초등,초등,2,4,2,N
44b321671632,2017,2007,남,4,초등,초등,3,8,2,N
4529e6f7aedd,2017,2004,여,7,중등,중등,5,14,2,N
460e91d9808f,2017,2006,여,5,초등,초등,5,26,2,N
46c211450ef5,2017,2005,남,6,초등,초등,7,16,1,Y
46cdfe4b94d7,2017,2008,남,3,초등,초등,3,11,2,N
4773cab8f530,2017,1994,남,17,대학·일반,대학·일반,6,22,2,Y
47cf057207fd,2017,2002,남,9,중등,중등,1,2,2,N
47f9701de090,2017,2004,남,7,중등,중등,2,5,2,N
48313f2d5189,2017,2004,여,7,중등,초등,1,2,2,N
483ab294e424,2017,2000,남,11,고등,고등,7,27,2,Y
489d2e100010,2017,2008,여,3,초등,초등,4,18,2,N
48c0037b849a,2017,1995,여,16,대학·일반,대학·일반,2,5,2,Y
48ccf52edfd4,2017,2005,여,6,초등,초등,4,18,2,N
4998dc521b62,2017,2006,남,5,초등,초등,3,7,2,N
49fef45ce8d1,2017,1999,남,12,고등,고등,1,1,2,N
4a5a12b8a207,2017,2002,남,9,중등,중등,7,38,2,Y
4a9b72c6415b,2017,2008,남,3,초등,초등,2,4,2,N
4abde24943d8,2017,2003,남,8,중등,중등,7,30,2,Y
4b2f5342f081,2017,2002,여,9,중등,중등,1,1,2,N
4c727e166aac,2017,2003,남,8,중등,중등,5,21,2,N
4d43bd05a22c,2017,2002,여,9,중등,중등,8,20,1,Y
4e6b997a8725,2017,1989,여,22,대학·일반,대학·일반,3,6,2,N
4ea89950c447,2017,2009,남,2,초등,초등,1,2,2,N
4f0587b605c0,2017,1999,남,12,고등,대학·일반,8,59,2,Y
4f895cce3378,2017,2008,남,3,초등,초등,1,2,2,N
4f8aa9e33e5b,2017,2004,여,7,중등,중등,4,10,2,N
508141dc88d9,2017,1999,남,12,고등,고등,6,32,2,Y
50bb4357045f,2017,1999,남,12,고등,고등,3,7,2,N
511a5228e6b7,2017,2004,여,7,중등,초등,1,2,2,N
5140194a098d,2017,1993,남,18,대학·일반,대학·일반,4,12,2,N
516aadc16dd9,2017,2007,여,4,초등,초등,5,17,2,N
5218f509db6e,2017,2006,여,5,초등,초등,2,4,2,N
523d6cf9c251,2017,2002,남,9,중등,중등,7,18,1,Y
52dd877d418e,2017,2006,남,5,초등,초등,6,36,2,N
52fb82ab3a08,2017,1990,남,21,대학·일반,대학·일반,6,19,2,Y
536d965b09a5,2017,2005,남,6,초등,초등,5,13,2,N
53d0fd32bf26,2017,2001,남,10,고등,고등,4,13,2,Y
53e87fe20484,2017,2003,남,8,중등,중등,5,22,2,N
549b3ef90844,2017,2006,남,5,초등,초등,5,19,2,N
552f6f49278f,2017,2009,여,2,초등,초등,2,5,2,N
555db47f1e2e,2017,2010,남,1,초등,초등,1,3,2,N
5569426f0783,2017,2001,여,10,고등,중등,1,2,2,N
562ecc66a7be,2017,2003,남,8,중등,중등,7,35,2,Y
573b36bd28b1,2017,1997,남,14,대학·일반,대학·일반,2,4,2,N
5740ab030bcc,2017,2003,남,8,중등,중등,1,2,2,N
57fea5d7f235,2017,2006,여,5,초등,초등,5,24,2,N
5800fadae4ff,2017,2007,여,4,초등,초등,2,5,2,N
58418ba38085,2017,2004,남,7,중등,중등,3,7,2,N
58841b315fee,2017,2005,여,6,초등,초등,2,3,1,Y
58ec54b90c37,2017,2003,여,8,중등,중등,5,19,2,N
59e668901ece,2017,2003,남,8,중등,중등,1,2,2,N
5c75f5194b15,2017,1990,남,21,대학·일반,대학·일반,3,9,2,N
5d1528b228c1,2017,1998,남,13,대학·일반,고등,1,2,2,N
5d21baafba1d,2017,2007,남,4,초등,초등,4,20,2,N
5d5457057f8a,2017,1998,남,13,대학·일반,대학·일반,4,13,2,Y
5e7fa52b4d83,2017,2001,여,10,고등,고등,9,25,1|2,Y
5eb13f527fe7,2017,1992,여,19,대학·일반,대학·일반,4,7,2,N
5f32c0914693,2017,2002,여,9,중등,중등,1,2,2,N
61b018a28cc5,2017,1998,남,13,대학·일반,대학·일반,5,11,2,Y
61cadab7573c,2017,2001,남,10,고등,고등,4,18,2,N
62c11a801dcd,2017,1988,남,23,대학·일반,대학·일반,7,35,2,Y
62eb10bcec3b,2017,2007,남,4,초등,초등,3,10,2,N
6352595f975c,2017,1992,남,19,대학·일반,대학·일반,7,15,1|2,Y
635aaabb0921,2017,2002,여,9,중등,중등,3,8,2,N
63db10152c9e,2017,2010,여,1,초등,초등,5,18,2,N
64762911db97,2017,1993,남,18,대학·일반,,2,8,1,Y
64b7cfce3630,2017,2004,남,7,중등,초등,1,2,2,N
65c97bda99d0,2017,2002,남,9,중등,중등,7,37,2,Y
65d806e2eb77,2017,2005,남,6,초등,초등,5,12,2,N
65dd4577519a,2017,1991,남,20,대학·일반,대학·일반,1,2,2,N
662b51f36011,2017,1998,남,13,대학·일반,대학·일반,5,15,2,Y
66383d8daaac,2017,2006,남,5,초등,초등,4,8,2,N
67a72efc0413,2017,2000,여,11,고등,대학·일반,5,13,2,Y
67dc6ccd9ffa,2017,2004,남,7,중등,중등,5,20,2,N
67f0f58a3c01,2017,2003,남,8,중등,중등,4,11,2,N
686a9d0d21ef,2017,1990,남,21,대학·일반,대학·일반,1,2,2,N
6a1768916603,2017,1990,여,21,대학·일반,대학·일반,6,21,2,Y
6b1054af486e,2017,1995,여,16,대학·일반,대학·일반,4,10,1,Y
6b18c49592fb,2017,2007,여,4,초등,초등,4,24,2,N
6b1db24cd950,2017,1999,남,12,고등,고등,9,26,1,Y
6bf5d106417f,2017,2003,여,8,중등,중등,8,29,1|2,Y
6c00c5ca3cc8,2017,2004,여,7,중등,중등,4,7,1,Y
6c3de0c95546,2017,2004,여,7,중등,초등,1,2,2,N
6c6001903f27,2017,2007,남,4,초등,초등,4,13,2,N
6f2d2c17ec51,2017,2001,여,10,고등,고등,6,17,2,Y
6f6e2706dbe3,2017,2002,여,9,중등,중등,3,13,2,Y
6fc419889959,2017,2003,남,8,중등,중등,4,8,1|2,Y
703d71ebe1bf,2017,1990,남,21,대학·일반,대학·일반,1,2,2,N
715cec6a3d40,2017,1998,남,13,대학·일반,대학·일반,8,43,2,Y
7224895b6689,2017,2005,남,6,초등,초등,5,11,2,N
7331b02e6521,2017,2003,남,8,중등,중등,5,18,2,N
735ef2d955de,2017,1998,남,13,대학·일반,대학·일반,8,19,1,Y
74378e73b1d8,2017,2005,여,6,초등,초등,2,6,2,N
751c1cad9993,2017,2005,여,6,초등,초등,1,2,2,N
753bb60c91d8,2017,2005,남,6,초등,초등,3,11,2,N
75404397362c,2017,2001,남,10,고등,고등,7,37,2,Y
75613589746d,2017,1996,남,15,대학·일반,대학·일반,2,4,2,N
7599fcb60326,2017,2009,남,2,초등,초등,5,19,2,N
764783edc41e,2017,2002,남,9,중등,중등,8,17,1|2,Y
7682a4ba1353,2017,2007,남,4,초등,초등,1,1,2,N
76bc3daea3bf,2017,2003,남,8,중등,중등,4,10,2,N
774892825a63,2017,2008,남,3,초등,초등,1,2,2,N
77aea32d94e2,2017,1995,여,16,대학·일반,대학·일반,7,27,2,Y
7886c0578460,2017,2006,남,5,초등,초등,1,2,2,N
7888da2a2b75,2017,1993,남,18,대학·일반,대학·일반,4,6,1,Y
78b743c5bff1,2017,1992,여,19,대학·일반,대학·일반,7,28,2,Y
7983c2463edc,2017,2004,여,7,중등,초등,1,2,2,N
79ae0d5998d5,2017,1993,여,18,대학·일반,대학·일반,7,19,2,Y
7b1e95e175d5,2017,2003,남,8,중등,중등,7,30,2,Y
7ba47907d375,2017,1994,남,17,대학·일반,대학·일반,5,14,1,Y
7bcef41c7919,2017,2008,남,3,초등,초등,5,29,2,N
7d57891e0e52,2017,2001,남,10,고등,고등,3,7,2,N
7d6f38807c1b,2017,2007,남,4,초등,초등,6,26,2,N
7e095e43f771,2017,2002,남,9,중등,중등,3,8,2,N
7e3ca13abba0,2017,2002,남,9,중등,중등,7,22,2,Y
7efea96608b4,2017,2007,남,4,초등,초등,6,38,2,N
7fad02e54fdc,2017,1996,남,15,대학·일반,대학·일반,1,2,2,N
808dc07732e7,2017,1999,남,12,고등,고등,5,10,1|2,Y
80a3b8111542,2017,2007,남,4,초등,초등,1,2,2,N
80ad9e3868fd,2017,2002,남,9,중등,중등,1,1,2,N
80b041eca001,2017,2000,남,11,고등,고등,7,32,2,Y
80c4d263fbe5,2017,2008,남,3,초등,초등,3,6,2,N
811dec6e3ad3,2017,1994,남,17,대학·일반,대학·일반,7,33,2,Y
818918888c8b,2017,2004,남,7,중등,중등,4,7,2,N
81a07ce06484,2017,2003,남,8,중등,중등,5,15,2,N
81ecef03ce53,2017,1999,남,12,고등,고등,8,16,1,Y
82baf36eaef3,2017,1958,남,53,대학·일반,대학·일반,2,4,2,N
834b3abb10c4,2017,2001,여,10,고등,고등,5,20,2,Y
83ced91451ec,2017,2003,여,8,중등,중등,2,4,2,N
83ffa1f62966,2017,2004,여,7,중등,중등,1,2,2,N
84587278c6a2,2017,2002,남,9,중등,중등,6,28,2,Y
8464b1f47861,2017,2002,여,9,중등,중등,8,39,2,Y
857f6e20752f,2017,2005,남,6,초등,초등,4,11,2,N
85abaa27a28c,2017,2003,여,8,중등,중등,3,8,2,N
88093090462f,2017,2000,남,11,고등,고등,6,15,1|2,Y
8813b3e58801,2017,1992,남,19,대학·일반,대학·일반,7,35,2,Y
8910573d2676,2017,2006,여,5,초등,초등,3,9,2,N
8920b85c7a8e,2017,2003,남,8,중등,중등,3,6,2,N
8970c464b9f4,2017,1993,남,18,대학·일반,대학·일반,7,19,1,Y
8a7c36f9cff8,2017,2000,남,11,고등,고등,5,17,2,Y
8afdacb7e027,2017,2000,남,11,고등,고등,6,33,2,Y
8b5a5a1dd231,2017,2007,남,4,초등,초등,3,6,2,N
8be3acddedb2,2017,2005,남,6,초등,초등,5,24,2,N
8c1f0bb5bd9e,2017,1993,남,18,대학·일반,대학·일반,4,12,2,N
8c2914cf58de,2017,2003,여,8,중등,중등,4,10,2,N
8c464f28a5bd,2017,1998,여,13,대학·일반,대학·일반,4,8,2,N
8d4f8130264e,2017,2006,남,5,초등,초등,1,2,2,N
8d741f47a76f,2017,2002,남,9,중등,중등,5,25,2,Y
8d8636df70f2,2017,2006,남,5,초등,초등,4,11,2,N
8dac74f2ca04,2017,2003,남,8,중등,중등,2,5,2,N
8df5ded40bc8,2017,1999,여,12,고등,고등,9,23,1|2,Y
8dfbd2942ac5,2017,1998,여,13,대학·일반,대학·일반,4,7,2,Y
8e4fe3b85160,2017,2002,남,9,중등,중등,6,15,1,Y
8e937c37ff03,2017,2004,남,7,중등,초등,1,2,2,N
8ec9a37d1317,2017,1998,남,13,대학·일반,대학·일반,6,16,2,Y
8f46bcdf68e5,2017,1997,남,14,대학·일반,대학·일반,4,6,2,N
8f4bacd8e332,2017,2006,여,5,초등,초등,6,29,2,N
8f698e2869ae,2017,1996,남,15,대학·일반,대학·일반,4,10,2,Y
8fb95de7ad39,2017,2004,여,7,중등,중등,3,11,2,N
900df6910556,2017,1999,여,12,고등,대학·일반,6,51,2,Y
91091850dad2,2017,2001,남,10,고등,고등,6,27,2,Y
9140e2ad0fc1,2017,2000,남,11,고등,고등,7,34,2,Y
91b2404fb38a,2017,1991,남,20,대학·일반,대학·일반,4,11,2,N
91caa93ee855,2017,2006,여,5,초등,초등,5,18,2,N
91d9cc69803e,2017,2008,여,3,초등,초등,4,11,2,N
9222fdaf4c9d,2017,1997,여,14,대학·일반,대학·일반,3,4,2,N
93066727a19c,2017,2006,남,5,초등,초등,6,33,2,N
93535f0fb85d,2017,1985,여,26,대학·일반,대학·일반,2,3,2,N
935835189e37,2017,2003,여,8,중등,중등,4,18,2,N
94677631a5cb,2017,1996,남,15,대학·일반,대학·일반,6,22,2,Y
94e735494a95,2017,2005,여,6,초등,초등,5,30,2,N
94f9fae60885,2017,2005,남,6,초등,초등,6,23,2,N
95726957d4e1,2017,2002,남,9,중등,중등,3,12,2,N
95d280fec7a1,2017,2008,여,3,초등,초등,6,19,2,N
96bc9aaee4e4,2017,1985,남,26,대학·일반,대학·일반,1,1,2,N
97a5718ca7a9,2017,1994,남,17,대학·일반,대학·일반,1,1,2,N
97b4816d62d6,2017,2001,남,10,고등,고등,7,33,2,Y
983ec6748edb,2017,1996,여,15,대학·일반,대학·일반,5,14,2,N
986ad5951944,2017,2006,남,5,초등,초등,2,6,2,N
98a24c345bc4,2017,2008,여,3,초등,초등,6,26,2,N
98cf8639bf81,2017,2001,여,10,고등,고등,7,30,2,Y
98d7288c7304,2017,1998,여,13,대학·일반,대학·일반,1,2,2,N
9935f4e0f7dd,2017,2002,남,9,중등,중등,1,2,2,N
9a0b23e8f1c8,2017,2002,여,9,중등,중등,1,2,2,N
9a136898aa22,2017,2008,남,3,초등,초등,2,6,2,N
9a3a6ed2ccb9,2017,2007,여,4,초등,초등,4,26,2,N
9b1407065833,2017,2000,남,11,고등,고등,6,18,2,Y
9eb74bd65f6d,2017,2008,남,3,초등,초등,3,8,2,N
9f20a85ae2a5,2017,2002,여,9,중등,고등,6,16,2,Y
9f21cfa5870e,2017,2001,여,10,고등,고등,8,34,2,Y
a00edd319d89,2017,1999,남,12,고등,고등,1,2,2,N
a040ef3107a1,2017,2008,남,3,초등,초등,3,7,2,N
a111bf8fa2a3,2017,2003,여,8,중등,중등,7,40,1|2,Y
a14c9c5d78c6,2017,2002,남,9,중등,중등,2,4,2,N
a1a242c20b56,2017,2001,여,10,고등,고등,2,4,2,N
a299d04c9dca,2017,2005,여,6,초등,초등,3,7,2,N
a305c2ca5547,2017,1997,남,14,대학·일반,대학·일반,6,19,2,Y
a32f03f3a702,2017,2002,남,9,중등,고등,5,12,2,N
a388696a931c,2017,2002,남,9,중등,중등,3,7,2,N
a38c13351511,2017,2000,여,11,고등,고등,1,2,2,N
a38f3e36f334,2017,2008,여,3,초등,초등,4,18,2,N
a3b48d5ade76,2017,2006,여,5,초등,초등,5,24,2,N
a5126863855e,2017,2001,여,10,고등,고등,6,17,2,Y
a54ffc97d962,2017,2002,남,9,중등,중등,2,4,2,N
a6852bc3f5b9,2017,1995,남,16,대학·일반,대학·일반,6,19,2,Y
a7129272906b,2017,1999,여,12,고등,고등,7,37,2,Y
a71c2bf05cc5,2017,2005,여,6,초등,초등,2,5,2,N
a765c0d58fea,2017,1985,여,26,대학·일반,대학·일반,6,19,2,Y
a7781f4c24f4,2017,2007,여,4,초등,초등,2,3,2,N
a7b2462b99b7,2017,2003,남,8,중등,중등,4,15,2,N
a7b993214f8d,2017,2000,여,11,고등,고등,8,51,2,Y
a8f865854d1b,2017,2005,남,6,초등,초등,1,2,2,N
a9a5507b44e5,2017,2005,남,6,초등,초등,3,10,2,N
a9fc4b5978c9,2017,1999,남,12,고등,고등,1,2,2,N
aa5d4d1dfefc,2017,2002,남,9,중등,중등,1,2,2,N
aa5d996a35e9,2017,2002,남,9,중등,중등,4,11,2,N
aada36e9c982,2017,1999,남,12,고등,고등,4,9,2,N
ab46aac2506d,2017,2004,여,7,중등,초등,2,4,2,N
abfbd31287f9,2017,2001,남,10,고등,고등,8,42,2,Y
ac9051c6491f,2017,1999,여,12,고등,고등,7,28,2,Y
adc91c1a07c8,2017,2002,여,9,중등,중등,4,8,2,N
ae079ebbad25,2017,2004,남,7,중등,중등,4,10,2,N
ae54ca637228,2017,2004,남,7,중등,초등,1,2,2,N
ae60d7c64fb4,2017,2006,남,5,초등,초등,4,8,2,N
ae6dd5c70109,2017,1997,남,14,대학·일반,대학·일반,3,11,2,Y
aeb8813a42d9,2017,2000,남,11,고등,고등,7,41,2,Y
aeb951b6b89b,2017,2002,남,9,중등,중등,4,9,1|2,N
aeb98b62c2a1,2017,2001,여,10,고등,중등,1,2,2,N
af5f9ce8641e,2017,1996,남,15,대학·일반,대학·일반,3,27,2,Y
af613fde6bf6,2017,1993,여,18,대학·일반,대학·일반,6,25,2,Y
afd5210eab86,2017,2009,남,2,초등,초등,4,19,2,N
aff7a2436fa2,2017,2007,남,4,초등,초등,4,21,2,N
b094d49dcf61,2017,2000,여,11,고등,고등,9,26,1,Y
b13c10ab1f4a,2017,2005,여,6,초등,초등,4,10,2,N
b18b368d31d8,2017,1994,남,17,대학·일반,대학·일반,7,15,1,Y
b23adf304bb3,2017,2002,여,9,중등,중등,7,37,2,Y
b23ef5311053,2017,1996,남,15,대학·일반,대학·일반,7,48,2,Y
b407980f8290,2017,2000,남,11,고등,고등,6,19,2,Y
b4462f101760,2017,2009,남,2,초등,초등,1,2,2,N
b4ee5650642f,2017,2006,남,5,초등,초등,3,7,2,N
b5919aedfb55,2017,2007,여,4,초등,초등,3,7,2,N
b59b2188aa9c,2017,2004,남,7,중등,중등,3,7,2,N
b5b94e97b0eb,2017,1989,여,22,대학·일반,대학·일반,3,6,2,N
b5e12f4b2d19,2017,1992,여,19,대학·일반,대학·일반,1,1,2,N
b6c954a76552,2017,2002,남,9,중등,중등,5,17,2,N
b761821ce5f1,2017,2007,남,4,초등,초등,2,5,2,N
b847ee6de612,2017,2004,남,7,중등,초등,2,4,2,N
b84a2a8ce26e,2017,2005,남,6,초등,초등,5,27,2,N
b8606a5bf2b3,2017,2000,남,11,고등,고등,7,20,2,Y
b87b3e0e8d1f,2017,2002,여,9,중등,중등,4,9,2,N
b9b4f5eea44b,2017,2004,남,7,중등,중등,5,22,2,N
b9d76942397b,2017,1988,남,23,대학·일반,대학·일반,4,11,2,N
b9fb5676d9c0,2017,2005,여,6,초등,초등,5,16,2,N
ba137adc112d,2017,1991,여,20,대학·일반,대학·일반,1,2,2,N
ba571c90b7e5,2017,2002,남,9,중등,중등,6,26,2,Y
bac68acf29ff,2017,1992,여,19,대학·일반,대학·일반,8,45,1|2,Y
bb938f82563f,2017,2002,남,9,중등,중등,1,3,2,N
bbf3b58a1575,2017,2003,남,8,중등,중등,1,2,2,N
bc090871124c,2017,2004,여,7,중등,중등,3,6,2,N
bc1f82eb21a3,2017,2007,여,4,초등,초등,4,21,2,N
bcfaf780b48e,2017,1999,여,12,고등,고등,8,48,2,Y
be5403820fd0,2017,2006,여,5,초등,초등,1,2,2,N
be908d8b267f,2017,1996,여,15,대학·일반,대학·일반,4,17,2,Y
bea18b3f73cd,2017,2002,남,9,중등,중등,4,17,2,N
bedd8a47f349,2017,2005,남,6,초등,초등,1,2,2,N
c088d6dfee2c,2017,1993,남,18,대학·일반,대학·일반,5,24,2,Y
c0ec766e62d3,2017,2003,남,8,중등,중등,5,17,2,N
c11bc920f80b,2017,1974,남,37,대학·일반,대학·일반,1,1,2,N
c1496d6f19d5,2017,2005,남,6,초등,초등,1,2,2,N
c15b0b6411b1,2017,2000,여,11,고등,고등,7,32,2,Y
c1e907f0d932,2017,2001,여,10,고등,고등,2,5,2,N
c21c87f50be3,2017,1999,남,12,고등,고등,6,21,2,Y
c2bfec1d2fc8,2017,2004,여,7,중등,중등,6,13,1,Y
c2c2ac55fd3c,2017,2004,남,7,중등,중등,5,19,2,N
c2dd4fa0aaf9,2017,2006,여,5,초등,초등,6,33,2,N
c31c57957ac5,2017,1995,남,16,대학·일반,대학·일반,1,2,2,N
c346076a8c65,2017,2006,여,5,초등,초등,2,4,2,N
c3845507716d,2017,2006,남,5,초등,초등,4,10,2,N
c3d174bd7b0d,2017,1994,여,17,대학·일반,대학·일반,7,45,2,Y
c3d39ae7c008,2017,2003,남,8,중등,중등,5,26,2,N
c40477783db4,2017,2001,남,10,고등,고등,3,7,2,N
c421840b954a,2017,2004,남,7,중등,초등,1,1,1,N
c4fffaf03c91,2017,2005,남,6,초등,초등,5,19,2,N
c584956e3254,2017,1997,남,14,대학·일반,대학·일반,5,32,2,Y
c5b88177f870,2017,2005,남,6,초등,초등,5,19,2,N
c5cd7dd40d89,2017,2000,남,11,고등,고등,3,7,2,N
c5d29e88f697,2017,1995,남,16,대학·일반,대학·일반,8,20,1,Y
c6517e79afe0,2017,2006,여,5,초등,초등,5,31,2,N
c748efda2f20,2017,2006,여,5,초등,초등,6,21,2,N
c7cea8aae72e,2017,2004,여,7,중등,중등,5,12,2,N
c7e03fe9a727,2017,2008,남,3,초등,초등,2,6,2,N
c9ce03fb973d,2017,2004,여,7,중등,중등,5,22,2,N
c9f60af2daaa,2017,2003,여,8,중등,중등,2,5,2,N
ca69b7d9fe0a,2017,2001,남,10,고등,중등,1,2,2,N
ca74ac736a8c,2017,2006,남,5,초등,초등,6,39,2,N
ca8235bbaac4,2017,2001,여,10,고등,고등,4,10,2,N
caade68ad452,2017,2001,남,10,고등,고등,8,34,2,Y
caf112cd8e6b,2017,1970,남,41,대학·일반,대학·일반,1,1,2,N
cbbb1a6a0478,2017,2003,남,8,중등,중등,3,9,2,N
cbff9bc32c05,2017,1998,남,13,대학·일반,대학·일반,5,9,2,Y
cc4e2bfd2d0a,2017,2001,남,10,고등,고등,6,14,1,Y
cc8aacdad28a,2017,1995,남,16,대학·일반,대학·일반,7,25,2,Y
cca3d01fdc76,2017,2003,남,8,중등,중등,1,1,2,N
ccd4f861f9b0,2017,2000,남,11,고등,고등,7,38,2,Y
cce216458cac,2017,2001,남,10,고등,고등,8,24,1|2,N
cd4405cdba61,2017,2002,남,9,중등,중등,6,12,1|2,Y
ce5b9af28dd0,2017,2000,여,11,고등,고등,1,2,2,N
cf7259007af6,2017,2010,남,1,초등,초등,2,11,2,N
cfd7ca90c85e,2017,2005,남,6,초등,초등,3,8,2,N
d04da41971ae,2017,2007,여,4,초등,초등,5,23,2,N
d08b814c6610,2017,1956,남,55,대학·일반,대학·일반,1,2,2,N
d26b25a1b205,2017,2007,여,4,초등,초등,1,2,2,N
d2e0a39a299f,2017,1996,남,15,대학·일반,대학·일반,7,26,1|2,Y
d3138c670a26,2017,2001,여,10,고등,고등,3,6,2,N
d3faafdd70b9,2017,2007,남,4,초등,초등,2,7,2,N
d450334d5fda,2017,1993,남,18,대학·일반,대학·일반,6,24,2,Y
d4ed2844805e,2017,2004,여,7,중등,중등,2,5,2,N
d50402223788,2017,2000,남,11,고등,고등,7,30,2,Y
d50f209f4e38,2017,2006,여,5,초등,초등,3,7,2,N
d5272b79a481,2017,1994,여,17,대학·일반,대학·일반,7,19,1|2,Y
d539912e8112,2017,2005,남,6,초등,초등,5,10,1|2,N
d56dbbf2fddf,2017,2005,여,6,초등,초등,6,11,1,Y
d66fe4ac13ba,2017,1992,남,19,대학·일반,대학·일반,7,15,1,Y
d68a10321ab6,2017,2007,남,4,초등,초등,5,29,2,N
d68b66341589,2017,2003,남,8,중등,중등,4,10,2,N
d6be78d1e42a,2017,2004,남,7,중등,초등,1,2,2,N
d6e04790b18f,2017,1998,남,13,대학·일반,대학·일반,5,12,1,Y
d747953dba4c,2017,1998,남,13,대학·일반,대학·일반,1,1,2,N
d7d7c6478ccd,2017,1995,남,16,대학·일반,대학·일반,7,31,2,Y
d7feb4abef2c,2017,1991,남,20,대학·일반,대학·일반,2,5,1,Y
d88567a82252,2017,2010,남,1,초등,초등,1,3,2,N
d8abff4d38f1,2017,2005,남,6,초등,초등,1,2,2,N
d8aeb3c5bfd2,2017,2005,여,6,초등,초등,2,4,2,N
d8b4e7c25790,2017,2008,여,3,초등,초등,3,10,2,N
d902f5800a69,2017,2007,남,4,초등,초등,3,6,2,N
d922b1eedf3c,2017,1998,남,13,대학·일반,대학·일반,4,14,2,Y
d9e65639ab1a,2017,2004,남,7,중등,초등,1,2,2,N
d9e874308acb,2017,2008,여,3,초등,초등,1,3,2,N
d9eb328b75b3,2017,1996,여,15,대학·일반,대학·일반,3,5,1,Y
da013bbf02f6,2017,2005,남,6,초등,초등,3,13,2,N
da074dfc95bc,2017,1996,남,15,대학·일반,대학·일반,2,4,2,N
da2f19d481de,2017,1997,남,14,대학·일반,대학·일반,1,3,2,N
da8559996b5f,2017,2004,남,7,중등,중등,4,8,2,N
daee1077985a,2017,1995,남,16,대학·일반,대학·일반,3,6,2,N
db1cdee67b02,2017,2004,남,7,중등,중등,3,8,2,N
db3f17b5432d,2017,2005,여,6,초등,초등,6,33,2,N
dc092a8ec0ef,2017,2005,남,6,초등,초등,2,4,2,N
dc8e8984ab33,2017,2008,남,3,초등,초등,4,25,2,N
ddc529144693,2017,2007,여,4,초등,초등,5,13,2,N
ddceef8af3c7,2017,2000,남,11,고등,고등,6,14,1|2,N
de1a37e081c7,2017,1994,남,17,대학·일반,대학·일반,8,29,1|2,Y
de230c5e4502,2017,2005,여,6,초등,초등,4,25,2,N
def24c182562,2017,2003,남,8,중등,중등,1,2,2,N
df0e87cc1575,2017,1997,여,14,대학·일반,대학·일반,6,15,1|2,Y
dfa0e3b68789,2017,2007,남,4,초등,초등,3,8,2,N
e02e5ece24f5,2017,1988,남,23,대학·일반,대학·일반,6,20,2,Y
e0c8d6d91885,2017,1996,남,15,대학·일반,대학·일반,7,32,2,Y
e2049ad004d8,2017,2002,여,9,중등,중등,6,23,2,Y
e29d4843a227,2017,2005,남,6,초등,초등,1,2,2,N
e353f8b619cb,2017,1993,남,18,대학·일반,대학·일반,6,23,2,Y
e37d609ba13f,2017,2003,여,8,중등,중등,6,27,2,Y
e3be26585644,2017,2004,남,7,중등,중등,4,10,2,N
e669472069da,2017,2005,남,6,초등,초등,2,4,2,N
e6e4cd92df18,2017,2006,남,5,초등,초등,5,26,2,N
e720070cc73c,2017,2006,남,5,초등,초등,6,30,2,N
e7d643456bac,2017,2009,남,2,초등,초등,2,11,2,N
e83d833e55f2,2017,2003,여,8,중등,중등,3,12,2,N
e93b65fce5f2,2017,2001,여,10,고등,고등,4,10,2,N
e94ab0bb5548,2017,1997,여,14,대학·일반,대학·일반,6,19,2,Y
e9f2eb2cdb5e,2017,2002,여,9,중등,중등,3,12,2,N
ea19b07c0d7f,2017,2005,여,6,초등,초등,5,26,2,N
eab97c2399f1,2017,2004,여,7,중등,중등,4,8,2,N
eaeb01f670de,2017,2006,여,5,초등,초등,6,37,2,N
ec08969c46d4,2017,2003,남,8,중등,중등,3,7,2,N
ecba42a38e94,2017,2007,남,4,초등,초등,3,6,1,N
ed73a9876f68,2017,2005,남,6,초등,초등,5,26,2,N
edb357db45c8,2017,1991,남,20,대학·일반,대학·일반,7,37,2,Y
edb7716ac8af,2017,2005,여,6,초등,초등,2,6,2,N
eea04db8fc3f,2017,2001,여,10,고등,고등,4,9,2,N
eef9149d6be8,2017,2007,남,4,초등,초등,3,7,2,N
ef363251abb0,2017,2001,여,10,고등,고등,8,39,2,Y
f0fea5dc711f,2017,1997,남,14,대학·일반,대학·일반,5,13,1|2,Y
f1063e4b08f2,2017,1992,남,19,대학·일반,대학·일반,5,17,2,N
f12df0dbe7d0,2017,2005,남,6,초등,초등,5,19,2,N
f145e63d5ed5,2017,1993,여,18,대학·일반,,2,6,1,Y
f17bd9cb7818,2017,1989,남,22,대학·일반,대학·일반,7,24,1|2,Y
f1b0960f93af,2017,2001,여,10,고등,고등,3,5,2,N
f1c67ea3b4aa,2017,2007,여,4,초등,초등,4,20,2,N
f22d80da94c5,2017,2004,남,7,중등,중등,3,7,2,N
f36602b19d2d,2017,2000,여,11,고등,고등,6,27,2,Y
f3f3cebd89fe,2017,2002,남,9,중등,중등,5,18,2,N
f47f31b344a7,2017,1988,남,23,대학·일반,,3,9,1,Y
f47f92dcf31c,2017,2004,여,7,중등,중등,1,1,2,N
f4d2a5032915,2017,1998,여,13,대학·일반,대학·일반,7,28,2,Y
f5826bc39d6d,2017,2003,여,8,중등,중등,5,15,2,N
f6384e0bfbd8,2017,2004,남,7,중등,중등,4,11,2,N
f69ffb12d14e,2017,2002,남,9,중등,중등,7,24,1|2,Y
f6c165689145,2017,1996,남,15,대학·일반,대학·일반,7,18,1,Y
f7bd20575e7c,2017,2009,여,2,초등,초등,4,14,2,N
f8bbc50957b9,2017,1999,여,12,고등,고등,3,7,2,N
f9485279a90f,2017,1995,여,16,대학·일반,대학·일반,6,18,2,Y
fa15c2498b0c,2017,2007,남,4,초등,초등,3,6,2,N
fa4291494792,2017,2010,여,1,초등,초등,1,2,2,N
fabef5f91cdd,2017,2002,남,9,중등,중등,4,10,2,N
faf222e8aacc,2017,1996,남,15,대학·일반,대학·일반,6,21,2,Y
fb94cb00a5c7,2017,2010,남,1,초등,초등,4,17,2,N
fbdb4c0306ef,2017,2007,남,4,초등,초등,4,22,2,N
fcaf4a531687,2017,1991,남,20,대학·일반,대학·일반,1,1,1,N
fd65df9d9852,2017,2004,여,7,중등,초등,1,2,2,N
fd6ad2e1ace5,2017,1998,남,13,대학·일반,대학·일반,2,8,2,N
fe27d7864e4e,2017,2002,남,9,중등,중등,6,22,2,Y
fe3cef2855f3,2017,2005,남,6,초등,초등,5,28,2,N
fe42895c1935,2017,2007,남,4,초등,초등,3,13,2,N
feaf12c7995a,2017,2007,여,4,초등,초등,5,16,2,N
ffaf75e1e3ac,2017,2007,남,4,초등,초등,6,37,2,N
001deb32ccba,2018,1999,여,13,대학·일반,대학·일반,11,36,1|2,Y
01e81df1b330,2018,2005,남,7,중등,중등,6,38,2,Y
0272e3dc57f0,2018,1975,남,37,대학·일반,대학·일반,1,1,2,N
0296a68b22c2,2018,2003,남,9,중등,중등,7,39,2,Y
02a4a843c02e,2018,2007,남,5,초등,초등,5,18,2,N
02e2aa52f9ee,2018,2005,남,7,중등,초등,1,2,2,N
04386f5a7f38,2018,2008,남,4,초등,초등,2,4,2,N
04a963b500f6,2018,1998,여,14,대학·일반,대학·일반,2,6,1|2,N
04ddae787493,2018,2005,남,7,중등,중등,6,39,2,Y
058ea815622d,2018,1999,여,13,대학·일반,대학·일반,7,20,1,Y
05940adac1aa,2018,2008,남,4,초등,초등,3,7,2,N
06a1f68b64c8,2018,2008,남,4,초등,초등,3,7,2,N
0707e8137993,2018,2001,남,11,고등,고등,3,8,2,N
0716360d5f0f,2018,1995,남,17,대학·일반,대학·일반,5,28,2,Y
0732e417b848,2018,2002,여,10,고등,고등,6,23,2,Y
07d9b3e2cade,2018,1998,남,14,대학·일반,대학·일반,5,14,2,N
09c55747f4e2,2018,2008,남,4,초등,초등,3,8,2,N
0a2de10b61d7,2018,2000,여,12,고등,고등,5,25,2,Y
0a4bf9101fa7,2018,2008,여,4,초등,초등,6,39,2,N
0ab7dff2dd81,2018,2005,여,7,중등,초등,2,4,2,N
0ab88cfb98bc,2018,2005,여,7,중등,중등,6,28,2,Y
0ac794715ebe,2018,2003,남,9,중등,중등,1,2,2,N
0ad6f1d603a9,2018,2001,여,11,고등,고등,6,17,2,Y
0af1f8641a01,2018,1993,남,19,대학·일반,대학·일반,7,45,2,Y
0b0bf6457fd7,2018,2003,남,9,중등,중등,3,7,2,Y
0b445b8581e0,2018,2006,여,6,초등,초등,4,16,2,N
0cf4462ac657,2018,2008,남,4,초등,초등,6,21,2,N
0db5810a67de,2018,1992,남,20,대학·일반,대학·일반,6,33,2,Y
0de46d37712e,2018,2007,남,5,초등,초등,2,4,2,N
0e555532cf0b,2018,2004,여,8,중등,중등,3,6,2,N
0e72372ff945,2018,2007,여,5,초등,초등,5,10,1|2,N
0f3c3a1288c4,2018,1997,남,15,대학·일반,대학·일반,8,52,2,Y
0f3daa823e81,2018,2005,남,7,중등,중등,6,26,2,Y
0f41fbece094,2018,1995,남,17,대학·일반,대학·일반,4,8,2,Y
0f582fa50035,2018,2010,남,2,초등,초등,3,8,2,N
0fec83800031,2018,2006,여,6,초등,초등,5,20,2,N
103a8754af0f,2018,2005,남,7,중등,중등,2,5,2,N
10b6568c55cd,2018,2003,여,9,중등,중등,2,4,2,N
113fb563e142,2018,1999,남,13,대학·일반,대학·일반,4,9,2,N
11765433ccaa,2018,1961,남,51,대학·일반,대학·일반,1,4,1|2,N
118652fcd85c,2018,2006,여,6,초등,초등,4,19,2,N
118e90000d73,2018,2000,남,12,고등,고등,3,22,2,Y
125aa3c2eee7,2018,2007,남,5,초등,초등,3,7,2,N
12857deb2953,2018,1998,여,14,대학·일반,대학·일반,4,7,1,Y
1292d69c4caf,2018,2004,남,8,중등,중등,4,8,2,N
12fc3065e382,2018,2007,남,5,초등,초등,4,14,2,N
138a16334fb4,2018,2010,남,2,초등,초등,3,10,2,N
1423282e3a6d,2018,2000,남,12,고등,고등,4,7,2,N
14a17e18da9d,2018,2008,여,4,초등,초등,3,11,2,N
14a21cfa416a,2018,1993,여,19,대학·일반,대학·일반,7,30,2,Y
150a58864864,2018,2002,여,10,고등,중등,2,3,2,N
1619eedbe301,2018,2008,여,4,초등,초등,4,20,2,N
1649ff9df336,2018,2001,여,11,고등,고등,9,27,1|2,Y
1652b342aa99,2018,2004,남,8,중등,중등,5,15,1|2,Y
167c1840e74e,2018,2003,여,9,중등,중등,5,21,2,Y
169491b323b3,2018,2007,여,5,초등,초등,4,13,2,N
16cd2e8e210c,2018,2004,남,8,중등,중등,6,25,2,Y
16d89eed9e82,2018,2001,여,11,고등,고등,6,37,2,Y
1766851ca86f,2018,2004,여,8,중등,중등,5,16,2,N
1839febe78e2,2018,2008,남,4,초등,초등,2,4,2,N
188452e8c262,2018,2003,남,9,중등,중등,1,2,2,N
18ee553f4b1f,2018,1997,남,15,대학·일반,대학·일반,8,20,1|2,Y
1904fad76ae4,2018,2002,남,10,고등,고등,7,44,2,Y
19be99f59bab,2018,2000,남,12,고등,고등,7,18,1|2,Y
1b136bac69d8,2018,2005,남,7,중등,초등,1,2,2,N
1b75ad970c08,2018,1997,남,15,대학·일반,대학·일반,4,14,2,N
1c5e68f84cf3,2018,1998,남,14,대학·일반,대학·일반,5,29,2,Y
1d3dfaa24dc9,2018,2000,여,12,고등,고등,1,1,2,N
1d832ec4e806,2018,1998,여,14,대학·일반,대학·일반,1,2,2,N
1d86f734093f,2018,2008,남,4,초등,초등,2,4,2,N
1f0954e96210,2018,1989,남,23,대학·일반,대학·일반,6,32,2,Y
1f0f26f535e5,2018,1991,여,21,대학·일반,대학·일반,6,36,2,Y
1f7edacccc17,2018,1997,여,15,대학·일반,,1,12,2,Y
1fffc171f46e,2018,2005,여,7,중등,초등,1,2,2,N
213dd96bc532,2018,1994,남,18,대학·일반,대학·일반,8,25,1|2,Y
21f1b227fff4,2018,2006,남,6,초등,초등,2,9,2,N
22196f1cb541,2018,1997,남,15,대학·일반,대학·일반,6,15,2,Y
225fb455c010,2018,1993,남,19,대학·일반,대학·일반,4,23,2,Y
22c4395662f0,2018,2004,여,8,중등,중등,1,7,2,N
22c70867823a,2018,1993,남,19,대학·일반,대학·일반,5,42,2,Y
233804408bef,2018,2009,여,3,초등,초등,6,21,2,N
233b40519c1a,2018,1997,여,15,대학·일반,대학·일반,1,2,2,N
2396bd738793,2018,1998,남,14,대학·일반,대학·일반,3,7,2,N
23a5df22cfb8,2018,1997,남,15,대학·일반,대학·일반,5,28,2,Y
23c12e9b7060,2018,2006,여,6,초등,초등,6,37,2,N
23fdd3113f3e,2018,1994,여,18,대학·일반,대학·일반,1,2,2,N
2447ce15f2ca,2018,2007,여,5,초등,초등,5,15,2,N
2454cfd13999,2018,2002,남,10,고등,고등,5,14,2,N
25fb9cf0d380,2018,2006,여,6,초등,초등,2,7,2,N
26d5bb612f35,2018,1993,남,19,대학·일반,대학·일반,7,43,2,Y
26e4ba0ba01a,2018,2006,여,6,초등,초등,1,2,2,N
26e910d3b288,2018,2008,여,4,초등,초등,4,20,2,N
26fa09086642,2018,2008,남,4,초등,초등,4,16,2,N
275b1a236e1d,2018,1999,여,13,대학·일반,대학·일반,8,25,2,Y
28133b25877f,2018,2007,여,5,초등,초등,5,11,1|2,N
284c016663a5,2018,2000,여,12,고등,고등,1,2,2,N
28d888308d6a,2018,2007,여,5,초등,초등,3,10,2,N
2909bacf2b4c,2018,1990,남,22,대학·일반,대학·일반,5,7,1|2,Y
290a779c2d74,2018,2010,여,2,초등,초등,2,4,2,N
29307a930b64,2018,2004,여,8,중등,중등,6,18,2,Y
29442819f934,2018,2009,남,3,초등,초등,3,12,2,N
29a4138c63cb,2018,2010,남,2,초등,초등,4,19,2,N
2a0d326cffff,2018,2006,남,6,초등,초등,1,7,2,N
2af4aa3d8347,2018,1993,여,19,대학·일반,대학·일반,7,25,2,Y
2bd45abdf686,2018,1996,여,16,대학·일반,대학·일반,6,17,2,Y
2c27663d5bca,2018,2009,남,3,초등,초등,4,9,2,N
2c28b5461f8b,2018,2000,여,12,고등,고등,1,1,2,N
2c46cf1d257c,2018,2006,남,6,초등,초등,6,32,2,N
2e3ecd473e83,2018,2007,남,5,초등,초등,1,2,2,N
2e45b697314b,2018,2007,여,5,초등,초등,2,5,2,N
2e7a0aab7956,2018,2007,여,5,초등,초등,6,34,2,N
2e86127057c0,2018,2005,남,7,중등,중등,4,7,2,N
2ed3bf62cc16,2018,1999,남,13,대학·일반,대학·일반,8,17,1|2,Y
2f428e11b789,2018,1996,남,16,대학·일반,대학·일반,8,38,2,Y
2f5876f49425,2018,2006,여,6,초등,초등,1,2,2,N
2fb9c2bbf582,2018,2004,여,8,중등,중등,1,2,2,N
30525392671e,2018,2004,남,8,중등,중등,6,29,2,Y
30694b5c1800,2018,1999,남,13,대학·일반,대학·일반,7,16,1,Y
308f73e06b7d,2018,2001,여,11,고등,고등,1,2,2,N
31deaa043f12,2018,1997,여,15,대학·일반,대학·일반,1,2,2,N
322d4e835fea,2018,1999,남,13,대학·일반,대학·일반,7,29,2,Y
32c8f1560d3a,2018,1999,여,13,대학·일반,대학·일반,2,6,2,Y
33039690841f,2018,2005,남,7,중등,중등,3,6,2,N
333f0fd3030f,2018,2003,여,9,중등,중등,4,11,2,Y
33fd4496b754,2018,1998,남,14,대학·일반,대학·일반,1,2,2,N
34053d95f43c,2018,2001,남,11,고등,고등,6,19,2,Y
347355986bec,2018,2008,남,4,초등,초등,3,12,2,N
3588a6c7598b,2018,2009,여,3,초등,초등,3,10,2,N
37653ea034d3,2018,2006,남,6,초등,초등,3,10,2,N
3771801f4022,2018,2010,여,2,초등,초등,6,20,2,N
37e213997ab5,2018,2002,여,10,고등,고등,6,33,2,Y
383a7e1421ff,2018,2007,여,5,초등,초등,3,7,2,N
38b0125c6b0d,2018,2002,남,10,고등,중등,3,6,1|2,Y
38c58d240e01,2018,2004,여,8,중등,중등,5,17,2,Y
3921a6f00ce3,2018,1965,남,47,대학·일반,대학·일반,1,1,2,N
39289c0b69e5,2018,1998,남,14,대학·일반,대학·일반,5,12,2,Y
39ec2aeda4cc,2018,2003,여,9,중등,중등,3,10,1,N
39f6621d7e2b,2018,1995,여,17,대학·일반,대학·일반,8,51,2,Y
3a0f8e787acb,2018,2000,여,12,고등,고등,7,35,2,Y
3a645b26fe85,2018,2008,여,4,초등,초등,3,13,2,N
3a6a5a64b930,2018,2005,남,7,중등,중등,5,23,2,Y
3aea36751045,2018,2007,남,5,초등,초등,1,2,2,N
3b8c3f7937a3,2018,1991,여,21,대학·일반,대학·일반,7,31,2,Y
3bc8fa847760,2018,2006,남,6,초등,초등,2,4,2,N
3bcccfa4b437,2018,2006,남,6,초등,초등,2,4,2,N
3bd4e66c4fa2,2018,2005,여,7,중등,중등,1,2,2,N
3bd94fbc5a76,2018,2009,여,3,초등,초등,3,7,2,N
3bedd8cb10c8,2018,2006,여,6,초등,초등,7,21,1|2,N
3c6cd8dd118a,2018,2003,남,9,중등,중등,5,33,2,Y
3c7005fc99e1,2018,2009,남,3,초등,초등,4,14,2,N
3d50fc7659e6,2018,2002,남,10,고등,고등,6,17,1,Y
3da4d8cbc4a1,2018,2008,남,4,초등,초등,4,11,2,N
3ea8c0d38926,2018,2007,남,5,초등,초등,3,13,2,N
3f5ac571de4c,2018,2002,여,10,고등,고등,3,6,2,N
40793898b08e,2018,1997,남,15,대학·일반,대학·일반,5,28,2,Y
408a8e6caa8b,2018,2005,여,7,중등,중등,5,12,2,N
41d3b04611d6,2018,2000,남,12,고등,고등,1,2,2,N
42a7b66e8afe,2018,2007,남,5,초등,초등,5,15,2,N
4413d0e24fe3,2018,2002,남,10,고등,고등,5,25,2,Y
445c1ffd77ff,2018,1987,남,25,대학·일반,대학·일반,1,1,2,N
446e5d32425d,2018,2003,남,9,중등,중등,1,2,2,N
447334c61026,2018,2007,여,5,초등,초등,1,3,2,N
44836eb7c1c3,2018,2007,남,5,초등,초등,2,4,2,N
44b321671632,2018,2007,남,5,초등,초등,5,12,2,N
4529e6f7aedd,2018,2004,여,8,중등,중등,7,37,2,Y
460e91d9808f,2018,2006,여,6,초등,초등,6,30,2,N
46c211450ef5,2018,2005,남,7,중등,중등,5,12,1,Y
46cdfe4b94d7,2018,2008,남,4,초등,초등,4,20,2,N
4773cab8f530,2018,1994,남,18,대학·일반,대학·일반,6,30,2,Y
47f9701de090,2018,2004,남,8,중등,중등,5,20,2,Y
483ab294e424,2018,2000,남,12,고등,고등,7,37,2,Y
489d2e100010,2018,2008,여,4,초등,초등,5,23,2,N
48c0037b849a,2018,1995,여,17,대학·일반,대학·일반,6,43,2,Y
48ccf52edfd4,2018,2005,여,7,중등,중등,6,26,2,Y
49229ae50147,2018,2007,여,5,초등,초등,3,9,2,N
4998dc521b62,2018,2006,남,6,초등,초등,4,12,2,N
4a5a12b8a207,2018,2002,남,10,고등,고등,4,13,2,N
4a9b72c6415b,2018,2008,남,4,초등,초등,4,17,2,N
4abde24943d8,2018,2003,남,9,중등,중등,7,39,2,Y
4b2f5342f081,2018,2002,여,10,고등,중등,2,2,2,N
4c27f57219f5,2018,2006,남,6,초등,초등,4,16,2,N
4c727e166aac,2018,2003,남,9,중등,중등,4,15,2,Y
4d43bd05a22c,2018,2002,여,10,고등,고등,4,6,1,Y
4dbff7907bec,2018,1968,여,44,대학·일반,대학·일반,1,4,1|2,N
4de909d9bd68,2018,2008,여,4,초등,초등,5,19,2,N
4e81cdc8ee08,2018,2010,남,2,초등,초등,4,11,2,N
4ea89950c447,2018,2009,남,3,초등,초등,2,5,2,N
4eaadb04685a,2018,2010,남,2,초등,초등,2,4,2,N
4f0587b605c0,2018,1999,남,13,대학·일반,대학·일반,5,24,2,Y
4f895cce3378,2018,2008,남,4,초등,초등,4,17,2,N
4f8aa9e33e5b,2018,2004,여,8,중등,중등,5,13,2,Y
508141dc88d9,2018,1999,남,13,대학·일반,대학·일반,7,32,2,Y
50901ef2fea3,2018,2002,남,10,고등,고등,1,2,2,N
50bb4357045f,2018,1999,남,13,대학·일반,대학·일반,7,28,2,Y
5140194a098d,2018,1993,남,19,대학·일반,대학·일반,1,2,2,N
516aadc16dd9,2018,2007,여,5,초등,초등,6,25,2,N
5218f509db6e,2018,2006,여,6,초등,초등,1,2,2,N
523d6cf9c251,2018,2002,남,10,고등,고등,7,19,1,Y
52dd877d418e,2018,2006,남,6,초등,초등,6,35,2,N
52fb82ab3a08,2018,1990,남,22,대학·일반,대학·일반,3,7,2,N
536d965b09a5,2018,2005,남,7,중등,초등,1,2,2,N
538e03971754,2018,2009,여,3,초등,초등,2,4,2,N
53c5b47c0a2a,2018,2006,남,6,초등,초등,3,10,2,N
53d0fd32bf26,2018,2001,남,11,고등,고등,4,10,1|2,N
53e87fe20484,2018,2003,남,9,중등,중등,7,39,2,Y
544e7c62c2a9,2018,2007,여,5,초등,초등,5,33,2,N
549b3ef90844,2018,2006,남,6,초등,초등,5,22,2,N
552f6f49278f,2018,2009,여,3,초등,초등,6,18,2,N
5569426f0783,2018,2001,여,11,고등,고등,7,31,2,Y
562ecc66a7be,2018,2003,남,9,중등,고등,6,26,2,Y
573b36bd28b1,2018,1997,남,15,대학·일반,대학·일반,1,2,2,N
5740ab030bcc,2018,2003,남,9,중등,중등,1,2,2,N
57fea5d7f235,2018,2006,여,6,초등,초등,6,37,2,N
5800fadae4ff,2018,2007,여,5,초등,초등,3,6,2,N
58418ba38085,2018,2004,남,8,중등,중등,6,28,2,Y
58ec54b90c37,2018,2003,여,9,중등,중등,6,27,2,Y
59eff099283c,2018,2010,남,2,초등,초등,1,2,2,N
5ba6602282a6,2018,1998,여,14,대학·일반,대학·일반,4,8,1|2,N
5c435cfdfec6,2018,2011,남,1,초등,초등,1,2,2,N
5c75f5194b15,2018,1990,남,22,대학·일반,대학·일반,3,6,2,N
5cf18822da66,2018,2006,남,6,초등,초등,3,7,2,N
5d5457057f8a,2018,1998,남,14,대학·일반,대학·일반,1,2,2,N
5d6cf45bcecb,2018,2006,남,6,초등,초등,4,16,2,N
5e7fa52b4d83,2018,2001,여,11,고등,고등,9,26,1|2,Y
5eb13f527fe7,2018,1992,여,20,대학·일반,대학·일반,1,2,2,N
610496298856,2018,2004,여,8,중등,중등,1,1,2,N
61b018a28cc5,2018,1998,남,14,대학·일반,대학·일반,5,12,2,N
61cadab7573c,2018,2001,남,11,고등,고등,5,28,2,Y
62c11a801dcd,2018,1988,남,24,대학·일반,대학·일반,4,8,2,N
62eb10bcec3b,2018,2007,남,5,초등,초등,4,13,2,N
6352595f975c,2018,1992,남,20,대학·일반,대학·일반,7,15,1|2,Y
635aaabb0921,2018,2002,여,10,고등,중등,2,4,2,N
63db10152c9e,2018,2010,여,2,초등,초등,6,21,2,N
64762911db97,2018,1993,남,19,대학·일반,대학·일반,4,7,1,Y
65c97bda99d0,2018,2002,남,10,고등,고등,6,35,2,Y
65d806e2eb77,2018,2005,남,7,중등,중등,3,6,2,N
662b51f36011,2018,1998,남,14,대학·일반,대학·일반,6,19,2,Y
66383d8daaac,2018,2006,남,6,초등,초등,6,35,2,N
67a72efc0413,2018,2000,여,12,고등,대학·일반,5,15,2,N
67dc6ccd9ffa,2018,2004,남,8,중등,중등,5,22,2,Y
67f0f58a3c01,2018,2003,남,9,중등,중등,5,20,2,Y
699d71f9893a,2018,2008,여,4,초등,초등,3,8,2,N
6a1768916603,2018,1990,여,22,대학·일반,대학·일반,6,15,2,Y
6b18c49592fb,2018,2007,여,5,초등,초등,5,19,2,N
6b1db24cd950,2018,1999,남,13,대학·일반,대학·일반,10,32,1|2,Y
6bf5d106417f,2018,2003,여,9,중등,중등,8,27,1|2,Y
6c00c5ca3cc8,2018,2004,여,8,중등,중등,4,8,1,Y
6c6001903f27,2018,2007,남,5,초등,초등,1,2,2,N
6caab414d3b5,2018,2011,남,1,초등,초등,2,6,1|2,N
6f2d2c17ec51,2018,2001,여,11,고등,고등,1,2,2,N
6f6e2706dbe3,2018,2002,여,10,고등,고등,6,47,2,Y
6fc419889959,2018,2003,남,9,중등,중등,5,12,1|2,Y
715cec6a3d40,2018,1998,남,14,대학·일반,대학·일반,8,44,2,Y
7224895b6689,2018,2005,남,7,중등,초등,1,2,2,N
7331b02e6521,2018,2003,남,9,중등,중등,5,18,2,Y
735ef2d955de,2018,1998,남,14,대학·일반,대학·일반,8,19,1|2,Y
74378e73b1d8,2018,2005,여,7,중등,중등,2,5,2,N
753bb60c91d8,2018,2005,남,7,중등,중등,6,21,2,Y
75404397362c,2018,2001,남,11,고등,고등,8,39,2,Y
75613589746d,2018,1996,남,16,대학·일반,대학·일반,1,1,2,N
7599fcb60326,2018,2009,남,3,초등,초등,4,14,2,N
764783edc41e,2018,2002,남,10,고등,고등,3,6,1|2,Y
7682a4ba1353,2018,2007,남,5,초등,초등,4,7,2,N
76bc3daea3bf,2018,2003,남,9,중등,중등,7,23,2,Y
76d8fe29a9c0,2018,1970,여,42,대학·일반,대학·일반,1,4,1|2,N
774892825a63,2018,2008,남,4,초등,초등,5,12,2,N
77aea32d94e2,2018,1995,여,17,대학·일반,대학·일반,5,16,2,Y
783498b63937,2018,2010,남,2,초등,초등,2,4,1,N
7886c0578460,2018,2006,남,6,초등,초등,5,19,2,N
78b743c5bff1,2018,1992,여,20,대학·일반,대학·일반,2,3,2,N
79ae0d5998d5,2018,1993,여,19,대학·일반,대학·일반,6,21,2,Y
7b1e95e175d5,2018,2003,남,9,중등,중등,7,40,2,Y
7ba47907d375,2018,1994,남,18,대학·일반,대학·일반,8,20,1,Y
7bcef41c7919,2018,2008,남,4,초등,초등,6,35,2,N
7d57891e0e52,2018,2001,남,11,고등,고등,3,8,2,N
7d6f38807c1b,2018,2007,남,5,초등,초등,6,27,2,N
7e3ca13abba0,2018,2002,남,10,고등,고등,4,10,2,N
7e6bedd198e9,2018,2005,남,7,중등,중등,2,4,2,N
7e80c50a8902,2018,2009,여,3,초등,초등,1,2,2,N
7efea96608b4,2018,2007,남,5,초등,초등,6,39,2,N
808dc07732e7,2018,1999,남,13,대학·일반,,1,2,1,Y
808f736e1107,2018,2003,여,9,중등,고등,3,6,1,N
80b041eca001,2018,2000,남,12,고등,고등,7,37,2,Y
811dec6e3ad3,2018,1994,남,18,대학·일반,대학·일반,7,27,2,Y
818918888c8b,2018,2004,남,8,중등,중등,1,1,2,N
81a07ce06484,2018,2003,남,9,중등,중등,4,10,2,N
81ecef03ce53,2018,1999,남,13,대학·일반,대학·일반,8,24,1,Y
82baf36eaef3,2018,1958,남,54,대학·일반,대학·일반,2,5,2,N
834b3abb10c4,2018,2001,여,11,고등,고등,1,2,2,N
83ced91451ec,2018,2003,여,9,중등,중등,1,2,2,N
84587278c6a2,2018,2002,남,10,고등,고등,6,19,2,Y
8464b1f47861,2018,2002,여,10,고등,고등,5,24,2,Y
857f6e20752f,2018,2005,남,7,중등,중등,5,15,2,Y
85abaa27a28c,2018,2003,여,9,중등,중등,5,14,2,Y
874faf790003,2018,2004,남,8,중등,중등,2,5,2,N
88093090462f,2018,2000,남,12,고등,,1,2,1,Y
8813b3e58801,2018,1992,남,20,대학·일반,대학·일반,6,25,2,Y
8815347c524d,2018,2010,남,2,초등,초등,2,3,1|2,N
8886758951e1,2018,2008,여,4,초등,초등,2,4,2,N
8910573d2676,2018,2006,여,6,초등,초등,4,16,2,N
8920b85c7a8e,2018,2003,남,9,중등,중등,1,2,2,N
8970c464b9f4,2018,1993,남,19,대학·일반,대학·일반,7,24,1|2,Y
8a7c36f9cff8,2018,2000,남,12,고등,고등,1,2,2,N
8afdacb7e027,2018,2000,남,12,고등,고등,6,27,2,Y
8b5a5a1dd231,2018,2007,남,5,초등,초등,5,16,2,N
8be3acddedb2,2018,2005,남,7,중등,중등,5,17,2,Y
8c1f0bb5bd9e,2018,1993,남,19,대학·일반,대학·일반,3,6,2,N
8c2914cf58de,2018,2003,여,9,중등,중등,1,2,2,N
8c464f28a5bd,2018,1998,여,14,대학·일반,대학·일반,5,19,2,Y
8d741f47a76f,2018,2002,남,10,고등,고등,4,12,2,N
8d8636df70f2,2018,2006,남,6,초등,초등,5,15,2,N
8df5ded40bc8,2018,1999,여,13,대학·일반,대학·일반,10,26,1|2,Y
8dfbd2942ac5,2018,1998,여,14,대학·일반,대학·일반,1,2,2,N
8e4fe3b85160,2018,2002,남,10,고등,고등,8,26,1|2,Y
8ec8582847e8,2018,2010,여,2,초등,초등,1,2,2,N
8ec9a37d1317,2018,1998,남,14,대학·일반,대학·일반,3,8,2,N
8f46bcdf68e5,2018,1997,남,15,대학·일반,대학·일반,6,24,2,Y
8f4bacd8e332,2018,2006,여,6,초등,초등,1,2,2,N
8f698e2869ae,2018,1996,남,16,대학·일반,대학·일반,3,4,2,N
8fb95de7ad39,2018,2004,여,8,중등,중등,7,28,2,Y
8fd394e484e9,2018,2004,여,8,중등,중등,4,10,2,Y
900df6910556,2018,1999,여,13,대학·일반,대학·일반,4,30,2,Y
91091850dad2,2018,2001,남,11,고등,고등,6,28,2,Y
9140e2ad0fc1,2018,2000,남,12,고등,고등,7,39,2,Y
91b2404fb38a,2018,1991,남,21,대학·일반,대학·일반,2,4,2,N
91caa93ee855,2018,2006,여,6,초등,초등,6,33,2,N
91d9cc69803e,2018,2008,여,4,초등,초등,5,15,2,N
9222fdaf4c9d,2018,1997,여,15,대학·일반,대학·일반,7,24,2,Y
93066727a19c,2018,2006,남,6,초등,초등,6,36,2,N
935835189e37,2018,2003,여,9,중등,중등,7,33,2,Y
94677631a5cb,2018,1996,남,16,대학·일반,대학·일반,5,20,2,Y
94e735494a95,2018,2005,여,7,중등,중등,6,33,2,Y
94f9fae60885,2018,2005,남,7,중등,중등,5,13,2,Y
95726957d4e1,2018,2002,남,10,고등,고등,3,6,2,N
95d280fec7a1,2018,2008,여,4,초등,초등,2,4,2,N
974d7c28a0f7,2018,2008,여,4,초등,초등,4,22,2,N
97b4816d62d6,2018,2001,남,11,고등,고등,7,40,2,Y
983ec6748edb,2018,1996,여,16,대학·일반,대학·일반,7,22,2,Y
986ad5951944,2018,2006,남,6,초등,초등,3,11,2,N
98a24c345bc4,2018,2008,여,4,초등,초등,6,27,2,N
98cf8639bf81,2018,2001,여,11,고등,고등,7,39,2,Y
98d7288c7304,2018,1998,여,14,대학·일반,대학·일반,1,2,2,N
99a88579c002,2018,2011,여,1,초등,초등,3,8,1|2,N
9a136898aa22,2018,2008,남,4,초등,초등,5,27,2,N
9a3a6ed2ccb9,2018,2007,여,5,초등,초등,3,17,2,N
9b1407065833,2018,2000,남,12,고등,고등,2,4,2,N
9ce1b931f372,2018,2007,남,5,초등,초등,2,4,2,N
9eb1a5e3bc35,2018,1966,여,46,대학·일반,대학·일반,1,2,1,N
9eb74bd65f6d,2018,2008,남,4,초등,초등,11,40,1|2,N
9eb7d8edc89f,2018,2007,남,5,초등,초등,4,21,2,N
9f20a85ae2a5,2018,2002,여,10,고등,고등,6,22,2,Y
9f21cfa5870e,2018,2001,여,11,고등,고등,6,29,2,Y
a00edd319d89,2018,1999,남,13,대학·일반,대학·일반,3,27,2,Y
a040ef3107a1,2018,2008,남,4,초등,초등,6,17,2,N
a0b51cc17751,2018,2006,여,6,초등,초등,3,9,2,N
a111bf8fa2a3,2018,2003,여,9,중등,중등,8,44,1|2,Y
a14c9c5d78c6,2018,2002,남,10,고등,중등,1,2,2,N
a1a242c20b56,2018,2001,여,11,고등,고등,1,2,2,N
a299d04c9dca,2018,2005,여,7,중등,중등,6,17,2,Y
a305c2ca5547,2018,1997,남,15,대학·일반,대학·일반,8,36,2,Y
a32f03f3a702,2018,2002,남,10,고등,고등,6,18,2,Y
a388696a931c,2018,2002,남,10,고등,중등,1,2,2,N
a38c13351511,2018,2000,여,12,고등,고등,1,2,2,N
a38f3e36f334,2018,2008,여,4,초등,초등,4,23,2,N
a3b48d5ade76,2018,2006,여,6,초등,초등,1,2,2,N
a4290a42ccda,2018,2006,여,6,초등,초등,2,5,2,N
a47fb5acff0f,2018,2001,여,11,고등,고등,1,2,2,N
a5126863855e,2018,2001,여,11,고등,고등,6,17,2,Y
a54ffc97d962,2018,2002,남,10,고등,고등,3,5,2,N
a6852bc3f5b9,2018,1995,남,17,대학·일반,대학·일반,4,9,2,N
a7129272906b,2018,1999,여,13,대학·일반,대학·일반,8,36,1|2,Y
a71c2bf05cc5,2018,2005,여,7,중등,초등,1,2,2,N
a765c0d58fea,2018,1985,여,27,대학·일반,대학·일반,3,7,2,N
a7781f4c24f4,2018,2007,여,5,초등,초등,3,7,2,N
a7b2462b99b7,2018,2003,남,9,중등,중등,2,6,2,N
a7b993214f8d,2018,2000,여,12,고등,대학·일반,5,36,2,Y
a9a5507b44e5,2018,2005,남,7,중등,중등,5,12,2,Y
aa5d996a35e9,2018,2002,남,10,고등,중등,2,4,2,N
aada36e9c982,2018,1999,남,13,대학·일반,고등,1,2,2,N
ab46aac2506d,2018,2004,여,8,중등,중등,5,16,2,Y
ab84c20e2d56,2018,2009,여,3,초등,초등,1,2,1,N
ab8fdf4add44,2018,2009,남,3,초등,초등,2,4,2,N
abfbd31287f9,2018,2001,남,11,고등,고등,6,37,2,Y
ac2d91cfdee1,2018,2003,남,9,중등,중등,3,9,2,Y
ac52eaedefcd,2018,2007,여,5,초등,초등,3,8,2,N
ac9051c6491f,2018,1999,여,13,대학·일반,대학·일반,6,18,2,Y
adc91c1a07c8,2018,2002,여,10,고등,고등,3,8,2,N
ae079ebbad25,2018,2004,남,8,중등,중등,5,17,2,Y
ae60d7c64fb4,2018,2006,남,6,초등,초등,4,11,2,N
ae6dd5c70109,2018,1997,남,15,대학·일반,대학·일반,1,2,2,N
aeb8813a42d9,2018,2000,남,12,고등,대학·일반,6,34,2,Y
aeb951b6b89b,2018,2002,남,10,고등,고등,4,8,1|2,N
af4280f25442,2018,2006,남,6,초등,초등,1,3,2,N
af5f9ce8641e,2018,1996,남,16,대학·일반,대학·일반,1,2,2,N
af613fde6bf6,2018,1993,여,19,대학·일반,대학·일반,7,36,2,Y
afd33403c291,2018,2008,남,4,초등,초등,1,2,2,N
afd5210eab86,2018,2009,남,3,초등,초등,2,7,2,N
aff7a2436fa2,2018,2007,남,5,초등,초등,1,2,2,N
b02a98c2d51e,2018,2008,여,4,초등,초등,3,13,2,N
b094d49dcf61,2018,2000,여,12,고등,고등,10,32,1|2,Y
b13c10ab1f4a,2018,2005,여,7,중등,중등,3,6,2,N
b18b368d31d8,2018,1994,남,18,대학·일반,대학·일반,8,22,1|2,Y
b20fc1b1e52f,2018,2009,여,3,초등,초등,1,2,2,N
b23adf304bb3,2018,2002,여,10,고등,고등,6,32,2,Y
b23ef5311053,2018,1996,남,16,대학·일반,대학·일반,5,43,2,Y
b35b483035fd,2018,2007,남,5,초등,초등,1,3,2,N
b407980f8290,2018,2000,남,12,고등,고등,1,2,2,N
b4462f101760,2018,2009,남,3,초등,초등,2,4,2,N
b4ee5650642f,2018,2006,남,6,초등,초등,1,2,2,N
b5919aedfb55,2018,2007,여,5,초등,초등,3,6,2,N
b59b2188aa9c,2018,2004,남,8,중등,중등,4,12,2,Y
b6c954a76552,2018,2002,남,10,고등,고등,6,21,2,Y
b761821ce5f1,2018,2007,남,5,초등,초등,4,11,2,N
b769baf07269,2018,2007,남,5,초등,초등,3,14,2,N
b847ee6de612,2018,2004,남,8,중등,중등,3,6,2,N
b84a2a8ce26e,2018,2005,남,7,중등,중등,5,20,2,N
b8606a5bf2b3,2018,2000,남,12,고등,고등,5,15,2,Y
b87b3e0e8d1f,2018,2002,여,10,고등,고등,5,12,2,N
b8bf145f0996,2018,2008,남,4,초등,초등,1,3,2,N
b9b4f5eea44b,2018,2004,남,8,중등,중등,5,18,2,Y
b9d76942397b,2018,1988,남,24,대학·일반,대학·일반,3,6,2,N
b9fb5676d9c0,2018,2005,여,7,중등,중등,6,23,2,Y
ba571c90b7e5,2018,2002,남,10,고등,고등,6,22,2,Y
bac68acf29ff,2018,1992,여,20,대학·일반,대학·일반,5,18,2,N
bb938f82563f,2018,2002,남,10,고등,중등,1,2,2,N
bc090871124c,2018,2004,여,8,중등,중등,3,6,2,N
bc1f82eb21a3,2018,2007,여,5,초등,초등,5,21,2,N
bcfaf780b48e,2018,1999,여,13,대학·일반,대학·일반,9,52,2,Y
be908d8b267f,2018,1996,여,16,대학·일반,대학·일반,8,39,2,Y
bea18b3f73cd,2018,2002,남,10,고등,고등,3,7,2,N
c088d6dfee2c,2018,1993,남,19,대학·일반,대학·일반,2,4,2,N
c0ec766e62d3,2018,2003,남,9,중등,중등,3,8,2,N
c155dbc1f57a,2018,2009,남,3,초등,초등,3,13,2,N
c15b0b6411b1,2018,2000,여,12,고등,고등,3,11,2,N
c18afd65dc2c,2018,2009,남,3,초등,초등,2,4,2,N
c1e907f0d932,2018,2001,여,11,고등,고등,5,14,2,N
c21c87f50be3,2018,1999,남,13,대학·일반,대학·일반,7,34,2,Y
c2bfec1d2fc8,2018,2004,여,8,중등,중등,5,15,1,Y
c2c2ac55fd3c,2018,2004,남,8,중등,중등,6,41,2,Y
c2dd4fa0aaf9,2018,2006,여,6,초등,초등,5,24,2,N
c346076a8c65,2018,2006,여,6,초등,초등,5,22,1|2,N
c3845507716d,2018,2006,남,6,초등,초등,5,13,2,N
c3d174bd7b0d,2018,1994,여,18,대학·일반,대학·일반,4,25,2,Y
c3d39ae7c008,2018,2003,남,9,중등,중등,5,27,2,Y
c40477783db4,2018,2001,남,11,고등,고등,5,12,1,Y
c4fffaf03c91,2018,2005,남,7,중등,초등,1,2,2,N
c584956e3254,2018,1997,남,15,대학·일반,대학·일반,7,39,2,Y
c5b88177f870,2018,2005,남,7,중등,초등,1,2,2,N
c5cd7dd40d89,2018,2000,남,12,고등,고등,4,10,2,N
c5d29e88f697,2018,1995,남,17,대학·일반,대학·일반,7,19,1,Y
c616ae81f421,2018,2010,여,2,초등,초등,3,8,2,N
c6517e79afe0,2018,2006,여,6,초등,초등,6,37,2,N
c748efda2f20,2018,2006,여,6,초등,초등,6,35,2,N
c7cea8aae72e,2018,2004,여,8,중등,중등,6,21,2,Y
c7e03fe9a727,2018,2008,남,4,초등,초등,5,28,2,N
c9ce03fb973d,2018,2004,여,8,중등,중등,6,28,2,Y
c9f60af2daaa,2018,2003,여,9,중등,중등,1,2,2,N
ca69b7d9fe0a,2018,2001,남,11,고등,고등,3,7,2,N
ca74ac736a8c,2018,2006,남,6,초등,초등,6,44,2,N
ca8235bbaac4,2018,2001,여,11,고등,고등,6,24,2,Y
caade68ad452,2018,2001,남,11,고등,고등,7,31,2,Y
caf112cd8e6b,2018,1970,남,42,대학·일반,대학·일반,1,1,2,N
cb820612d8cf,2018,2010,남,2,초등,초등,2,8,2,N
cbbb1a6a0478,2018,2003,남,9,중등,중등,2,5,2,N
cbff9bc32c05,2018,1998,남,14,대학·일반,대학·일반,4,8,2,N
cc4e2bfd2d0a,2018,2001,남,11,고등,고등,7,16,1,Y
cc8aacdad28a,2018,1995,남,17,대학·일반,대학·일반,6,21,2,Y
ccd4f861f9b0,2018,2000,남,12,고등,고등,6,27,2,Y
cce216458cac,2018,2001,남,11,고등,고등,9,27,1|2,Y
cd4405cdba61,2018,2002,남,10,고등,고등,7,15,1,Y
cddfbc9a0078,2018,2008,여,4,초등,초등,3,14,2,N
cf7259007af6,2018,2010,남,2,초등,초등,5,21,2,N
cfd7ca90c85e,2018,2005,남,7,중등,중등,3,6,2,N
d04da41971ae,2018,2007,여,5,초등,초등,5,16,2,N
d08b814c6610,2018,1956,남,56,대학·일반,대학·일반,1,2,2,N
d26b25a1b205,2018,2007,여,5,초등,초등,2,4,2,N
d2e0a39a299f,2018,1996,남,16,대학·일반,대학·일반,5,16,2,Y
d2ef954fbebc,2018,2008,남,4,초등,초등,3,12,2,N
d3138c670a26,2018,2001,여,11,고등,고등,6,15,2,Y
d408b43bf352,2018,2006,남,6,초등,초등,3,6,2,N
d450334d5fda,2018,1993,남,19,대학·일반,대학·일반,3,10,2,N
d4c0d967f8ad,2018,2008,여,4,초등,초등,3,11,2,N
d4cc8549f7d7,2018,2008,남,4,초등,초등,1,1,2,N
d4ed2844805e,2018,2004,여,8,중등,중등,1,2,2,N
d50402223788,2018,2000,남,12,고등,고등,7,33,2,Y
d50f209f4e38,2018,2006,여,6,초등,초등,1,2,2,N
d5272b79a481,2018,1994,여,18,대학·일반,대학·일반,9,20,1|2,Y
d56dbbf2fddf,2018,2005,여,7,중등,중등,4,11,1,Y
d632e357c512,2018,2008,남,4,초등,초등,2,10,2,N
d66fe4ac13ba,2018,1992,남,20,대학·일반,대학·일반,7,22,1|2,Y
d68a10321ab6,2018,2007,남,5,초등,초등,6,34,2,N
d68b66341589,2018,2003,남,9,중등,중등,5,20,2,Y
d6be78d1e42a,2018,2004,남,8,중등,중등,2,5,2,N
d7d7c6478ccd,2018,1995,남,17,대학·일반,대학·일반,6,21,2,Y
d7feb4abef2c,2018,1991,남,21,대학·일반,대학·일반,6,18,1|2,Y
d88e5cc057ad,2018,2007,여,5,초등,초등,3,6,1|2,N
d8aeb3c5bfd2,2018,2005,여,7,중등,초등,2,4,2,N
d8b4e7c25790,2018,2008,여,4,초등,초등,3,11,2,N
d902f5800a69,2018,2007,남,5,초등,초등,4,11,2,N
d922b1eedf3c,2018,1998,남,14,대학·일반,대학·일반,2,9,2,N
d9e874308acb,2018,2008,여,4,초등,초등,5,20,2,N
d9eb328b75b3,2018,1996,여,16,대학·일반,대학·일반,9,24,1|2,Y
da074dfc95bc,2018,1996,남,16,대학·일반,대학·일반,1,2,2,N
da2f19d481de,2018,1997,남,15,대학·일반,대학·일반,1,2,2,N
da43cc039eb5,2018,2007,여,5,초등,초등,3,10,2,N
da8559996b5f,2018,2004,남,8,중등,중등,4,11,2,N
daee1077985a,2018,1995,남,17,대학·일반,대학·일반,3,6,2,N
db1cdee67b02,2018,2004,남,8,중등,중등,2,4,1|2,Y
db3f17b5432d,2018,2005,여,7,중등,중등,6,34,2,Y
dc092a8ec0ef,2018,2005,남,7,중등,중등,4,10,2,Y
dc8e8984ab33,2018,2008,남,4,초등,초등,5,30,2,N
ddc529144693,2018,2007,여,5,초등,초등,3,6,2,N
ddceef8af3c7,2018,2000,남,12,고등,고등,6,13,1|2,Y
de1a37e081c7,2018,1994,남,18,대학·일반,대학·일반,6,22,1|2,Y
df0e87cc1575,2018,1997,여,15,대학·일반,대학·일반,7,30,2,Y
dfa0e3b68789,2018,2007,남,5,초등,초등,4,11,2,N
e02e5ece24f5,2018,1988,남,24,대학·일반,대학·일반,1,1,2,N
e0c8d6d91885,2018,1996,남,16,대학·일반,대학·일반,7,29,2,Y
e166910dce4a,2018,2006,여,6,초등,초등,2,4,2,N
e1912baafc95,2018,2009,여,3,초등,초등,2,5,2,N
e2049ad004d8,2018,2002,여,10,고등,고등,6,22,2,Y
e353f8b619cb,2018,1993,남,19,대학·일반,대학·일반,3,9,2,N
e37d609ba13f,2018,2003,여,9,중등,중등,6,29,2,Y
e3be26585644,2018,2004,남,8,중등,중등,6,32,2,Y
e5228e00cb25,2018,2009,여,3,초등,초등,2,7,2,N
e669472069da,2018,2005,남,7,중등,중등,3,9,2,Y
e6d5ca2fe35a,2018,2007,여,5,초등,초등,1,2,2,N
e6e4cd92df18,2018,2006,남,6,초등,초등,6,39,2,N
e720070cc73c,2018,2006,남,6,초등,초등,5,21,2,N
e83d833e55f2,2018,2003,여,9,중등,중등,1,2,2,N
e89c982f130a,2018,2006,남,6,초등,초등,2,4,2,N
e8dade32a3dc,2018,2006,여,6,초등,초등,8,18,1|2,Y
e93b65fce5f2,2018,2001,여,11,고등,고등,4,9,2,N
e94ab0bb5548,2018,1997,여,15,대학·일반,대학·일반,7,33,2,Y
e9f2eb2cdb5e,2018,2002,여,10,고등,고등,5,14,2,Y
ea19b07c0d7f,2018,2005,여,7,중등,중등,6,24,2,Y
eab97c2399f1,2018,2004,여,8,중등,중등,4,9,2,N
eaeb01f670de,2018,2006,여,6,초등,초등,5,21,2,N
eb31c336f8c9,2018,2004,남,8,중등,중등,3,8,2,N
ec08969c46d4,2018,2003,남,9,중등,중등,5,19,2,Y
ecba42a38e94,2018,2007,남,5,초등,초등,4,7,1,Y
ed62dfb93983,2018,2007,여,5,초등,초등,1,2,2,N
ed73a9876f68,2018,2005,남,7,중등,중등,6,36,2,Y
edb357db45c8,2018,1991,남,21,대학·일반,대학·일반,7,35,2,Y
edb7716ac8af,2018,2005,여,7,중등,중등,6,21,2,Y
eea04db8fc3f,2018,2001,여,11,고등,고등,4,10,2,N
eef9149d6be8,2018,2007,남,5,초등,초등,3,6,2,N
ef363251abb0,2018,2001,여,11,고등,고등,7,47,2,Y
f0fea5dc711f,2018,1997,남,15,대학·일반,대학·일반,5,21,2,Y
f1063e4b08f2,2018,1992,남,20,대학·일반,대학·일반,4,14,2,N
f12df0dbe7d0,2018,2005,남,7,중등,중등,5,22,2,Y
f145e63d5ed5,2018,1993,여,19,대학·일반,대학·일반,4,9,1,Y
f17bd9cb7818,2018,1989,남,23,대학·일반,대학·일반,7,46,2,Y
f1b0960f93af,2018,2001,여,11,고등,고등,1,2,2,N
f1c67ea3b4aa,2018,2007,여,5,초등,초등,2,5,2,N
f22d80da94c5,2018,2004,남,8,중등,중등,5,24,2,Y
f36602b19d2d,2018,2000,여,12,고등,대학·일반,8,30,2,Y
f3f3cebd89fe,2018,2002,남,10,고등,고등,6,22,2,Y
f447b677aeb2,2018,2010,남,2,초등,초등,5,17,2,N
f47f92dcf31c,2018,2004,여,8,중등,중등,3,4,2,N
f4d2a5032915,2018,1998,여,14,대학·일반,대학·일반,8,45,2,Y
f5826bc39d6d,2018,2003,여,9,중등,중등,6,33,2,Y
f6384e0bfbd8,2018,2004,남,8,중등,중등,6,25,2,Y
f69ffb12d14e,2018,2002,남,10,고등,고등,8,20,1|2,Y
f7bd20575e7c,2018,2009,여,3,초등,초등,5,13,2,N
f8bbc50957b9,2018,1999,여,13,대학·일반,고등,1,2,2,N
f9485279a90f,2018,1995,여,17,대학·일반,대학·일반,8,35,2,Y
f954406da362,2018,2006,남,6,초등,초등,2,4,2,N
fa1333859694,2018,2008,남,4,초등,초등,2,5,2,N
fa15c2498b0c,2018,2007,남,5,초등,초등,5,13,2,N
fa4291494792,2018,2010,여,2,초등,초등,2,4,2,N
fabef5f91cdd,2018,2002,남,10,고등,고등,6,13,1|2,Y
faf222e8aacc,2018,1996,남,16,대학·일반,대학·일반,6,29,2,Y
fb94cb00a5c7,2018,2010,남,2,초등,초등,1,1,2,N
fbdb4c0306ef,2018,2007,남,5,초등,초등,6,30,2,N
fbf3ff5bed8a,2018,2008,남,4,초등,초등,5,21,2,N
fd6ad2e1ace5,2018,1998,남,14,대학·일반,대학·일반,6,33,2,Y
fe27d7864e4e,2018,2002,남,10,고등,고등,4,9,2,N
fe3cef2855f3,2018,2005,남,7,중등,초등,1,2,2,N
fe545ef7b40a,2018,2008,여,4,초등,초등,4,15,2,N
feaf12c7995a,2018,2007,여,5,초등,초등,1,2,2,N
ffaf75e1e3ac,2018,2007,남,5,초등,초등,5,17,2,N
001deb32ccba,2019,1999,여,14,대학·일반,대학·일반,3,7,1|2,Y
006257fa91c5,2019,2008,남,5,초등,초등,2,4,2,N
00acbd9601d1,2019,2009,여,4,초등,초등,3,14,2,N
01056e001ef7,2019,2010,남,3,초등,초등,2,5,2,N
01e81df1b330,2019,2005,남,8,중등,중등,4,20,2,N
0251ca40c1c7,2019,2005,여,8,중등,중등,2,4,2,N
0296a68b22c2,2019,2003,남,10,고등,고등,6,28,2,Y
02a4a843c02e,2019,2007,남,6,초등,초등,3,11,2,N
04386f5a7f38,2019,2008,남,5,초등,초등,3,6,2,N
04a963b500f6,2019,1998,여,15,대학·일반,대학·일반,4,11,1|2,Y
04ddae787493,2019,2005,남,8,중등,중등,5,21,2,Y
05556f10b7e4,2019,2006,여,7,중등,중등,2,4,2,N
058ea815622d,2019,1999,여,14,대학·일반,대학·일반,4,9,1|2,Y
05940adac1aa,2019,2008,남,5,초등,초등,1,2,2,N
06a1f68b64c8,2019,2008,남,5,초등,초등,3,8,2,N
0707e8137993,2019,2001,남,12,고등,대학·일반,3,7,2,Y
0716360d5f0f,2019,1995,남,18,대학·일반,대학·일반,2,4,2,N
073257bbb042,2019,2009,여,4,초등,초등,3,11,2,N
0732e417b848,2019,2002,여,11,고등,고등,5,8,1|2,Y
07d9b3e2cade,2019,1998,남,15,대학·일반,대학·일반,4,11,2,N
0860b6aa59b5,2019,2007,남,6,초등,초등,1,1,2,N
08db8b732de5,2019,2004,남,9,중등,중등,5,22,2,Y
09c55747f4e2,2019,2008,남,5,초등,초등,4,13,2,N
0a2de10b61d7,2019,2000,여,13,대학·일반,대학·일반,4,9,2,N
0a4bf9101fa7,2019,2008,여,5,초등,초등,5,35,2,N
0ab88cfb98bc,2019,2005,여,8,중등,중등,4,18,2,N
0ac794715ebe,2019,2003,남,10,고등,중등,2,4,2,N
0ad6f1d603a9,2019,2001,여,12,고등,고등,5,17,2,Y
0af1f8641a01,2019,1993,남,20,대학·일반,대학·일반,2,4,2,N
0b445b8581e0,2019,2006,여,7,중등,중등,3,9,2,N
0cf4462ac657,2019,2008,남,5,초등,초등,5,18,2,N
0d6e76f4a3ff,2019,2004,여,9,중등,중등,1,3,2,N
0db5810a67de,2019,1992,남,21,대학·일반,대학·일반,4,17,2,N
0db761b6e87b,2019,2009,여,4,초등,초등,3,12,2,N
0de46d37712e,2019,2007,남,6,초등,초등,4,19,2,N
0e555532cf0b,2019,2004,여,9,중등,중등,2,5,2,N
0e72372ff945,2019,2007,여,6,초등,초등,4,7,1,Y
0f3c3a1288c4,2019,1997,남,16,대학·일반,대학·일반,2,8,2,N
0f3daa823e81,2019,2005,남,8,중등,중등,4,16,2,N
0f41fbece094,2019,1995,남,18,대학·일반,대학·일반,2,4,2,N
0f582fa50035,2019,2010,남,3,초등,초등,2,5,2,N
0fec83800031,2019,2006,여,7,중등,중등,3,8,2,N
103a8754af0f,2019,2005,남,8,중등,중등,2,4,2,N
113fb563e142,2019,1999,남,14,대학·일반,대학·일반,2,4,2,N
118652fcd85c,2019,2006,여,7,중등,중등,4,12,2,N
118e90000d73,2019,2000,남,13,대학·일반,대학·일반,1,2,2,N
125aa3c2eee7,2019,2007,남,6,초등,초등,2,6,2,N
12857deb2953,2019,1998,여,15,대학·일반,대학·일반,5,13,1|2,Y
1292d69c4caf,2019,2004,남,9,중등,중등,4,9,2,N
12adb198d4d5,2019,2008,여,5,초등,초등,1,2,2,N
12fc3065e382,2019,2007,남,6,초등,초등,4,14,2,N
138a16334fb4,2019,2010,남,3,초등,초등,3,9,2,N
1423282e3a6d,2019,2000,남,13,대학·일반,대학·일반,5,12,2,Y
14a17e18da9d,2019,2008,여,5,초등,초등,4,11,2,N
14a21cfa416a,2019,1993,여,20,대학·일반,대학·일반,4,10,2,N
15aec51fe947,2019,2008,남,5,초등,초등,1,3,2,N
1619eedbe301,2019,2008,여,5,초등,초등,4,21,2,N
167c1840e74e,2019,2003,여,10,고등,고등,5,19,2,Y
169491b323b3,2019,2007,여,6,초등,초등,5,20,2,N
16cd2e8e210c,2019,2004,남,9,중등,중등,6,24,2,Y
16d89eed9e82,2019,2001,여,12,고등,고등,5,25,2,Y
1766851ca86f,2019,2004,여,9,중등,중등,5,16,2,Y
1839febe78e2,2019,2008,남,5,초등,초등,2,4,2,N
18ee553f4b1f,2019,1997,남,16,대학·일반,대학·일반,4,8,1|2,Y
1904fad76ae4,2019,2002,남,11,고등,고등,6,39,2,Y
1a03f5049518,2019,2011,남,2,초등,초등,3,10,2,N
1b75ad970c08,2019,1997,남,16,대학·일반,대학·일반,3,8,2,N
1c5e68f84cf3,2019,1998,남,15,대학·일반,대학·일반,4,15,2,N
1d3dfaa24dc9,2019,2000,여,13,대학·일반,고등,1,1,2,N
1d832ec4e806,2019,1998,여,15,대학·일반,대학·일반,2,2,2,N
1d86f734093f,2019,2008,남,5,초등,초등,2,4,2,N
1f0954e96210,2019,1989,남,24,대학·일반,대학·일반,4,17,2,N
1f0f26f535e5,2019,1991,여,22,대학·일반,대학·일반,2,4,2,N
1f7edacccc17,2019,1997,여,16,대학·일반,대학·일반,3,9,2,N
208e52da1f63,2019,2009,남,4,초등,초등,4,18,2,N
210f1e8445e1,2019,2008,여,5,초등,초등,1,2,2,N
213dd96bc532,2019,1994,남,19,대학·일반,대학·일반,5,13,1,Y
22196f1cb541,2019,1997,남,16,대학·일반,대학·일반,4,10,2,N
225fb455c010,2019,1993,남,20,대학·일반,대학·일반,4,15,2,N
22c5081170f1,2019,2007,여,6,초등,초등,2,4,2,N
22c70867823a,2019,1993,남,20,대학·일반,대학·일반,4,15,2,N
233804408bef,2019,2009,여,4,초등,초등,5,22,2,N
2396bd738793,2019,1998,남,15,대학·일반,대학·일반,4,12,2,N
23a5df22cfb8,2019,1997,남,16,대학·일반,대학·일반,4,16,2,N
23c12e9b7060,2019,2006,여,7,중등,중등,4,13,2,N
24396606f1da,2019,2007,남,6,초등,초등,1,1,2,N
2447ce15f2ca,2019,2007,여,6,초등,초등,4,15,2,N
2454cfd13999,2019,2002,남,11,고등,고등,6,18,2,Y
2566c4325a2a,2019,2010,여,3,초등,초등,1,2,2,N
258b22e343ae,2019,2007,남,6,초등,초등,3,8,2,N
25d6b855be4b,2019,2007,여,6,초등,초등,3,7,2,N
25fb9cf0d380,2019,2006,여,7,중등,중등,2,5,2,N
262c76c8c94d,2019,2011,남,2,초등,초등,3,9,2,N
26d5bb612f35,2019,1993,남,20,대학·일반,대학·일반,4,16,2,N
26e910d3b288,2019,2008,여,5,초등,초등,5,29,2,N
26fa09086642,2019,2008,남,5,초등,초등,4,12,2,N
275b1a236e1d,2019,1999,여,14,대학·일반,대학·일반,4,10,2,N
28133b25877f,2019,2007,여,6,초등,초등,1,6,1|2,N
284e15594677,2019,2008,여,5,초등,초등,2,5,2,N
28d888308d6a,2019,2007,여,6,초등,초등,2,7,2,N
290a779c2d74,2019,2010,여,3,초등,초등,3,10,2,N
29307a930b64,2019,2004,여,9,중등,중등,6,21,2,Y
29442819f934,2019,2009,남,4,초등,초등,4,15,2,N
2af4aa3d8347,2019,1993,여,20,대학·일반,대학·일반,3,8,2,N
2bd45abdf686,2019,1996,여,17,대학·일반,대학·일반,1,2,2,N
2c27663d5bca,2019,2009,남,4,초등,초등,5,19,2,N
2c28b5461f8b,2019,2000,여,13,대학·일반,고등,1,1,2,N
2c430975e447,2019,2000,남,13,대학·일반,대학·일반,1,3,2,N
2c46cf1d257c,2019,2006,남,7,중등,초등,1,2,2,N
2e3ecd473e83,2019,2007,남,6,초등,초등,3,24,2,N
2e45b697314b,2019,2007,여,6,초등,초등,5,13,2,N
2e7a0aab7956,2019,2007,여,6,초등,초등,5,29,2,N
2e86127057c0,2019,2005,남,8,중등,중등,1,2,2,N
2ed3bf62cc16,2019,1999,남,14,대학·일반,대학·일반,4,7,1|2,Y
2f428e11b789,2019,1996,남,17,대학·일반,대학·일반,4,14,2,N
2f5876f49425,2019,2006,여,7,중등,중등,1,2,2,N
2fb9c2bbf582,2019,2004,여,9,중등,중등,2,7,2,N
30525392671e,2019,2004,남,9,중등,중등,6,24,2,Y
30c5cc12e5e5,2019,2007,남,6,초등,초등,4,13,2,N
31deaa043f12,2019,1997,여,16,대학·일반,대학·일반,3,6,2,N
322d4e835fea,2019,1999,남,14,대학·일반,대학·일반,4,10,2,N
32c8f1560d3a,2019,1999,여,14,대학·일반,대학·일반,3,7,2,N
33039690841f,2019,2005,남,8,중등,중등,3,6,2,N
333f0fd3030f,2019,2003,여,10,고등,중등,1,2,2,N
3373316d3423,2019,2004,남,9,중등,중등,2,4,2,N
34053d95f43c,2019,2001,남,12,고등,고등,5,23,2,Y
341ba5941e18,2019,2009,남,4,초등,초등,1,3,2,N
347355986bec,2019,2008,남,5,초등,초등,2,9,2,N
34b879e373ee,2019,2010,여,3,초등,초등,1,2,2,N
351640d9764b,2019,2007,남,6,초등,초등,3,13,2,N
3588a6c7598b,2019,2009,여,4,초등,초등,5,24,2,N
37653ea034d3,2019,2006,남,7,중등,중등,4,14,2,N
3771801f4022,2019,2010,여,3,초등,초등,3,7,2,N
37e213997ab5,2019,2002,여,11,고등,고등,6,30,2,Y
380e564d823c,2019,2007,남,6,초등,초등,2,7,2,N
383a7e1421ff,2019,2007,여,6,초등,초등,2,6,2,N
38b0125c6b0d,2019,2002,남,11,고등,고등,4,11,2,N
38c58d240e01,2019,2004,여,9,중등,중등,3,8,2,Y
39289c0b69e5,2019,1998,남,15,대학·일반,대학·일반,4,8,2,N
39c9affa23f9,2019,2008,여,5,초등,초등,4,22,2,N
39ec2aeda4cc,2019,2003,여,10,고등,고등,7,14,1,Y
39f6621d7e2b,2019,1995,여,18,대학·일반,대학·일반,2,5,2,N
3a0f8e787acb,2019,2000,여,13,대학·일반,대학·일반,5,13,2,Y
3a645b26fe85,2019,2008,여,5,초등,초등,3,16,2,N
3a6a5a64b930,2019,2005,남,8,중등,중등,4,16,2,N
3b8c3f7937a3,2019,1991,여,22,대학·일반,대학·일반,4,10,2,N
3bc8fa847760,2019,2006,남,7,중등,중등,2,4,2,N
3bcccfa4b437,2019,2006,남,7,중등,초등,1,2,2,N
3bd4e66c4fa2,2019,2005,여,8,중등,중등,2,4,2,N
3bd94fbc5a76,2019,2009,여,4,초등,초등,4,14,2,N
3bedd8cb10c8,2019,2006,여,7,중등,중등,3,8,2,N
3c6cd8dd118a,2019,2003,남,10,고등,고등,5,11,2,Y
3c7005fc99e1,2019,2009,남,4,초등,초등,4,21,2,N
3d50fc7659e6,2019,2002,남,11,고등,고등,6,15,1|2,Y
3da4d8cbc4a1,2019,2008,남,5,초등,초등,1,3,2,N
3ea8c0d38926,2019,2007,남,6,초등,초등,4,29,2,N
3f5a14b081de,2019,2009,여,4,초등,초등,1,4,2,N
3f5ac571de4c,2019,2002,여,11,고등,고등,2,5,2,N
40793898b08e,2019,1997,남,16,대학·일반,대학·일반,4,17,2,N
408a8e6caa8b,2019,2005,여,8,중등,중등,4,13,2,N
42392ffd8d05,2019,1996,여,17,대학·일반,대학·일반,1,2,2,N
42a7b66e8afe,2019,2007,남,6,초등,초등,4,18,2,N
4413d0e24fe3,2019,2002,남,11,고등,고등,5,23,2,Y
447334c61026,2019,2007,여,6,초등,초등,1,2,2,N
44836eb7c1c3,2019,2007,남,6,초등,초등,2,4,2,N
44b321671632,2019,2007,남,6,초등,초등,4,15,2,N
4529e6f7aedd,2019,2004,여,9,중등,중등,5,19,2,Y
460e91d9808f,2019,2006,여,7,중등,중등,3,8,2,N
46c211450ef5,2019,2005,남,8,중등,중등,5,11,1|2,Y
46cdfe4b94d7,2019,2008,남,5,초등,초등,1,2,2,N
4773cab8f530,2019,1994,남,19,대학·일반,대학·일반,2,6,2,N
47f9701de090,2019,2004,남,9,중등,중등,4,13,2,Y
483ab294e424,2019,2000,남,13,대학·일반,대학·일반,3,7,2,N
489d2e100010,2019,2008,여,5,초등,초등,1,2,2,N
48c0037b849a,2019,1995,여,18,대학·일반,대학·일반,1,2,2,N
48ccf52edfd4,2019,2005,여,8,중등,중등,4,13,2,N
49229ae50147,2019,2007,여,6,초등,초등,4,19,2,N
493abb9bc998,2019,2011,남,2,초등,초등,2,4,2,N
4998dc521b62,2019,2006,남,7,중등,초등,1,2,2,N
4a5a12b8a207,2019,2002,남,11,고등,고등,2,6,2,N
4a9b72c6415b,2019,2008,남,5,초등,초등,2,6,2,N
4abde24943d8,2019,2003,남,10,고등,고등,6,21,2,Y
4b2f5342f081,2019,2002,여,11,고등,고등,1,1,2,N
4c27f57219f5,2019,2006,남,7,중등,중등,4,13,2,N
4c727e166aac,2019,2003,남,10,고등,고등,5,20,2,Y
4ce691a84146,2019,2012,남,1,초등,초등,2,9,2,N
4d54d9021641,2019,1998,남,15,대학·일반,대학·일반,3,5,2,N
4dbff7907bec,2019,1968,여,45,대학·일반,대학·일반,1,4,1|2,N
4dd7d705fd6c,2019,2010,남,3,초등,초등,3,10,2,N
4de909d9bd68,2019,2008,여,5,초등,초등,4,11,2,N
4eaadb04685a,2019,2010,남,3,초등,초등,3,4,2,N
4eb96e5d2708,2019,2009,남,4,초등,초등,4,17,2,N
4ed3d1e6f22a,2019,2009,여,4,초등,초등,3,17,2,N
4f0587b605c0,2019,1999,남,14,대학·일반,대학·일반,4,16,2,N
4f895cce3378,2019,2008,남,5,초등,초등,4,10,2,N
4f8aa9e33e5b,2019,2004,여,9,중등,중등,4,10,2,Y
508141dc88d9,2019,1999,남,14,대학·일반,대학·일반,3,7,2,N
50901ef2fea3,2019,2002,남,11,고등,고등,2,4,2,N
50bb4357045f,2019,1999,남,14,대학·일반,대학·일반,4,11,2,N
5140194a098d,2019,1993,남,20,대학·일반,대학·일반,3,11,2,N
516aadc16dd9,2019,2007,여,6,초등,초등,5,25,2,N
523d6cf9c251,2019,2002,남,11,고등,고등,6,14,1,Y
52c0962044f1,2019,2007,남,6,초등,초등,2,3,2,N
52dd877d418e,2019,2006,남,7,중등,중등,4,11,2,N
53c5b47c0a2a,2019,2006,남,7,중등,중등,3,7,2,N
53d0fd32bf26,2019,2001,남,12,고등,고등,3,7,1,Y
53e87fe20484,2019,2003,남,10,고등,고등,6,33,2,Y
544e7c62c2a9,2019,2007,여,6,초등,초등,4,12,2,N
549b3ef90844,2019,2006,남,7,중등,중등,4,12,2,N
552f6f49278f,2019,2009,여,4,초등,초등,5,17,2,N
5569426f0783,2019,2001,여,12,고등,고등,2,5,2,N
562ecc66a7be,2019,2003,남,10,고등,고등,5,23,2,Y
573b36bd28b1,2019,1997,남,16,대학·일반,대학·일반,3,7,2,N
5752c98d4580,2019,2008,남,5,초등,초등,3,9,2,N
57fea5d7f235,2019,2006,여,7,중등,중등,3,9,2,N
5800fadae4ff,2019,2007,여,6,초등,초등,2,6,2,N
58418ba38085,2019,2004,남,9,중등,중등,5,16,2,Y
58ec54b90c37,2019,2003,여,10,고등,고등,6,17,2,Y
59dc5628721a,2019,2007,여,6,초등,초등,3,11,2,N
59eff099283c,2019,2010,남,3,초등,초등,2,5,2,N
5bc252b8e59a,2019,2010,남,3,초등,초등,1,1,2,N
5c435cfdfec6,2019,2011,남,2,초등,초등,2,11,2,N
5cf18822da66,2019,2006,남,7,중등,초등,1,2,2,N
5d6cf45bcecb,2019,2006,남,7,중등,중등,4,11,2,N
5e7fa52b4d83,2019,2001,여,12,고등,고등,4,11,1|2,Y
6000c97ae09b,2019,2005,여,8,중등,중등,2,4,2,N
60f93167710c,2019,2005,여,8,중등,중등,3,7,2,N
610496298856,2019,2004,여,9,중등,중등,1,1,2,N
61b018a28cc5,2019,1998,남,15,대학·일반,대학·일반,4,9,2,N
61cadab7573c,2019,2001,남,12,고등,고등,5,24,2,Y
62c11a801dcd,2019,1988,남,25,대학·일반,대학·일반,1,2,2,N
62eb10bcec3b,2019,2007,남,6,초등,초등,1,2,2,N
6352595f975c,2019,1992,남,21,대학·일반,대학·일반,5,11,1,Y
635aaabb0921,2019,2002,여,11,고등,고등,1,2,2,N
63db10152c9e,2019,2010,여,3,초등,초등,5,16,2,N
64762911db97,2019,1993,남,20,대학·일반,대학·일반,4,11,1,Y
65c97bda99d0,2019,2002,남,11,고등,고등,6,39,2,Y
65d806e2eb77,2019,2005,남,8,중등,중등,4,10,2,N
662b51f36011,2019,1998,남,15,대학·일반,대학·일반,1,2,2,N
66383d8daaac,2019,2006,남,7,중등,중등,4,13,2,N
67a72efc0413,2019,2000,여,13,대학·일반,대학·일반,3,7,2,N
67dc6ccd9ffa,2019,2004,남,9,중등,중등,6,36,2,Y
67f0f58a3c01,2019,2003,남,10,고등,고등,3,8,2,N
689862795a46,2019,2010,남,3,초등,초등,3,6,2,N
699d71f9893a,2019,2008,여,5,초등,초등,3,7,2,N
6a1768916603,2019,1990,여,23,대학·일반,대학·일반,3,7,2,N
6a1ee142573a,2019,2009,남,4,초등,초등,2,9,2,N
6b18c49592fb,2019,2007,여,6,초등,초등,5,30,2,N
6b1db24cd950,2019,1999,남,14,대학·일반,대학·일반,5,14,1|2,Y
6bf5d106417f,2019,2003,여,10,고등,고등,7,19,1,Y
6c00c5ca3cc8,2019,2004,여,9,중등,중등,4,7,1,Y
6caab414d3b5,2019,2011,남,2,초등,초등,2,4,1|2,N
6d785cb1e276,2019,2009,남,4,초등,초등,3,13,2,N
6e8f6d9dbc27,2019,2006,남,7,중등,중등,3,7,2,N
6f6e2706dbe3,2019,2002,여,11,고등,고등,3,10,2,Y
6fc419889959,2019,2003,남,10,고등,고등,3,5,2,Y
715cec6a3d40,2019,1998,남,15,대학·일반,대학·일반,4,16,2,N
71f0fc6fb19f,2019,2011,남,2,초등,초등,3,12,2,N
7331b02e6521,2019,2003,남,10,고등,고등,5,12,2,Y
7348b88668e6,2019,2011,남,2,초등,초등,1,2,2,N
735ef2d955de,2019,1998,남,15,대학·일반,대학·일반,5,9,1,Y
74378e73b1d8,2019,2005,여,8,중등,중등,1,2,2,N
745718330858,2019,2007,남,6,초등,초등,3,9,2,N
753bb60c91d8,2019,2005,남,8,중등,중등,3,7,1|2,Y
75404397362c,2019,2001,남,12,고등,고등,5,29,2,Y
757a161b37a7,2019,2004,여,9,중등,중등,3,6,2,N
7599fcb60326,2019,2009,남,4,초등,초등,3,15,2,N
75b2d4d412d3,2019,1984,남,29,대학·일반,대학·일반,1,2,2,N
75f5d02152b2,2019,2011,남,2,초등,초등,4,17,2,N
7682a4ba1353,2019,2007,남,6,초등,초등,4,8,2,N
76bc3daea3bf,2019,2003,남,10,고등,고등,6,17,2,Y
76d8fe29a9c0,2019,1970,여,43,대학·일반,대학·일반,1,4,1|2,N
774892825a63,2019,2008,남,5,초등,초등,4,12,2,N
77aea32d94e2,2019,1995,여,18,대학·일반,대학·일반,4,10,2,N
781895b5dc37,2019,2011,남,2,초등,초등,1,3,2,N
783498b63937,2019,2010,남,3,초등,초등,5,12,1|2,N
7886c0578460,2019,2006,남,7,중등,중등,3,9,2,N
78ad7a2e2d07,2019,2007,남,6,초등,초등,1,3,2,N
79ae0d5998d5,2019,1993,여,20,대학·일반,대학·일반,3,6,2,N
7a9990a361f2,2019,2010,남,3,초등,초등,2,5,2,N
7b1e95e175d5,2019,2003,남,10,고등,고등,4,16,2,Y
7ba47907d375,2019,1994,남,19,대학·일반,대학·일반,2,2,1,Y
7bcef41c7919,2019,2008,남,5,초등,초등,5,30,2,N
7d57891e0e52,2019,2001,남,12,고등,고등,5,20,2,Y
7d6f38807c1b,2019,2007,남,6,초등,초등,5,29,2,N
7e3ca13abba0,2019,2002,남,11,고등,고등,5,14,2,Y
7e6bedd198e9,2019,2005,남,8,중등,중등,3,6,2,N
7efea96608b4,2019,2007,남,6,초등,초등,3,15,2,N
7f08a553abe6,2019,2009,여,4,초등,초등,2,5,2,N
7fad02e54fdc,2019,1996,남,17,대학·일반,대학·일반,1,2,2,N
808f736e1107,2019,2003,여,10,고등,고등,3,6,1,Y
80b041eca001,2019,2000,남,13,대학·일반,대학·일반,5,22,2,Y
80c4d263fbe5,2019,2008,남,5,초등,초등,4,19,2,N
811dec6e3ad3,2019,1994,남,19,대학·일반,대학·일반,4,13,2,N
812f8b5b4c78,2019,2007,여,6,초등,초등,1,2,2,N
816539253a72,2019,2011,남,2,초등,초등,1,5,2,N
818918888c8b,2019,2004,남,9,중등,중등,2,4,2,Y
81a07ce06484,2019,2003,남,10,고등,고등,5,13,2,Y
81ecef03ce53,2019,1999,남,14,대학·일반,대학·일반,5,14,1|2,Y
82baf36eaef3,2019,1958,남,55,대학·일반,대학·일반,1,2,2,N
84587278c6a2,2019,2002,남,11,고등,고등,6,24,2,Y
8464b1f47861,2019,2002,여,11,고등,고등,6,12,1|2,Y
857f6e20752f,2019,2005,남,8,중등,중등,4,8,2,N
85abaa27a28c,2019,2003,여,10,고등,고등,5,12,2,Y
86fa534b67ee,2019,2012,남,1,초등,초등,2,4,2,N
874faf790003,2019,2004,남,9,중등,중등,1,2,2,N
87775b9d0595,2019,2006,남,7,중등,중등,2,5,2,N
8813b3e58801,2019,1992,남,21,대학·일반,대학·일반,1,2,2,N
8815347c524d,2019,2010,남,3,초등,초등,6,13,1|2,N
8886758951e1,2019,2008,여,5,초등,초등,4,9,1|2,N
8910573d2676,2019,2006,여,7,중등,초등,1,2,2,N
8920b85c7a8e,2019,2003,남,10,고등,고등,4,10,2,Y
8970c464b9f4,2019,1993,남,20,대학·일반,대학·일반,5,16,1|2,Y
89c19685d3a5,2019,2009,남,4,초등,초등,2,5,1|2,N
8afdacb7e027,2019,2000,남,13,대학·일반,대학·일반,4,13,2,N
8b0ca8a04c7a,2019,2010,여,3,초등,초등,3,10,2,N
8b5a5a1dd231,2019,2007,남,6,초등,초등,4,14,2,N
8c1f0bb5bd9e,2019,1993,남,20,대학·일반,대학·일반,2,6,2,N
8c464f28a5bd,2019,1998,여,15,대학·일반,대학·일반,1,2,2,N
8d741f47a76f,2019,2002,남,11,고등,고등,6,18,2,Y
8d8636df70f2,2019,2006,남,7,중등,중등,4,10,2,N
8df5ded40bc8,2019,1999,여,14,대학·일반,대학·일반,4,11,1|2,Y
8e4fe3b85160,2019,2002,남,11,고등,고등,8,20,1|2,Y
8ec8582847e8,2019,2010,여,3,초등,초등,3,11,2,N
8f46bcdf68e5,2019,1997,남,16,대학·일반,대학·일반,4,10,2,N
8f698e2869ae,2019,1996,남,17,대학·일반,대학·일반,1,2,2,N
8fb95de7ad39,2019,2004,여,9,중등,중등,5,20,2,Y
8fd394e484e9,2019,2004,여,9,중등,중등,1,2,2,N
900df6910556,2019,1999,여,14,대학·일반,대학·일반,2,5,2,N
908dae81514b,2019,2012,남,1,초등,초등,3,14,2,N
91091850dad2,2019,2001,남,12,고등,대학·일반,2,4,2,N
9140e2ad0fc1,2019,2000,남,13,대학·일반,대학·일반,5,21,2,Y
916c4ede9de9,2019,2001,남,12,고등,고등,4,7,1,Y
91caa93ee855,2019,2006,여,7,중등,중등,3,10,2,N
91d9cc69803e,2019,2008,여,5,초등,초등,4,11,2,N
9222fdaf4c9d,2019,1997,여,16,대학·일반,대학·일반,2,4,2,N
92a31ec3a07f,2019,2007,남,6,초등,초등,4,11,2,N
92cbda503019,2019,2006,남,7,중등,중등,1,1,2,N
92e683c0b1ab,2019,2009,남,4,초등,초등,4,12,2,N
93066727a19c,2019,2006,남,7,중등,중등,4,13,2,N
935835189e37,2019,2003,여,10,고등,고등,6,30,2,Y
9366e3efd384,2019,2007,남,6,초등,초등,2,4,2,N
94677631a5cb,2019,1996,남,17,대학·일반,대학·일반,2,5,2,N
94e735494a95,2019,2005,여,8,중등,중등,4,15,2,N
94f9fae60885,2019,2005,남,8,중등,중등,3,8,2,N
95726957d4e1,2019,2002,남,11,고등,고등,6,24,2,Y
95d280fec7a1,2019,2008,여,5,초등,초등,1,2,2,N
9659b564e53d,2019,2007,여,6,초등,초등,2,4,2,N
974d7c28a0f7,2019,2008,여,5,초등,초등,3,16,2,N
975e4dfdb143,2019,2011,여,2,초등,초등,1,4,2,N
97b4816d62d6,2019,2001,남,12,고등,고등,5,26,2,Y
983ec6748edb,2019,1996,여,17,대학·일반,대학·일반,3,6,2,N
986ad5951944,2019,2006,남,7,중등,중등,4,6,2,N
98a24c345bc4,2019,2008,여,5,초등,초등,4,15,2,N
98cf8639bf81,2019,2001,여,12,고등,고등,5,22,2,Y
99a88579c002,2019,2011,여,2,초등,초등,5,14,1|2,N
9a136898aa22,2019,2008,남,5,초등,초등,5,22,2,N
9a3a6ed2ccb9,2019,2007,여,6,초등,초등,2,10,2,N
9b1407065833,2019,2000,남,13,대학·일반,대학·일반,2,5,2,N
9ce1b931f372,2019,2007,남,6,초등,초등,2,8,2,N
9d4b7a90e20b,2019,2006,여,7,중등,중등,3,7,2,N
9eb74bd65f6d,2019,2008,남,5,초등,초등,5,26,2,N
9eb7d8edc89f,2019,2007,남,6,초등,초등,4,30,2,N
9ed8f69a980c,2019,2012,남,1,초등,초등,3,12,2,N
9f20a85ae2a5,2019,2002,여,11,고등,고등,6,24,2,Y
9f20dc23b98e,2019,2009,여,4,초등,초등,3,14,2,N
9f21cfa5870e,2019,2001,여,12,고등,고등,5,24,2,Y
9f3faff9be72,2019,2008,여,5,초등,초등,2,4,2,N
a040ef3107a1,2019,2008,남,5,초등,초등,1,2,2,N
a0b51cc17751,2019,2006,여,7,중등,중등,4,15,2,N
a111bf8fa2a3,2019,2003,여,10,고등,고등,5,24,2,Y
a2187bf732eb,2019,2007,남,6,초등,초등,3,12,2,N
a299d04c9dca,2019,2005,여,8,중등,중등,4,10,2,Y
a305c2ca5547,2019,1997,남,16,대학·일반,대학·일반,4,12,2,N
a32ea3346685,2019,2008,여,5,초등,초등,1,3,2,N
a32f03f3a702,2019,2002,남,11,고등,고등,6,30,2,Y
a38f3e36f334,2019,2008,여,5,초등,초등,2,6,2,N
a4290a42ccda,2019,2006,여,7,중등,초등,1,2,2,N
a47fb5acff0f,2019,2001,여,12,고등,고등,1,2,2,N
a49cec2ecad2,2019,2007,여,6,초등,초등,4,14,2,N
a5126863855e,2019,2001,여,12,고등,고등,4,14,2,Y
a54ffc97d962,2019,2002,남,11,고등,고등,2,4,2,N
a623bbe508b6,2019,2007,남,6,초등,초등,3,14,2,N
a6852bc3f5b9,2019,1995,남,18,대학·일반,대학·일반,3,7,2,N
a7129272906b,2019,1999,여,14,대학·일반,대학·일반,4,11,2,N
a7781f4c24f4,2019,2007,여,6,초등,초등,2,6,2,N
a7b2462b99b7,2019,2003,남,10,고등,고등,5,14,2,Y
a7b993214f8d,2019,2000,여,13,대학·일반,대학·일반,5,20,2,Y
a9a5507b44e5,2019,2005,남,8,중등,중등,4,11,2,N
ab46aac2506d,2019,2004,여,9,중등,중등,6,28,2,Y
ab84c20e2d56,2019,2009,여,4,초등,초등,5,14,1|2,N
ab8fdf4add44,2019,2009,남,4,초등,초등,2,7,2,N
abfbd31287f9,2019,2001,남,12,고등,고등,5,31,2,Y
ac2d91cfdee1,2019,2003,남,10,고등,고등,3,7,2,Y
ac52eaedefcd,2019,2007,여,6,초등,초등,4,16,2,N
ac9051c6491f,2019,1999,여,14,대학·일반,대학·일반,4,8,2,N
adc91c1a07c8,2019,2002,여,11,고등,고등,1,2,2,N
ae079ebbad25,2019,2004,남,9,중등,중등,5,17,2,Y
ae60d7c64fb4,2019,2006,남,7,중등,중등,4,14,2,N
aeb8813a42d9,2019,2000,남,13,대학·일반,대학·일반,2,5,2,N
aeb951b6b89b,2019,2002,남,11,고등,고등,5,14,2,Y
af4280f25442,2019,2006,남,7,중등,초등,1,2,2,N
af613fde6bf6,2019,1993,여,20,대학·일반,대학·일반,4,12,2,N
afb9b9a19d71,2019,2009,여,4,초등,초등,2,6,2,N
afd33403c291,2019,2008,남,5,초등,초등,2,5,2,N
b02a98c2d51e,2019,2008,여,5,초등,초등,4,16,2,N
b094d49dcf61,2019,2000,여,13,대학·일반,대학·일반,5,6,1,Y
b13c10ab1f4a,2019,2005,여,8,중등,중등,1,2,2,N
b18b368d31d8,2019,1994,남,19,대학·일반,대학·일반,3,5,1,Y
b19f4001ab7b,2019,2011,여,2,초등,초등,3,8,2,N
b1be767c6aed,2019,2009,여,4,초등,초등,2,9,2,N
b20fc1b1e52f,2019,2009,여,4,초등,초등,3,8,2,N
b23adf304bb3,2019,2002,여,11,고등,고등,6,31,2,Y
b23ef5311053,2019,1996,남,17,대학·일반,대학·일반,2,5,2,N
b27548ca343a,2019,2010,남,3,초등,초등,1,3,2,N
b35b483035fd,2019,2007,남,6,초등,초등,1,2,2,N
b3d2b1445f0f,2019,2005,남,8,중등,중등,1,2,2,N
b422b5587676,2019,2011,남,2,초등,초등,3,15,2,N
b43ac65fd8f4,2019,2008,남,5,초등,초등,1,2,2,N
b4462f101760,2019,2009,남,4,초등,초등,2,5,2,N
b5919aedfb55,2019,2007,여,6,초등,초등,2,4,2,N
b59b2188aa9c,2019,2004,남,9,중등,중등,5,17,2,Y
b6af10605c4a,2019,2010,남,3,초등,초등,4,18,2,N
b6ba08a11135,2019,2009,여,4,초등,초등,3,9,2,N
b6c954a76552,2019,2002,남,11,고등,고등,6,28,2,Y
b761821ce5f1,2019,2007,남,6,초등,초등,4,10,2,N
b769baf07269,2019,2007,남,6,초등,초등,2,7,2,N
b831e7281af3,2019,2007,남,6,초등,초등,1,3,2,N
b847ee6de612,2019,2004,남,9,중등,중등,4,7,2,N
b84a2a8ce26e,2019,2005,남,8,중등,중등,4,16,2,N
b8606a5bf2b3,2019,2000,남,13,대학·일반,고등,1,2,2,N
b87b3e0e8d1f,2019,2002,여,11,고등,고등,5,14,2,Y
b8bf145f0996,2019,2008,남,5,초등,초등,2,5,2,N
b9b4f5eea44b,2019,2004,남,9,중등,고등,5,12,2,Y
b9fb5676d9c0,2019,2005,여,8,중등,중등,4,14,2,N
ba571c90b7e5,2019,2002,남,11,고등,고등,6,21,2,Y
bac68acf29ff,2019,1992,여,21,대학·일반,대학·일반,1,2,2,N
bb09c749b2ed,2019,2007,여,6,초등,초등,3,9,2,N
bb6473fd28f1,2019,2008,남,5,초등,초등,3,6,2,N
bb938f82563f,2019,2002,남,11,고등,고등,3,6,2,N
bb9a0da3e797,2019,2010,남,3,초등,초등,1,3,2,N
bc090871124c,2019,2004,여,9,중등,중등,2,4,2,N
bc1f82eb21a3,2019,2007,여,6,초등,초등,5,27,2,N
bcfaf780b48e,2019,1999,여,14,대학·일반,대학·일반,3,6,2,N
be6a657d494e,2019,2003,남,10,고등,고등,1,2,2,N
be908d8b267f,2019,1996,여,17,대학·일반,대학·일반,4,13,2,N
bea18b3f73cd,2019,2002,남,11,고등,고등,4,10,2,Y
c0ec766e62d3,2019,2003,남,10,고등,고등,4,12,2,Y
c155dbc1f57a,2019,2009,남,4,초등,초등,3,18,2,N
c15b0b6411b1,2019,2000,여,13,대학·일반,대학·일반,4,16,2,Y
c18afd65dc2c,2019,2009,남,4,초등,초등,2,4,2,N
c1e907f0d932,2019,2001,여,12,고등,고등,3,6,2,N
c212501d9167,2019,2006,남,7,중등,중등,1,2,2,N
c21c87f50be3,2019,1999,남,14,대학·일반,대학·일반,4,13,2,N
c2bfec1d2fc8,2019,2004,여,9,중등,중등,3,7,1,Y
c2c2ac55fd3c,2019,2004,남,9,중등,중등,6,33,2,Y
c2dd4fa0aaf9,2019,2006,여,7,중등,중등,3,13,2,N
c346076a8c65,2019,2006,여,7,중등,중등,2,5,2,N
c3845507716d,2019,2006,남,7,중등,초등,1,2,2,N
c3d174bd7b0d,2019,1994,여,19,대학·일반,대학·일반,4,12,2,N
c3d39ae7c008,2019,2003,남,10,고등,고등,5,20,2,Y
c584956e3254,2019,1997,남,16,대학·일반,대학·일반,4,14,2,N
c5cd7dd40d89,2019,2000,남,13,대학·일반,대학·일반,3,6,2,N
c5d29e88f697,2019,1995,남,18,대학·일반,대학·일반,6,14,1|2,Y
c616ae81f421,2019,2010,여,3,초등,초등,3,12,2,N
c6517e79afe0,2019,2006,여,7,중등,초등,1,2,2,N
c6bdaceaa5c9,2019,2011,여,2,초등,초등,3,8,2,N
c748efda2f20,2019,2006,여,7,중등,중등,4,12,2,N
c7cea8aae72e,2019,2004,여,9,중등,중등,5,15,2,Y
c7e03fe9a727,2019,2008,남,5,초등,초등,4,18,2,N
c9ce03fb973d,2019,2004,여,9,중등,중등,6,33,2,Y
c9ea200dfdd1,2019,2008,남,5,초등,초등,1,2,2,N
ca69b7d9fe0a,2019,2001,남,12,고등,고등,3,7,2,N
ca74ac736a8c,2019,2006,남,7,중등,중등,4,17,2,N
ca8235bbaac4,2019,2001,여,12,고등,고등,4,12,2,Y
caade68ad452,2019,2001,남,12,고등,고등,5,24,2,Y
cb70c5e09d61,2019,2007,남,6,초등,초등,1,2,2,N
cb820612d8cf,2019,2010,남,3,초등,초등,2,6,2,N
cbff9bc32c05,2019,1998,남,15,대학·일반,대학·일반,3,4,2,N
cc4e2bfd2d0a,2019,2001,남,12,고등,고등,4,7,1,Y
cc8aacdad28a,2019,1995,남,18,대학·일반,대학·일반,1,2,2,N
ccd4f861f9b0,2019,2000,남,13,대학·일반,대학·일반,5,28,2,Y
cce216458cac,2019,2001,남,12,고등,고등,5,12,1|2,Y
cd4405cdba61,2019,2002,남,11,고등,고등,4,14,1,Y
cddfbc9a0078,2019,2008,여,5,초등,초등,4,29,2,N
ce17414cc716,2019,2007,남,6,초등,초등,1,3,2,N
ce56b4f0e051,2019,2011,남,2,초등,초등,1,4,2,N
cf7259007af6,2019,2010,남,3,초등,초등,4,20,2,N
cfd7ca90c85e,2019,2005,남,8,중등,중등,1,3,2,N
d04da41971ae,2019,2007,여,6,초등,초등,4,21,2,N
d26b25a1b205,2019,2007,여,6,초등,초등,2,4,2,N
d2e0a39a299f,2019,1996,남,17,대학·일반,대학·일반,4,11,2,N
d2ef954fbebc,2019,2008,남,5,초등,초등,2,8,2,N
d3138c670a26,2019,2001,여,12,고등,고등,5,14,2,Y
d408b43bf352,2019,2006,남,7,중등,초등,1,2,2,N
d4509fd514c6,2019,2009,여,4,초등,초등,4,22,2,N
d4c0d967f8ad,2019,2008,여,5,초등,초등,4,19,2,N
d4cc8549f7d7,2019,2008,남,5,초등,초등,2,3,2,N
d50402223788,2019,2000,남,13,대학·일반,대학·일반,5,23,2,Y
d50f209f4e38,2019,2006,여,7,중등,중등,2,2,2,N
d539912e8112,2019,2005,남,8,중등,중등,2,6,2,N
d56dbbf2fddf,2019,2005,여,8,중등,중등,2,4,1,Y
d579e9ab7dbb,2019,2009,여,4,초등,초등,3,8,2,N
d632e357c512,2019,2008,남,5,초등,초등,2,6,2,N
d66fe4ac13ba,2019,1992,남,21,대학·일반,대학·일반,5,11,1|2,Y
d6743c3ad463,2019,2008,여,5,초등,초등,2,5,2,N
d68a10321ab6,2019,2007,남,6,초등,초등,5,32,2,N
d68b66341589,2019,2003,남,10,고등,고등,6,15,2,Y
d6be78d1e42a,2019,2004,남,9,중등,중등,3,7,2,N
d7d7c6478ccd,2019,1995,남,18,대학·일반,대학·일반,4,11,2,N
d7feb4abef2c,2019,1991,남,22,대학·일반,대학·일반,4,8,1,Y
d88e5cc057ad,2019,2007,여,6,초등,초등,2,6,2,N
d8aeb3c5bfd2,2019,2005,여,8,중등,중등,2,4,2,N
d8b4e7c25790,2019,2008,여,5,초등,초등,4,14,1|2,N
d902f5800a69,2019,2007,남,6,초등,중등,4,9,2,N
d97c2e899c27,2019,2002,여,11,고등,고등,4,10,1|2,Y
d9e874308acb,2019,2008,여,5,초등,초등,4,9,2,N
d9eb328b75b3,2019,1996,여,17,대학·일반,,2,3,1,Y
da43cc039eb5,2019,2007,여,6,초등,초등,4,15,2,N
da8559996b5f,2019,2004,남,9,중등,중등,3,7,2,N
daee1077985a,2019,1995,남,18,대학·일반,대학·일반,3,6,2,N
db1cdee67b02,2019,2004,남,9,중등,고등,4,10,2,Y
db3f17b5432d,2019,2005,여,8,중등,중등,5,25,2,Y
dc092a8ec0ef,2019,2005,남,8,중등,중등,4,12,2,N
dc8e8984ab33,2019,2008,남,5,초등,초등,4,27,2,N
dcca80eccb4f,2019,1971,남,42,대학·일반,대학·일반,1,2,2,N
dd43ece87bb0,2019,2009,남,4,초등,초등,4,18,2,N
ddc529144693,2019,2007,여,6,초등,초등,1,2,2,N
de1a37e081c7,2019,1994,남,19,대학·일반,대학·일반,4,13,2,N
de76cdda89f2,2019,2007,남,6,초등,초등,2,4,2,N
defdba760e16,2019,2009,여,4,초등,초등,1,4,2,N
df00fead1dc2,2019,2008,남,5,초등,초등,2,5,2,N
df0e87cc1575,2019,1997,여,16,대학·일반,대학·일반,3,6,2,N
df2fcef1c0fa,2019,2005,여,8,중등,중등,3,8,2,N
dfa0e3b68789,2019,2007,남,6,초등,초등,1,2,2,N
dfe129442cd7,2019,2011,여,2,초등,초등,3,8,2,N
dfff3e1dfb9e,2019,2007,여,6,초등,초등,2,7,2,N
e027f858978e,2019,2007,여,6,초등,초등,3,7,2,N
e03b75c343df,2019,2011,남,2,초등,초등,3,15,2,N
e092597d66c0,2019,2006,여,7,중등,중등,3,7,2,N
e0c8d6d91885,2019,1996,남,17,대학·일반,대학·일반,4,14,2,N
e166910dce4a,2019,2006,여,7,중등,중등,2,4,2,N
e1912baafc95,2019,2009,여,4,초등,초등,4,19,2,N
e2049ad004d8,2019,2002,여,11,고등,고등,5,19,2,Y
e2ec544f388f,2019,2010,남,3,초등,초등,1,3,2,N
e37d609ba13f,2019,2003,여,10,고등,고등,5,14,2,Y
e3be26585644,2019,2004,남,9,중등,중등,6,26,2,Y
e669472069da,2019,2005,남,8,중등,중등,3,8,2,N
e6d5ca2fe35a,2019,2007,여,6,초등,초등,2,4,2,N
e6e4cd92df18,2019,2006,남,7,중등,중등,4,12,2,N
e720070cc73c,2019,2006,남,7,중등,중등,3,8,2,N
e89c982f130a,2019,2006,남,7,중등,중등,3,3,2,N
e8dade32a3dc,2019,2006,여,7,중등,중등,3,7,2,N
e93b65fce5f2,2019,2001,여,12,고등,고등,2,3,2,N
e94ab0bb5548,2019,1997,여,16,대학·일반,대학·일반,4,8,2,N
e95757919175,2019,2009,남,4,초등,초등,3,13,2,N
e9f2eb2cdb5e,2019,2002,여,11,고등,고등,5,21,2,Y
ea19b07c0d7f,2019,2005,여,8,중등,중등,5,20,2,Y
eab97c2399f1,2019,2004,여,9,중등,중등,4,11,2,N
eaeb01f670de,2019,2006,여,7,중등,중등,4,13,2,N
eb31c336f8c9,2019,2004,남,9,중등,중등,2,4,2,N
ec0056a960a8,2019,2009,남,4,초등,초등,4,22,2,N
ec08969c46d4,2019,2003,남,10,고등,고등,5,13,2,Y
ec76589289c9,2019,2007,여,6,초등,초등,3,18,2,N
ecba42a38e94,2019,2007,남,6,초등,초등,2,5,2,N
ed62dfb93983,2019,2007,여,6,초등,초등,2,4,2,N
ed73a9876f68,2019,2005,남,8,중등,중등,5,29,2,Y
edb357db45c8,2019,1991,남,22,대학·일반,대학·일반,4,16,2,N
edb7716ac8af,2019,2005,여,8,중등,중등,4,13,2,N
edff70a0df8f,2019,2008,남,5,초등,초등,3,9,2,N
eea04db8fc3f,2019,2001,여,12,고등,고등,3,8,2,N
eef9149d6be8,2019,2007,남,6,초등,초등,2,4,2,N
ef06a006cd75,2019,2011,여,2,초등,초등,2,4,2,N
ef363251abb0,2019,2001,여,12,고등,대학·일반,5,20,2,Y
f0fea5dc711f,2019,1997,남,16,대학·일반,대학·일반,4,12,2,N
f1063e4b08f2,2019,1992,남,21,대학·일반,대학·일반,1,2,2,N
f12df0dbe7d0,2019,2005,남,8,중등,중등,5,17,2,Y
f145e63d5ed5,2019,1993,여,20,대학·일반,대학·일반,3,10,1|2,Y
f17bd9cb7818,2019,1989,남,24,대학·일반,대학·일반,4,12,2,N
f22d80da94c5,2019,2004,남,9,중등,중등,6,22,2,Y
f31352f02fa1,2019,2008,남,5,초등,초등,2,4,2,N
f36602b19d2d,2019,2000,여,13,대학·일반,대학·일반,3,6,2,N
f3f3cebd89fe,2019,2002,남,11,고등,고등,2,5,2,N
f4152fa55c4d,2019,2011,남,2,초등,초등,2,11,2,N
f447b677aeb2,2019,2010,남,3,초등,초등,3,7,2,N
f47f92dcf31c,2019,2004,여,9,중등,중등,1,2,2,N
f4d2a5032915,2019,1998,여,15,대학·일반,대학·일반,4,10,2,N
f5387e08492e,2019,1980,남,33,대학·일반,대학·일반,1,2,2,N
f56467b8cd68,2019,2010,남,3,초등,초등,1,2,2,N
f5826bc39d6d,2019,2003,여,10,고등,고등,4,14,2,Y
f6384e0bfbd8,2019,2004,남,9,중등,중등,5,16,2,Y
f7bd20575e7c,2019,2009,여,4,초등,초등,1,2,2,N
f7c7a65e7b29,2019,2006,남,7,중등,중등,2,4,2,N
f7ee4efbc69b,2019,2010,남,3,초등,초등,2,5,2,N
f9485279a90f,2019,1995,여,18,대학·일반,대학·일반,4,11,2,N
f954406da362,2019,2006,남,7,중등,초등,2,4,2,N
fa1333859694,2019,2008,남,5,초등,초등,2,9,2,N
fa15c2498b0c,2019,2007,남,6,초등,초등,5,16,2,N
fa4291494792,2019,2010,여,3,초등,초등,1,2,2,N
fabef5f91cdd,2019,2002,남,11,고등,고등,5,9,1,Y
faf222e8aacc,2019,1996,남,17,대학·일반,대학·일반,4,13,2,N
fb94cb00a5c7,2019,2010,남,3,초등,초등,4,19,2,N
fbdb4c0306ef,2019,2007,남,6,초등,초등,4,21,2,N
fbf3ff5bed8a,2019,2008,남,5,초등,초등,5,24,2,N
fd6ad2e1ace5,2019,1998,남,15,대학·일반,대학·일반,4,14,2,N
fd8946419227,2019,2011,남,2,초등,초등,3,14,2,N
fe27d7864e4e,2019,2002,남,11,고등,고등,6,33,2,Y
fe545ef7b40a,2019,2008,여,5,초등,초등,5,21,2,N
fe5eedc6998d,2019,2009,여,4,초등,초등,3,11,2,N
fe68ac402077,2019,2010,남,3,초등,초등,3,8,2,N
ffaf75e1e3ac,2019,2007,남,6,초등,초등,5,32,2,N
001deb32ccba,2020,1999,여,15,대학·일반,대학·일반,1,1,1,N
006257fa91c5,2020,2008,남,6,초등,중등,3,13,2,N
00acbd9601d1,2020,2009,여,5,초등,초등,4,16,2,N
01056e001ef7,2020,2010,남,4,초등,초등,3,14,2,N
01e81df1b330,2020,2005,남,9,중등,중등,3,11,2,Y
0251ca40c1c7,2020,2005,여,9,중등,중등,1,2,2,N
0296a68b22c2,2020,2003,남,11,고등,고등,6,33,2,Y
02b78970de01,2020,2010,남,4,초등,초등,3,20,2,N
030f43d05649,2020,2009,여,5,초등,초등,1,2,2,N
04386f5a7f38,2020,2008,남,6,초등,초등,2,4,2,N
04ddae787493,2020,2005,남,9,중등,고등,6,38,2,Y
05506c84b5c0,2020,2012,남,2,초등,초등,3,13,2,N
05556f10b7e4,2020,2006,여,8,중등,중등,2,5,2,N
058ea815622d,2020,1999,여,15,대학·일반,대학·일반,5,12,1,Y
06a1f68b64c8,2020,2008,남,6,초등,초등,1,2,2,N
0707e8137993,2020,2001,남,13,대학·일반,대학·일반,2,4,2,N
0716360d5f0f,2020,1995,남,19,대학·일반,대학·일반,4,15,2,Y
073257bbb042,2020,2009,여,5,초등,초등,3,6,2,N
07d9b3e2cade,2020,1998,남,16,대학·일반,대학·일반,4,10,2,Y
0860b6aa59b5,2020,2007,남,7,중등,초등,1,1,2,N
08db8b732de5,2020,2004,남,10,고등,고등,3,11,2,N
0978740c413c,2020,2008,남,6,초등,중등,1,2,2,N
09c55747f4e2,2020,2008,남,6,초등,초등,3,7,2,N
0a2de10b61d7,2020,2000,여,14,대학·일반,대학·일반,4,12,2,Y
0a4bf9101fa7,2020,2008,여,6,초등,중등,4,21,2,N
0ab88cfb98bc,2020,2005,여,9,중등,고등,6,41,2,Y
0ac794715ebe,2020,2003,남,11,고등,고등,1,2,2,N
0ad6f1d603a9,2020,2001,여,13,대학·일반,대학·일반,5,13,2,Y
0af1f8641a01,2020,1993,남,21,대학·일반,대학·일반,6,42,2,Y
0b445b8581e0,2020,2006,여,8,중등,중등,3,13,2,N
0cf4462ac657,2020,2008,남,6,초등,중등,4,18,2,N
0d6e76f4a3ff,2020,2004,여,10,고등,중등,2,4,2,N
0d83b926bbdc,2020,2009,여,5,초등,초등,1,2,2,N
0db5810a67de,2020,1992,남,22,대학·일반,대학·일반,3,6,2,N
0db761b6e87b,2020,2009,여,5,초등,초등,1,2,2,N
0de46d37712e,2020,2007,남,7,중등,초등,1,2,2,N
0e555532cf0b,2020,2004,여,10,고등,중등,2,4,2,N
0e72372ff945,2020,2007,여,7,중등,중등,4,12,1,N
0f0fd7271c04,2020,2011,남,3,초등,초등,1,2,2,N
0f2481c12b45,2020,2010,여,4,초등,초등,2,13,2,N
0f3c3a1288c4,2020,1997,남,17,대학·일반,대학·일반,5,28,2,Y
0f3daa823e81,2020,2005,남,9,중등,고등,5,23,2,Y
0f582fa50035,2020,2010,남,4,초등,초등,2,5,2,N
0fec83800031,2020,2006,여,8,중등,중등,2,11,2,N
1026f92bcb31,2020,2013,여,1,초등,초등,3,8,2,N
103a8754af0f,2020,2005,남,9,중등,중등,1,2,2,N
113fb563e142,2020,1999,남,15,대학·일반,대학·일반,2,4,2,N
118652fcd85c,2020,2006,여,8,중등,중등,2,7,2,N
118d346ca624,2020,2009,남,5,초등,초등,3,18,2,N
118e90000d73,2020,2000,남,14,대학·일반,대학·일반,6,43,2,Y
11a836e3d374,2020,2012,남,2,초등,초등,1,3,2,N
125aa3c2eee7,2020,2007,남,7,중등,중등,4,13,2,N
12857deb2953,2020,1998,여,16,대학·일반,대학·일반,4,11,1,Y
1292d69c4caf,2020,2004,남,10,고등,고등,4,9,1|2,N
12fc3065e382,2020,2007,남,7,중등,중등,3,7,2,N
138a16334fb4,2020,2010,남,4,초등,초등,3,13,2,N
1423282e3a6d,2020,2000,남,14,대학·일반,대학·일반,5,13,1|2,N
14a17e18da9d,2020,2008,여,6,초등,초등,1,2,2,N
14a21cfa416a,2020,1993,여,21,대학·일반,대학·일반,7,25,1|2,Y
14d4313fd366,2020,2011,여,3,초등,초등,3,14,2,N
15aec51fe947,2020,2008,남,6,초등,초등,1,2,2,N
1619eedbe301,2020,2008,여,6,초등,초등,3,13,2,N
167c1840e74e,2020,2003,여,11,고등,고등,4,11,1|2,N
169491b323b3,2020,2007,여,7,중등,중등,3,7,2,N
16cd2e8e210c,2020,2004,남,10,고등,고등,3,11,2,N
16d89eed9e82,2020,2001,여,13,대학·일반,대학·일반,6,42,2,Y
1766851ca86f,2020,2004,여,10,고등,고등,5,16,2,Y
1839febe78e2,2020,2008,남,6,초등,초등,2,5,2,N
18ee553f4b1f,2020,1997,남,17,대학·일반,대학·일반,2,2,1,N
1904fad76ae4,2020,2002,남,12,고등,대학·일반,7,44,2,Y
1a03f5049518,2020,2011,남,3,초등,초등,3,10,2,N
1b75ad970c08,2020,1997,남,17,대학·일반,대학·일반,4,17,2,Y
1c5e68f84cf3,2020,1998,남,16,대학·일반,대학·일반,6,35,2,Y
1ccf5cb96e86,2020,2008,남,6,초등,초등,2,5,2,N
1d832ec4e806,2020,1998,여,16,대학·일반,대학·일반,6,41,2,Y
1d86f734093f,2020,2008,남,6,초등,초등,2,4,2,N
1f0954e96210,2020,1989,남,25,대학·일반,대학·일반,6,50,2,Y
1f0f26f535e5,2020,1991,여,23,대학·일반,대학·일반,4,16,2,N
1f7edacccc17,2020,1997,여,17,대학·일반,대학·일반,6,41,2,Y
208e52da1f63,2020,2009,남,5,초등,초등,4,20,2,N
210f1e8445e1,2020,2008,여,6,초등,초등,1,2,2,N
213dd96bc532,2020,1994,남,20,대학·일반,대학·일반,6,18,1,Y
22196f1cb541,2020,1997,남,17,대학·일반,대학·일반,1,2,2,N
224195206fd6,2020,2010,남,4,초등,초등,2,4,2,N
225fb455c010,2020,1993,남,21,대학·일반,대학·일반,4,16,2,N
22c70867823a,2020,1993,남,21,대학·일반,대학·일반,1,2,2,N
233804408bef,2020,2009,여,5,초등,초등,4,21,2,N
2396bd738793,2020,1998,남,16,대학·일반,대학·일반,3,6,2,N
23a5df22cfb8,2020,1997,남,17,대학·일반,대학·일반,3,8,2,N
23c12e9b7060,2020,2006,여,8,중등,중등,5,33,2,Y
24396606f1da,2020,2007,남,7,중등,초등,1,1,2,N
2447ce15f2ca,2020,2007,여,7,중등,초등,2,4,2,N
2454cfd13999,2020,2002,남,12,고등,고등,2,4,2,N
2566c4325a2a,2020,2010,여,4,초등,초등,1,2,2,N
258b22e343ae,2020,2007,남,7,중등,중등,4,21,2,N
25d6b855be4b,2020,2007,여,7,중등,초등,1,2,2,N
262c76c8c94d,2020,2011,남,3,초등,초등,2,11,2,N
26d5bb612f35,2020,1993,남,21,대학·일반,대학·일반,6,35,2,Y
26e910d3b288,2020,2008,여,6,초등,중등,4,25,2,N
26fa09086642,2020,2008,남,6,초등,초등,4,17,2,N
275b1a236e1d,2020,1999,여,15,대학·일반,대학·일반,6,28,2,Y
2796274b6b7c,2020,1989,남,25,대학·일반,대학·일반,1,1,2,N
28d888308d6a,2020,2007,여,7,중등,중등,2,7,2,N
290a779c2d74,2020,2010,여,4,초등,초등,3,16,2,N
29307a930b64,2020,2004,여,10,고등,고등,4,11,2,Y
29442819f934,2020,2009,남,5,초등,초등,4,20,2,N
2948c412f69c,2020,2011,남,3,초등,초등,2,12,2,N
2c27663d5bca,2020,2009,남,5,초등,초등,1,2,2,N
2c430975e447,2020,2000,남,14,대학·일반,대학·일반,1,2,2,N
2c46cf1d257c,2020,2006,남,8,중등,중등,3,22,2,N
2c6563c5e63c,2020,2011,남,3,초등,초등,1,2,2,N
2d3e94a43fab,2020,2013,여,1,초등,초등,2,6,2,N
2daee764a606,2020,2011,남,3,초등,초등,1,3,2,N
2e3ecd473e83,2020,2007,남,7,중등,중등,3,11,2,N
2e45b697314b,2020,2007,여,7,중등,중등,3,6,2,N
2e7a0aab7956,2020,2007,여,7,중등,중등,4,21,2,N
2eb9eed1198f,2020,2011,남,3,초등,초등,1,2,2,N
2ed3bf62cc16,2020,1999,남,15,대학·일반,대학·일반,2,3,1,N
2f428e11b789,2020,1996,남,18,대학·일반,대학·일반,4,11,2,Y
2f5876f49425,2020,2006,여,8,중등,중등,1,2,2,N
2fb9c2bbf582,2020,2004,여,10,고등,고등,5,18,2,Y
30525392671e,2020,2004,남,10,고등,고등,5,31,2,Y
30c5cc12e5e5,2020,2007,남,7,중등,중등,3,6,2,N
31bc88c0dfa7,2020,2013,남,1,초등,초등,2,6,2,N
320c4c1a0032,2020,2008,남,6,초등,초등,1,2,2,N
322d4e835fea,2020,1999,남,15,대학·일반,대학·일반,5,22,2,Y
32c8f1560d3a,2020,1999,여,15,대학·일반,대학·일반,1,2,2,N
33039690841f,2020,2005,남,9,중등,중등,1,2,2,N
34053d95f43c,2020,2001,남,13,대학·일반,대학·일반,5,19,2,Y
341ba5941e18,2020,2009,남,5,초등,초등,2,4,2,N
34b879e373ee,2020,2010,여,4,초등,초등,1,2,2,N
351640d9764b,2020,2007,남,7,중등,중등,3,8,2,N
3588a6c7598b,2020,2009,여,5,초등,초등,2,5,2,N
35a3cf3eca23,2020,2009,여,5,초등,초등,1,2,2,N
364aa9a98d93,2020,2008,여,6,초등,초등,2,4,2,N
37653ea034d3,2020,2006,남,8,중등,중등,6,28,2,Y
3771801f4022,2020,2010,여,4,초등,초등,3,9,2,N
3777e13862ff,2020,2009,여,5,초등,초등,2,6,2,N
37e213997ab5,2020,2002,여,12,고등,대학·일반,6,27,2,Y
380e564d823c,2020,2007,남,7,중등,중등,2,5,2,N
383a7e1421ff,2020,2007,여,7,중등,초등,1,2,2,N
38b0125c6b0d,2020,2002,남,12,고등,고등,4,11,2,Y
38c58d240e01,2020,2004,여,10,고등,고등,2,7,2,N
39289c0b69e5,2020,1998,남,16,대학·일반,대학·일반,2,3,2,N
39c9affa23f9,2020,2008,여,6,초등,초등,3,10,2,N
39ec2aeda4cc,2020,2003,여,11,고등,고등,5,14,1,Y
39f6621d7e2b,2020,1995,여,19,대학·일반,대학·일반,6,35,2,Y
3a0f8e787acb,2020,2000,여,14,대학·일반,대학·일반,1,2,2,N
3a645b26fe85,2020,2008,여,6,초등,중등,4,16,2,N
3a6a5a64b930,2020,2005,남,9,중등,고등,6,34,2,Y
3ac6e70cce45,2020,2009,남,5,초등,초등,3,12,2,N
3b8c3f7937a3,2020,1991,여,23,대학·일반,대학·일반,4,11,2,N
3bd4e66c4fa2,2020,2005,여,9,중등,고등,2,5,2,N
3bd94fbc5a76,2020,2009,여,5,초등,초등,1,2,2,N
3bedd8cb10c8,2020,2006,여,8,중등,중등,2,5,2,N
3c6cd8dd118a,2020,2003,남,11,고등,고등,1,2,2,N
3c7005fc99e1,2020,2009,남,5,초등,초등,3,21,2,N
3d50fc7659e6,2020,2002,남,12,고등,고등,5,16,1,Y
3da4d8cbc4a1,2020,2008,남,6,초등,초등,1,2,2,N
3ea8c0d38926,2020,2007,남,7,중등,중등,3,9,2,N
3eebf85cd6ca,2020,2010,여,4,초등,초등,3,11,2,N
3f5ac571de4c,2020,2002,여,12,고등,고등,1,2,2,N
40793898b08e,2020,1997,남,17,대학·일반,대학·일반,5,22,2,Y
408a8e6caa8b,2020,2005,여,9,중등,고등,7,19,1|2,Y
418c30a6926b,2020,2010,여,4,초등,초등,1,4,2,N
42392ffd8d05,2020,1996,여,18,대학·일반,대학·일반,1,2,2,N
42a7b66e8afe,2020,2007,남,7,중등,중등,3,9,2,N
4413d0e24fe3,2020,2002,남,12,고등,대학·일반,6,28,2,Y
44836eb7c1c3,2020,2007,남,7,중등,초등,1,2,2,N
44b321671632,2020,2007,남,7,중등,중등,2,5,2,N
4529e6f7aedd,2020,2004,여,10,고등,고등,6,30,2,Y
460e91d9808f,2020,2006,여,8,중등,중등,4,19,2,N
46c211450ef5,2020,2005,남,9,중등,중등,2,6,1,N
4773cab8f530,2020,1994,남,20,대학·일반,대학·일반,6,47,2,Y
47f9701de090,2020,2004,남,10,고등,고등,3,9,2,N
483ab294e424,2020,2000,남,14,대학·일반,대학·일반,5,25,2,Y
48c0037b849a,2020,1995,여,19,대학·일반,대학·일반,5,36,2,Y
48ccf52edfd4,2020,2005,여,9,중등,중등,3,6,2,N
49229ae50147,2020,2007,여,7,중등,중등,4,22,2,N
493abb9bc998,2020,2011,남,3,초등,초등,1,2,2,N
4a5a12b8a207,2020,2002,남,12,고등,고등,2,6,2,N
4a9b72c6415b,2020,2008,남,6,초등,초등,2,5,2,N
4abde24943d8,2020,2003,남,11,고등,고등,6,33,2,Y
4c27f57219f5,2020,2006,남,8,중등,중등,5,27,2,Y
4c727e166aac,2020,2003,남,11,고등,고등,7,43,2,Y
4d54d9021641,2020,1998,남,16,대학·일반,대학·일반,3,6,2,N
4dd7d705fd6c,2020,2010,남,4,초등,초등,1,4,2,N
4de909d9bd68,2020,2008,여,6,초등,중등,4,13,2,N
4eaadb04685a,2020,2010,남,4,초등,초등,1,1,2,N
4eb96e5d2708,2020,2009,남,5,초등,초등,4,19,2,N
4ed3d1e6f22a,2020,2009,여,5,초등,초등,3,16,2,N
4f0587b605c0,2020,1999,남,15,대학·일반,대학·일반,5,22,2,Y
4f895cce3378,2020,2008,남,6,초등,초등,3,9,2,N
4f8aa9e33e5b,2020,2004,여,10,고등,고등,4,21,2,Y
5054028f8e78,2020,2008,여,6,초등,초등,2,4,2,N
508141dc88d9,2020,1999,남,15,대학·일반,대학·일반,2,4,2,N
50901ef2fea3,2020,2002,남,12,고등,대학·일반,2,5,2,N
50bb4357045f,2020,1999,남,15,대학·일반,대학·일반,5,18,2,Y
5140194a098d,2020,1993,남,21,대학·일반,대학·일반,5,17,2,Y
516aadc16dd9,2020,2007,여,7,중등,중등,4,12,2,N
523d6cf9c251,2020,2002,남,12,고등,대학·일반,5,15,1,Y
52c0962044f1,2020,2007,남,7,중등,중등,1,2,2,N
52dd877d418e,2020,2006,남,8,중등,중등,2,7,2,N
53c5b47c0a2a,2020,2006,남,8,중등,중등,2,6,2,N
53d0fd32bf26,2020,2001,남,13,대학·일반,대학·일반,2,6,1,N
53e87fe20484,2020,2003,남,11,고등,고등,6,38,2,Y
544e7c62c2a9,2020,2007,여,7,중등,중등,4,18,2,N
549b3ef90844,2020,2006,남,8,중등,중등,3,13,2,N
552f6f49278f,2020,2009,여,5,초등,초등,4,16,2,N
5569426f0783,2020,2001,여,13,대학·일반,대학·일반,7,45,2,Y
55dffcf02d1a,2020,2011,남,3,초등,초등,3,16,2,N
562ecc66a7be,2020,2003,남,11,고등,고등,1,2,2,N
573b36bd28b1,2020,1997,남,17,대학·일반,대학·일반,1,2,2,N
5752c98d4580,2020,2008,남,6,초등,초등,1,2,2,N
57fea5d7f235,2020,2006,여,8,중등,중등,2,5,2,N
58076c846493,2020,2011,남,3,초등,초등,3,12,2,N
58418ba38085,2020,2004,남,10,고등,고등,5,16,2,Y
58ec54b90c37,2020,2003,여,11,고등,고등,3,8,2,N
59dc5628721a,2020,2007,여,7,중등,중등,3,11,2,N
59eff099283c,2020,2010,남,4,초등,초등,1,2,2,N
5b05981e77b5,2020,2011,남,3,초등,초등,1,2,2,N
5bc252b8e59a,2020,2010,남,4,초등,초등,2,4,2,N
5c95bcfe8ca4,2020,2010,여,4,초등,초등,3,19,2,N
5cf18822da66,2020,2006,남,8,중등,중등,3,7,1,N
5d6cf45bcecb,2020,2006,남,8,중등,중등,4,17,2,N
6000c97ae09b,2020,2005,여,9,중등,중등,1,4,2,N
60f93167710c,2020,2005,여,9,중등,중등,3,5,2,N
61b018a28cc5,2020,1998,남,16,대학·일반,대학·일반,2,5,2,N
61cadab7573c,2020,2001,남,13,대학·일반,대학·일반,2,4,2,N
6352595f975c,2020,1992,남,22,대학·일반,대학·일반,6,13,1|2,Y
635aaabb0921,2020,2002,여,12,고등,고등,1,2,2,N
63caafae5f6e,2020,2010,남,4,초등,초등,2,9,2,N
63db10152c9e,2020,2010,여,4,초등,초등,4,16,2,N
64762911db97,2020,1993,남,21,대학·일반,대학·일반,5,8,1,Y
649418d5da42,2020,2009,여,5,초등,초등,2,8,2,N
65c97bda99d0,2020,2002,남,12,고등,대학·일반,6,32,2,Y
65d806e2eb77,2020,2005,남,9,중등,중등,3,9,2,N
66383d8daaac,2020,2006,남,8,중등,중등,3,18,2,N
67dc6ccd9ffa,2020,2004,남,10,고등,고등,6,35,2,Y
67f0f58a3c01,2020,2003,남,11,고등,고등,1,3,2,N
68770bb4d8c5,2020,2010,여,4,초등,초등,1,3,2,N
689862795a46,2020,2010,남,4,초등,초등,3,6,2,N
699d71f9893a,2020,2008,여,6,초등,초등,3,6,2,N
69dee89a8f97,2020,2007,여,7,중등,중등,2,5,2,N
6a1ee142573a,2020,2009,남,5,초등,초등,2,5,2,N
6a6ca62dea84,2020,2010,여,4,초등,초등,3,9,2,N
6b18c49592fb,2020,2007,여,7,중등,중등,4,18,2,N
6b1db24cd950,2020,1999,남,15,대학·일반,대학·일반,6,16,1,Y
6b49ccefbf06,2020,2010,여,4,초등,초등,3,14,2,N
6bf5d106417f,2020,2003,여,11,고등,고등,1,3,1,N
6c00c5ca3cc8,2020,2004,여,10,고등,고등,4,14,1,Y
6d785cb1e276,2020,2009,남,5,초등,초등,3,22,2,N
6e8f6d9dbc27,2020,2006,남,8,중등,중등,3,10,2,N
6ed72b8bf745,2020,2010,여,4,초등,초등,3,20,2,N
6f6e2706dbe3,2020,2002,여,12,고등,대학·일반,6,45,2,Y
6fc419889959,2020,2003,남,11,고등,고등,4,13,1,N
715cec6a3d40,2020,1998,남,16,대학·일반,대학·일반,5,43,2,Y
72a90767c572,2020,2011,남,3,초등,초등,1,3,2,N
72f4a8d79bd7,2020,2012,남,2,초등,초등,3,8,2,N
7331b02e6521,2020,2003,남,11,고등,고등,3,8,2,N
735d8cc447ac,2020,2012,여,2,초등,초등,2,4,2,N
735ef2d955de,2020,1998,남,16,대학·일반,대학·일반,1,2,1,N
740db73bc336,2020,2008,여,6,초등,중등,1,2,2,N
745718330858,2020,2007,남,7,중등,중등,3,7,2,N
753bb60c91d8,2020,2005,남,9,중등,중등,5,18,1,Y
75404397362c,2020,2001,남,13,대학·일반,대학·일반,6,30,2,Y
757a161b37a7,2020,2004,여,10,고등,고등,3,7,2,N
75b2d4d412d3,2020,1984,남,30,대학·일반,대학·일반,1,2,2,N
75c457dd2269,2020,2006,남,8,중등,중등,3,6,1|2,N
75f5d02152b2,2020,2011,남,3,초등,초등,3,15,2,N
7682a4ba1353,2020,2007,남,7,중등,중등,3,6,2,N
76bc3daea3bf,2020,2003,남,11,고등,고등,3,8,2,N
774892825a63,2020,2008,남,6,초등,초등,3,10,2,N
77aea32d94e2,2020,1995,여,19,대학·일반,대학·일반,6,29,2,Y
781895b5dc37,2020,2011,남,3,초등,초등,3,16,2,N
783498b63937,2020,2010,남,4,초등,초등,1,4,2,N
7886c0578460,2020,2006,남,8,중등,중등,3,14,2,N
78ad7a2e2d07,2020,2007,남,7,중등,초등,1,2,2,N
7a129f79642d,2020,2011,남,3,초등,초등,3,16,2,N
7aa207dab581,2020,2010,여,4,초등,초등,2,7,2,N
7b1e95e175d5,2020,2003,남,11,고등,고등,6,38,2,Y
7bcef41c7919,2020,2008,남,6,초등,중등,4,20,2,N
7d57891e0e52,2020,2001,남,13,대학·일반,대학·일반,7,36,2,Y
7d6f38807c1b,2020,2007,남,7,중등,초등,1,2,2,N
7e3ca13abba0,2020,2002,남,12,고등,고등,1,2,2,N
7e6bedd198e9,2020,2005,남,9,중등,중등,1,2,2,N
7efea96608b4,2020,2007,남,7,중등,중등,3,10,2,N
7fad02e54fdc,2020,1996,남,18,대학·일반,대학·일반,3,7,2,N
80b041eca001,2020,2000,남,14,대학·일반,대학·일반,5,20,2,Y
80c4d263fbe5,2020,2008,남,6,초등,초등,1,2,2,N
811dec6e3ad3,2020,1994,남,20,대학·일반,대학·일반,1,2,2,N
818918888c8b,2020,2004,남,10,고등,고등,4,19,2,Y
81a07ce06484,2020,2003,남,11,고등,고등,5,21,2,Y
81ecef03ce53,2020,1999,남,15,대학·일반,대학·일반,6,16,1,Y
83858edebf68,2020,2011,남,3,초등,초등,1,3,2,N
84587278c6a2,2020,2002,남,12,고등,대학·일반,7,42,2,Y
8464b1f47861,2020,2002,여,12,고등,고등,6,17,1,Y
857f6e20752f,2020,2005,남,9,중등,중등,3,11,2,N
85abaa27a28c,2020,2003,여,11,고등,고등,4,16,2,Y
86a6367976fa,2020,2009,여,5,초등,초등,2,5,2,N
86b76272a648,2020,2010,남,4,초등,초등,1,3,2,N
86fa534b67ee,2020,2012,남,2,초등,초등,2,8,2,N
8815347c524d,2020,2010,남,4,초등,초등,4,18,2,N
8920b85c7a8e,2020,2003,남,11,고등,고등,3,11,2,N
8970c464b9f4,2020,1993,남,21,대학·일반,대학·일반,6,9,1|2,Y
89c19685d3a5,2020,2009,남,5,초등,초등,2,5,2,N
8afdacb7e027,2020,2000,남,14,대학·일반,대학·일반,6,30,2,Y
8b0ca8a04c7a,2020,2010,여,4,초등,초등,4,20,2,N
8b5a5a1dd231,2020,2007,남,7,중등,중등,2,6,2,N
8be3acddedb2,2020,2005,남,9,중등,중등,2,7,2,N
8c1f0bb5bd9e,2020,1993,남,21,대학·일반,대학·일반,2,5,2,N
8c36a537cd20,2020,2009,남,5,초등,초등,1,2,2,N
8cc3153ca83e,2020,2010,남,4,초등,초등,3,14,2,N
8d741f47a76f,2020,2002,남,12,고등,고등,5,25,2,Y
8d8636df70f2,2020,2006,남,8,중등,중등,3,10,2,N
8df5ded40bc8,2020,1999,여,15,대학·일반,대학·일반,1,1,1,N
8e4fe3b85160,2020,2002,남,12,고등,대학·일반,4,8,1,Y
8ec8582847e8,2020,2010,여,4,초등,초등,3,15,2,N
8f46bcdf68e5,2020,1997,남,17,대학·일반,대학·일반,2,5,2,N
8fb95de7ad39,2020,2004,여,10,고등,고등,2,6,2,N
900df6910556,2020,1999,여,15,대학·일반,대학·일반,5,33,2,Y
908dae81514b,2020,2012,남,2,초등,초등,3,15,2,N
91091850dad2,2020,2001,남,13,대학·일반,대학·일반,5,17,2,Y
9140e2ad0fc1,2020,2000,남,14,대학·일반,대학·일반,5,18,2,Y
91caa93ee855,2020,2006,여,8,중등,중등,3,7,2,N
91d9cc69803e,2020,2008,여,6,초등,초등,2,6,2,N
9222fdaf4c9d,2020,1997,여,17,대학·일반,대학·일반,2,4,2,N
92a31ec3a07f,2020,2007,남,7,중등,중등,3,6,2,N
92cbda503019,2020,2006,남,8,중등,중등,1,1,2,N
92e683c0b1ab,2020,2009,남,5,초등,초등,1,2,2,N
93066727a19c,2020,2006,남,8,중등,중등,2,7,2,N
935835189e37,2020,2003,여,11,고등,고등,4,10,1|2,N
9366e3efd384,2020,2007,남,7,중등,중등,2,4,2,N
9397b110f4c3,2020,2009,남,5,초등,초등,2,4,2,N
94e735494a95,2020,2005,여,9,중등,고등,6,37,2,Y
94f9fae60885,2020,2005,남,9,중등,고등,4,19,2,Y
95726957d4e1,2020,2002,남,12,고등,고등,7,32,2,Y
9659b564e53d,2020,2007,여,7,중등,초등,1,2,2,N
974d7c28a0f7,2020,2008,여,6,초등,중등,4,15,2,N
97b4816d62d6,2020,2001,남,13,대학·일반,대학·일반,6,29,2,Y
981c220407bb,2020,2010,남,4,초등,초등,2,6,2,N
983ec6748edb,2020,1996,여,18,대학·일반,대학·일반,1,2,2,N
986ad5951944,2020,2006,남,8,중등,중등,3,8,2,N
98a24c345bc4,2020,2008,여,6,초등,초등,3,8,2,N
98cf8639bf81,2020,2001,여,13,대학·일반,대학·일반,4,12,2,Y
99a88579c002,2020,2011,여,3,초등,초등,1,3,2,N
9a1324e83814,2020,2008,여,6,초등,중등,2,5,2,N
9a136898aa22,2020,2008,남,6,초등,초등,4,18,2,N
9a3a6ed2ccb9,2020,2007,여,7,중등,초등,1,2,2,N
9a8425552d6a,2020,2012,남,2,초등,초등,1,2,2,N
9b1407065833,2020,2000,남,14,대학·일반,대학·일반,3,8,2,N
9ce1b931f372,2020,2007,남,7,중등,중등,1,3,2,N
9d4b7a90e20b,2020,2006,여,8,중등,중등,3,6,2,N
9d9efc312f5a,2020,2012,남,2,초등,초등,1,2,2,N
9e9691f963b5,2020,2012,여,2,초등,초등,3,9,2,N
9eb74bd65f6d,2020,2008,남,6,초등,중등,4,19,2,N
9eb7d8edc89f,2020,2007,남,7,중등,중등,3,10,2,N
9ed8f69a980c,2020,2012,남,2,초등,초등,3,15,2,N
9f20a85ae2a5,2020,2002,여,12,고등,대학·일반,6,21,2,Y
9f21cfa5870e,2020,2001,여,13,대학·일반,대학·일반,7,36,2,Y
a00edd319d89,2020,1999,남,15,대학·일반,대학·일반,4,35,2,Y
a040ef3107a1,2020,2008,남,6,초등,중등,1,3,2,N
a0b51cc17751,2020,2006,여,8,중등,중등,4,20,2,N
a111bf8fa2a3,2020,2003,여,11,고등,고등,7,36,2,Y
a2187bf732eb,2020,2007,남,7,중등,중등,4,16,2,N
a28462783741,2020,2005,여,9,중등,중등,2,4,2,N
a305c2ca5547,2020,1997,남,17,대학·일반,대학·일반,3,8,2,N
a32ea3346685,2020,2008,여,6,초등,초등,2,4,2,N
a32f03f3a702,2020,2002,남,12,고등,대학·일반,4,10,2,Y
a363e66c13c0,2020,2011,남,3,초등,초등,3,11,2,N
a38f3e36f334,2020,2008,여,6,초등,초등,2,6,2,N
a3e6ceef0e4f,2020,2012,여,2,초등,초등,3,10,2,N
a49cec2ecad2,2020,2007,여,7,중등,초등,1,2,2,N
a54eedebac80,2020,2009,남,5,초등,초등,1,2,2,N
a54ffc97d962,2020,2002,남,12,고등,고등,1,2,2,N
a5c5c29df24a,2020,2011,여,3,초등,초등,3,13,2,N
a623bbe508b6,2020,2007,남,7,중등,중등,3,8,2,N
a7129272906b,2020,1999,여,15,대학·일반,대학·일반,2,4,2,N
a74d1464d69d,2020,2012,남,2,초등,초등,2,8,2,N
a7781f4c24f4,2020,2007,여,7,중등,초등,1,2,2,N
a7b2462b99b7,2020,2003,남,11,고등,고등,3,9,2,N
a7b993214f8d,2020,2000,여,14,대학·일반,대학·일반,6,34,2,Y
a8db8c51ebd6,2020,2009,여,5,초등,초등,3,12,2,N
a9a5507b44e5,2020,2005,남,9,중등,중등,2,5,2,N
a9d9b15b53ba,2020,2012,여,2,초등,초등,2,4,2,N
aa72b62902a5,2020,2009,남,5,초등,초등,1,2,2,N
ab46aac2506d,2020,2004,여,10,고등,고등,6,30,2,Y
ab84c20e2d56,2020,2009,여,5,초등,초등,4,9,1,N
ab8fdf4add44,2020,2009,남,5,초등,초등,2,8,2,N
abfbd31287f9,2020,2001,남,13,대학·일반,대학·일반,6,40,2,Y
ac2d91cfdee1,2020,2003,남,11,고등,고등,1,2,2,N
ac52eaedefcd,2020,2007,여,7,중등,중등,4,22,2,N
ac9051c6491f,2020,1999,여,15,대학·일반,대학·일반,6,22,2,Y
ae079ebbad25,2020,2004,남,10,고등,고등,3,10,2,N
ae60d7c64fb4,2020,2006,남,8,중등,중등,4,21,2,Y
aeb8813a42d9,2020,2000,남,14,대학·일반,대학·일반,5,21,2,Y
aeb951b6b89b,2020,2002,남,12,고등,고등,1,2,2,N
af613fde6bf6,2020,1993,여,21,대학·일반,대학·일반,6,39,2,Y
afb9b9a19d71,2020,2009,여,5,초등,초등,2,6,2,N
b02a98c2d51e,2020,2008,여,6,초등,중등,4,21,2,N
b19f4001ab7b,2020,2011,여,3,초등,초등,3,15,2,N
b1be767c6aed,2020,2009,여,5,초등,초등,3,22,2,N
b20fc1b1e52f,2020,2009,여,5,초등,초등,3,11,2,N
b23adf304bb3,2020,2002,여,12,고등,대학·일반,6,28,2,Y
b23ef5311053,2020,1996,남,18,대학·일반,대학·일반,6,42,2,Y
b35b483035fd,2020,2007,남,7,중등,중등,1,2,2,N
b3d2b1445f0f,2020,2005,남,9,중등,중등,1,2,2,N
b422b5587676,2020,2011,남,3,초등,초등,3,20,2,N
b43ac65fd8f4,2020,2008,남,6,초등,초등,2,4,2,N
b4462f101760,2020,2009,남,5,초등,초등,1,2,2,N
b4b6155ed347,2020,2011,여,3,초등,초등,3,12,2,N
b5919aedfb55,2020,2007,여,7,중등,초등,1,2,2,N
b59b2188aa9c,2020,2004,남,10,고등,고등,3,8,2,N
b6af10605c4a,2020,2010,남,4,초등,초등,4,20,2,N
b6ba08a11135,2020,2009,여,5,초등,초등,4,23,2,N
b6c954a76552,2020,2002,남,12,고등,고등,2,3,2,N
b761821ce5f1,2020,2007,남,7,중등,초등,2,4,2,N
b769baf07269,2020,2007,남,7,중등,중등,2,5,2,N
b847ee6de612,2020,2004,남,10,고등,중등,1,2,2,N
b84a2a8ce26e,2020,2005,남,9,중등,중등,2,7,2,N
b9b4f5eea44b,2020,2004,남,10,고등,고등,5,22,2,Y
b9fb5676d9c0,2020,2005,여,9,중등,고등,5,23,2,Y
ba571c90b7e5,2020,2002,남,12,고등,고등,2,6,2,N
bac68acf29ff,2020,1992,여,22,대학·일반,대학·일반,1,3,2,N
bb09c749b2ed,2020,2007,여,7,중등,중등,3,7,2,N
bb6473fd28f1,2020,2008,남,6,초등,초등,3,7,2,N
bb938f82563f,2020,2002,남,12,고등,고등,1,2,2,N
bb9a0da3e797,2020,2010,남,4,초등,초등,3,9,2,N
bba72da500e1,2020,2010,남,4,초등,초등,3,12,2,N
bc090871124c,2020,2004,여,10,고등,중등,1,2,2,N
bc1f82eb21a3,2020,2007,여,7,중등,중등,4,22,2,N
bcfaf780b48e,2020,1999,여,15,대학·일반,대학·일반,6,32,2,Y
bd5b5baf6deb,2020,2010,여,4,초등,초등,3,10,2,N
be6a657d494e,2020,2003,남,11,고등,고등,2,4,2,N
be839f3a0092,2020,2012,남,2,초등,초등,1,3,2,N
be908d8b267f,2020,1996,여,18,대학·일반,대학·일반,2,4,2,N
bea18b3f73cd,2020,2002,남,12,고등,고등,4,9,2,Y
bedb4b00c460,2020,2009,여,5,초등,초등,1,3,2,N
c0ec766e62d3,2020,2003,남,11,고등,고등,3,8,2,N
c155dbc1f57a,2020,2009,남,5,초등,초등,3,24,2,N
c15b0b6411b1,2020,2000,여,14,대학·일반,대학·일반,5,17,2,Y
c18afd65dc2c,2020,2009,남,5,초등,초등,1,2,2,N
c1e907f0d932,2020,2001,여,13,대학·일반,고등,1,2,2,N
c212501d9167,2020,2006,남,8,중등,중등,1,2,2,N
c21c87f50be3,2020,1999,남,15,대학·일반,대학·일반,5,19,2,Y
c2bfec1d2fc8,2020,2004,여,10,고등,고등,7,24,1,Y
c2c2ac55fd3c,2020,2004,남,10,고등,고등,6,34,2,Y
c2c8b46ac9e8,2020,2009,남,5,초등,초등,3,12,2,N
c2dd4fa0aaf9,2020,2006,여,8,중등,중등,7,56,2,Y
c346076a8c65,2020,2006,여,8,중등,중등,2,7,2,N
c369c8724780,2020,2011,남,3,초등,초등,1,3,2,N
c37b4ddd75b9,2020,2007,여,7,중등,중등,3,13,2,N
c3831d185360,2020,2011,남,3,초등,초등,2,4,2,N
c38d698bcab8,2020,2008,여,6,초등,초등,2,4,2,N
c3d174bd7b0d,2020,1994,여,20,대학·일반,대학·일반,4,17,2,N
c3d39ae7c008,2020,2003,남,11,고등,고등,5,27,2,Y
c584956e3254,2020,1997,남,17,대학·일반,대학·일반,6,38,2,Y
c5cd7dd40d89,2020,2000,남,14,대학·일반,대학·일반,3,7,2,N
c5d29e88f697,2020,1995,남,19,대학·일반,대학·일반,1,1,1,N
c616ae81f421,2020,2010,여,4,초등,초등,3,16,2,N
c6517e79afe0,2020,2006,여,8,중등,중등,6,37,2,Y
c6bdaceaa5c9,2020,2011,여,3,초등,초등,3,13,2,N
c74233fbb62b,2020,2007,남,7,중등,중등,2,4,2,N
c748efda2f20,2020,2006,여,8,중등,중등,3,12,2,N
c7cea8aae72e,2020,2004,여,10,고등,고등,6,28,2,Y
c7e03fe9a727,2020,2008,남,6,초등,초등,3,9,2,N
c81771420ea8,2020,2011,여,3,초등,초등,1,2,2,N
c8d1cdeb3082,2020,2010,남,4,초등,초등,2,6,2,N
c9ce03fb973d,2020,2004,여,10,고등,고등,6,39,2,Y
c9ea200dfdd1,2020,2008,남,6,초등,초등,2,6,2,N
ca74ac736a8c,2020,2006,남,8,중등,중등,6,41,2,Y
ca8235bbaac4,2020,2001,여,13,대학·일반,대학·일반,1,2,2,N
caade68ad452,2020,2001,남,13,대학·일반,대학·일반,5,14,2,Y
cb4e1d6f09d4,2020,2010,여,4,초등,초등,2,6,2,N
cb70c5e09d61,2020,2007,남,7,중등,초등,1,2,2,N
cb820612d8cf,2020,2010,남,4,초등,초등,1,5,2,N
cbbb1a6a0478,2020,2003,남,11,고등,고등,4,15,2,Y
cc4e2bfd2d0a,2020,2001,남,13,대학·일반,대학·일반,6,15,1,Y
ccd4f861f9b0,2020,2000,남,14,대학·일반,대학·일반,5,29,2,Y
cce216458cac,2020,2001,남,13,대학·일반,대학·일반,7,20,1,Y
cd4405cdba61,2020,2002,남,12,고등,대학·일반,5,13,1,Y
cddfbc9a0078,2020,2008,여,6,초등,중등,4,26,2,N
cf7259007af6,2020,2010,남,4,초등,초등,4,16,2,N
d04da41971ae,2020,2007,여,7,중등,중등,3,11,2,N
d2e0a39a299f,2020,1996,남,18,대학·일반,대학·일반,6,24,2,Y
d2ef954fbebc,2020,2008,남,6,초등,중등,1,4,2,N
d3138c670a26,2020,2001,여,13,대학·일반,대학·일반,3,6,2,N
d4509fd514c6,2020,2009,여,5,초등,초등,3,16,2,N
d4c0d967f8ad,2020,2008,여,6,초등,중등,4,14,2,N
d50402223788,2020,2000,남,14,대학·일반,대학·일반,5,16,2,Y
d50f209f4e38,2020,2006,여,8,중등,중등,1,1,2,N
d539912e8112,2020,2005,남,9,중등,중등,2,7,2,N
d56dbbf2fddf,2020,2005,여,9,중등,중등,4,9,1,N
d60013b04bb3,2020,2012,여,2,초등,초등,1,2,2,N
d66fe4ac13ba,2020,1992,남,22,대학·일반,대학·일반,7,16,1|2,Y
d6743c3ad463,2020,2008,여,6,초등,초등,3,7,2,N
d68a10321ab6,2020,2007,남,7,중등,중등,4,18,2,N
d68b66341589,2020,2003,남,11,고등,고등,1,2,2,N
d6be78d1e42a,2020,2004,남,10,고등,고등,3,9,2,N
d7cad95610a1,2020,2007,여,7,중등,중등,1,2,2,N
d7d7c6478ccd,2020,1995,남,19,대학·일반,대학·일반,6,25,2,Y
d7feb4abef2c,2020,1991,남,23,대학·일반,대학·일반,5,9,1,Y
d88e5cc057ad,2020,2007,여,7,중등,중등,1,4,2,N
d8a1efa97274,2020,2008,남,6,초등,초등,2,5,2,N
d8aeb3c5bfd2,2020,2005,여,9,중등,중등,1,2,2,N
d8b4e7c25790,2020,2008,여,6,초등,초등,5,14,1|2,N
d902f5800a69,2020,2007,남,7,중등,중등,4,22,2,N
d9c4091972fe,2020,2008,남,6,초등,초등,2,5,2,N
d9e874308acb,2020,2008,여,6,초등,초등,3,9,2,N
da43cc039eb5,2020,2007,여,7,중등,중등,3,11,2,N
da8559996b5f,2020,2004,남,10,고등,중등,1,2,2,N
daee1077985a,2020,1995,남,19,대학·일반,대학·일반,1,2,2,N
daf079f4f7c6,2020,2013,남,1,초등,초등,2,6,2,N
db1cdee67b02,2020,2004,남,10,고등,고등,3,6,2,N
db3f17b5432d,2020,2005,여,9,중등,중등,1,2,2,N
dc092a8ec0ef,2020,2005,남,9,중등,중등,3,8,2,N
dc8e8984ab33,2020,2008,남,6,초등,중등,2,7,1|2,N
dcca80eccb4f,2020,1971,남,43,대학·일반,대학·일반,1,2,2,N
dd43ece87bb0,2020,2009,남,5,초등,초등,4,17,2,N
de1a37e081c7,2020,1994,남,20,대학·일반,대학·일반,1,2,2,N
de76cdda89f2,2020,2007,남,7,중등,중등,1,2,2,N
de856cd6a5e8,2020,2009,남,5,초등,초등,2,14,2,N
df00fead1dc2,2020,2008,남,6,초등,초등,1,4,2,N
df0e87cc1575,2020,1997,여,17,대학·일반,대학·일반,5,13,2,Y
df2fcef1c0fa,2020,2005,여,9,중등,중등,1,2,2,N
dfe129442cd7,2020,2011,여,3,초등,초등,3,13,2,N
dfff3e1dfb9e,2020,2007,여,7,중등,중등,2,7,2,N
e027f858978e,2020,2007,여,7,중등,중등,2,5,2,N
e03b75c343df,2020,2011,남,3,초등,초등,2,6,2,N
e092597d66c0,2020,2006,여,8,중등,중등,4,13,2,N
e0c8d6d91885,2020,1996,남,18,대학·일반,대학·일반,3,6,2,N
e166910dce4a,2020,2006,여,8,중등,중등,1,2,2,N
e1912baafc95,2020,2009,여,5,초등,초등,5,12,1|2,N
e2049ad004d8,2020,2002,여,12,고등,대학·일반,5,17,2,Y
e3214f6631b8,2020,2011,여,3,초등,초등,2,4,2,N
e37d609ba13f,2020,2003,여,11,고등,고등,2,5,2,N
e3be26585644,2020,2004,남,10,고등,고등,3,9,2,N
e665f9ad1324,2020,2012,남,2,초등,초등,2,4,2,N
e669472069da,2020,2005,남,9,중등,중등,1,2,2,N
e6d5ca2fe35a,2020,2007,여,7,중등,중등,2,4,2,N
e6e4cd92df18,2020,2006,남,8,중등,중등,5,31,2,Y
e85d6f4038c0,2020,2012,여,2,초등,초등,3,10,2,N
e89c982f130a,2020,2006,남,8,중등,중등,3,7,2,N
e8dade32a3dc,2020,2006,여,8,중등,중등,3,8,2,N
e94ab0bb5548,2020,1997,여,17,대학·일반,대학·일반,1,2,2,N
e95757919175,2020,2009,남,5,초등,초등,1,2,2,N
e9f2eb2cdb5e,2020,2002,여,12,고등,대학·일반,6,20,2,Y
ea19b07c0d7f,2020,2005,여,9,중등,중등,4,17,2,Y
eab97c2399f1,2020,2004,여,10,고등,고등,6,26,2,Y
eaeb01f670de,2020,2006,여,8,중등,중등,1,2,2,N
eb31c336f8c9,2020,2004,남,10,고등,고등,1,2,2,N
ec0056a960a8,2020,2009,남,5,초등,초등,2,8,2,N
ec08969c46d4,2020,2003,남,11,고등,고등,3,6,2,N
ec76589289c9,2020,2007,여,7,중등,중등,2,7,2,N
ed73a9876f68,2020,2005,남,9,중등,중등,5,22,2,Y
edb357db45c8,2020,1991,남,23,대학·일반,대학·일반,6,44,2,Y
edb7716ac8af,2020,2005,여,9,중등,중등,3,8,2,N
edff70a0df8f,2020,2008,남,6,초등,초등,3,7,2,N
eea04db8fc3f,2020,2001,여,13,대학·일반,고등,1,2,2,N
eef9149d6be8,2020,2007,남,7,중등,초등,1,2,2,N
ef06a006cd75,2020,2011,여,3,초등,초등,1,2,2,N
ef363251abb0,2020,2001,여,13,대학·일반,대학·일반,3,8,2,N
f0fea5dc711f,2020,1997,남,17,대학·일반,대학·일반,1,2,2,N
f12df0dbe7d0,2020,2005,남,9,중등,고등,6,30,2,Y
f145e63d5ed5,2020,1993,여,21,대학·일반,대학·일반,5,7,1,Y
f149426aa2c5,2020,2010,남,4,초등,초등,2,4,2,N
f17bd9cb7818,2020,1989,남,25,대학·일반,대학·일반,5,27,2,Y
f22d80da94c5,2020,2004,남,10,고등,고등,5,22,2,Y
f31352f02fa1,2020,2008,남,6,초등,중등,3,16,2,N
f319872bbcda,2020,2013,남,1,초등,초등,2,6,2,N
f36602b19d2d,2020,2000,여,14,대학·일반,대학·일반,4,6,1|2,N
f47f31b344a7,2020,1988,남,26,대학·일반,대학·일반,4,11,1,Y
f4d2a5032915,2020,1998,여,16,대학·일반,대학·일반,4,10,2,N
f5387e08492e,2020,1980,남,34,대학·일반,대학·일반,1,2,2,N
f56467b8cd68,2020,2010,남,4,초등,초등,2,4,2,N
f5826bc39d6d,2020,2003,여,11,고등,고등,7,37,2,Y
f6384e0bfbd8,2020,2004,남,10,고등,고등,5,21,2,Y
f6956093bce7,2020,2011,남,3,초등,초등,2,5,2,N
f76bfb2ed250,2020,2010,남,4,초등,초등,1,5,2,N
f7bd20575e7c,2020,2009,여,5,초등,초등,1,3,2,N
f7c7a65e7b29,2020,2006,남,8,중등,중등,1,2,2,N
f7ee4efbc69b,2020,2010,남,4,초등,초등,3,8,2,N
f9485279a90f,2020,1995,여,19,대학·일반,대학·일반,5,19,2,Y
f954406da362,2020,2006,남,8,중등,중등,1,2,2,N
fa1333859694,2020,2008,남,6,초등,초등,2,7,2,N
fa15c2498b0c,2020,2007,남,7,중등,초등,1,2,2,N
fabef5f91cdd,2020,2002,남,12,고등,고등,2,4,1,N
faf222e8aacc,2020,1996,남,18,대학·일반,대학·일반,4,12,2,Y
fb94cb00a5c7,2020,2010,남,4,초등,초등,1,2,2,N
fbdb4c0306ef,2020,2007,남,7,중등,중등,2,7,2,N
fbf3ff5bed8a,2020,2008,남,6,초등,초등,3,10,2,N
fd6ad2e1ace5,2020,1998,남,16,대학·일반,대학·일반,5,16,2,Y
fd8946419227,2020,2011,남,3,초등,초등,1,2,2,N
fe27d7864e4e,2020,2002,남,12,고등,대학·일반,6,27,2,Y
fe3cef2855f3,2020,2005,남,9,중등,중등,1,5,2,N
fe545ef7b40a,2020,2008,여,6,초등,중등,4,25,2,N
fe5eedc6998d,2020,2009,여,5,초등,초등,4,13,2,N
fe68ac402077,2020,2010,남,4,초등,초등,3,11,2,N
fe7b2a8bf2e8,2020,2009,여,5,초등,초등,2,5,2,N
ffaf75e1e3ac,2020,2007,남,7,중등,초등,1,2,2,N
006257fa91c5,2021,2008,남,7,중등,중등,5,16,1|2,Y
00acbd9601d1,2021,2009,여,6,초등,초등,5,23,2,N
00b37e1d60f9,2021,2011,여,4,초등,초등,5,23,2,N
00d15c066e19,2021,2010,남,5,초등,초등,6,11,1|2,Y
01056e001ef7,2021,2010,남,5,초등,초등,6,13,1|2,Y
015806c84cab,2021,2005,남,10,고등,고등,3,6,2,N
01e81df1b330,2021,2005,남,10,고등,고등,5,17,2,Y
0251ca40c1c7,2021,2005,여,10,고등,고등,2,3,2,N
0296a68b22c2,2021,2003,남,12,고등,고등,6,41,2,Y
02b78970de01,2021,2010,남,5,초등,초등,5,28,2,N
030f43d05649,2021,2009,여,6,초등,초등,8,20,1,Y
04386f5a7f38,2021,2008,남,7,중등,중등,4,12,2,N
04ddae787493,2021,2005,남,10,고등,고등,7,47,2,Y
05506c84b5c0,2021,2012,남,3,초등,초등,4,25,2,N
05556f10b7e4,2021,2006,여,9,중등,중등,2,5,2,N
058ea815622d,2021,1999,여,16,대학·일반,대학·일반,8,22,1,Y
0707e8137993,2021,2001,남,14,대학·일반,대학·일반,5,18,2,Y
0716360d5f0f,2021,1995,남,20,대학·일반,대학·일반,5,23,2,Y
07d9b3e2cade,2021,1998,남,17,대학·일반,대학·일반,1,3,2,N
08db8b732de5,2021,2004,남,11,고등,고등,6,28,2,Y
094ad6ade705,2021,2012,남,3,초등,초등,1,1,2,N
0978740c413c,2021,2008,남,7,중등,중등,5,13,1,Y
09c55747f4e2,2021,2008,남,7,중등,중등,3,11,2,N
0a2de10b61d7,2021,2000,여,15,대학·일반,대학·일반,1,3,2,N
0a4bf9101fa7,2021,2008,여,7,중등,중등,4,33,2,N
0ab88cfb98bc,2021,2005,여,10,고등,고등,7,48,2,Y
0af1f8641a01,2021,1993,남,22,대학·일반,대학·일반,3,22,2,Y
0b445b8581e0,2021,2006,여,9,중등,중등,2,7,2,N
0c3c0c1621f4,2021,2010,여,5,초등,초등,4,13,2,N
0cf4462ac657,2021,2008,남,7,중등,중등,3,13,2,N
0d6e76f4a3ff,2021,2004,여,11,고등,고등,3,7,2,N
0d83b926bbdc,2021,2009,여,6,초등,초등,2,5,2,N
0e72372ff945,2021,2007,여,8,중등,중등,1,1,1,N
0f0fd7271c04,2021,2011,남,4,초등,초등,3,8,2,N
0f2481c12b45,2021,2010,여,5,초등,초등,4,26,2,N
0f3c3a1288c4,2021,1997,남,18,대학·일반,대학·일반,6,42,2,Y
0f3daa823e81,2021,2005,남,10,고등,고등,2,6,2,N
0fec83800031,2021,2006,여,9,중등,중등,2,8,2,N
1026f92bcb31,2021,2013,여,2,초등,초등,5,19,2,N
11a836e3d374,2021,2012,남,3,초등,초등,4,20,2,N
11e51593e347,2021,2013,여,2,초등,초등,4,12,2,N
12857deb2953,2021,1998,여,17,대학·일반,대학·일반,6,18,1,Y
1292d69c4caf,2021,2004,남,11,고등,고등,7,19,1,Y
12fc3065e382,2021,2007,남,8,중등,중등,6,18,1,Y
138a16334fb4,2021,2010,남,5,초등,초등,5,21,2,N
1423282e3a6d,2021,2000,남,15,대학·일반,대학·일반,5,12,1,Y
14a17e18da9d,2021,2008,여,7,중등,중등,3,9,2,N
14a21cfa416a,2021,1993,여,22,대학·일반,대학·일반,11,35,1|2,Y
14d4313fd366,2021,2011,여,4,초등,초등,4,21,2,N
1619eedbe301,2021,2008,여,7,중등,중등,3,10,2,N
167c1840e74e,2021,2003,여,12,고등,고등,4,14,2,Y
169491b323b3,2021,2007,여,8,중등,중등,3,9,2,N
16cd2e8e210c,2021,2004,남,11,고등,고등,6,32,2,Y
16d89eed9e82,2021,2001,여,14,대학·일반,,2,21,2,Y
1766851ca86f,2021,2004,여,11,고등,고등,5,16,2,Y
1839febe78e2,2021,2008,남,7,중등,중등,2,4,2,N
1904fad76ae4,2021,2002,남,13,대학·일반,대학·일반,7,42,2,Y
1a03f5049518,2021,2011,남,4,초등,초등,5,31,2,N
1b75ad970c08,2021,1997,남,18,대학·일반,대학·일반,6,30,2,Y
1c5e68f84cf3,2021,1998,남,17,대학·일반,대학·일반,6,33,2,Y
1ccf5cb96e86,2021,2008,남,7,중등,중등,3,7,2,N
1d832ec4e806,2021,1998,여,17,대학·일반,,1,7,2,Y
1d86f734093f,2021,2008,남,7,중등,중등,2,5,2,N
1f0954e96210,2021,1989,남,26,대학·일반,,1,3,2,Y
1f0f26f535e5,2021,1991,여,24,대학·일반,대학·일반,4,9,2,N
1f7edacccc17,2021,1997,여,18,대학·일반,,2,24,2,Y
208e52da1f63,2021,2009,남,6,초등,초등,5,25,2,N
213dd96bc532,2021,1994,남,21,대학·일반,대학·일반,9,24,1,Y
224195206fd6,2021,2010,남,5,초등,초등,2,4,2,N
233804408bef,2021,2009,여,6,초등,초등,5,36,2,N
2396bd738793,2021,1998,남,17,대학·일반,대학·일반,6,21,2,Y
23a5df22cfb8,2021,1997,남,18,대학·일반,대학·일반,7,31,2,Y
23c12e9b7060,2021,2006,여,9,중등,중등,3,12,2,N
2447ce15f2ca,2021,2007,여,8,중등,중등,3,7,2,N
2454cfd13999,2021,2002,남,13,대학·일반,대학·일반,3,7,2,N
258b22e343ae,2021,2007,남,8,중등,중등,4,22,2,N
262c76c8c94d,2021,2011,남,4,초등,초등,3,11,2,N
26d5bb612f35,2021,1993,남,22,대학·일반,대학·일반,1,6,2,N
26e910d3b288,2021,2008,여,7,중등,중등,4,28,2,N
27439efce170,2021,2014,남,1,초등,초등,1,4,2,N
2796274b6b7c,2021,1989,남,26,대학·일반,대학·일반,4,11,1|2,Y
28133b25877f,2021,2007,여,8,중등,중등,1,2,1,N
28d888308d6a,2021,2007,여,8,중등,중등,3,7,2,N
290a779c2d74,2021,2010,여,5,초등,초등,3,9,2,N
29442819f934,2021,2009,남,6,초등,초등,5,27,2,N
2948c412f69c,2021,2011,남,4,초등,초등,5,24,2,N
2c46cf1d257c,2021,2006,남,9,중등,중등,3,10,2,N
2c6563c5e63c,2021,2011,남,4,초등,초등,2,4,2,N
2d3e94a43fab,2021,2013,여,2,초등,초등,4,17,2,N
2e3ecd473e83,2021,2007,남,8,중등,중등,6,37,2,Y
2e7a0aab7956,2021,2007,여,8,중등,중등,5,26,2,Y
2f428e11b789,2021,1996,남,19,대학·일반,대학·일반,4,15,2,Y
2fb9c2bbf582,2021,2004,여,11,고등,고등,7,37,2,Y
30525392671e,2021,2004,남,11,고등,고등,6,32,2,Y
30c5cc12e5e5,2021,2007,남,8,중등,중등,3,9,2,N
31bc88c0dfa7,2021,2013,남,2,초등,초등,4,16,2,N
320c4c1a0032,2021,2008,남,7,중등,중등,2,6,2,N
3216e9afccbe,2021,2012,여,3,초등,초등,1,1,2,N
322d4e835fea,2021,1999,남,16,대학·일반,대학·일반,4,24,2,Y
347355986bec,2021,2008,남,7,중등,중등,2,6,2,N
34b879e373ee,2021,2010,여,5,초등,초등,1,2,2,N
351640d9764b,2021,2007,남,8,중등,중등,5,24,2,Y
364aa9a98d93,2021,2008,여,7,중등,중등,2,6,2,N
37653ea034d3,2021,2006,남,9,중등,중등,6,31,2,Y
3771801f4022,2021,2010,여,5,초등,초등,2,4,2,N
3777e13862ff,2021,2009,여,6,초등,초등,2,5,2,N
37e213997ab5,2021,2002,여,13,대학·일반,대학·일반,7,18,1,Y
380e564d823c,2021,2007,남,8,중등,중등,1,3,2,N
389deced1b8c,2021,2011,여,4,초등,초등,5,16,2,N
38b0125c6b0d,2021,2002,남,13,대학·일반,대학·일반,3,7,2,Y
38c58d240e01,2021,2004,여,11,고등,고등,6,25,2,Y
39c9affa23f9,2021,2008,여,7,중등,중등,4,25,2,N
39ec2aeda4cc,2021,2003,여,12,고등,대학·일반,9,21,1,Y
39f6621d7e2b,2021,1995,여,20,대학·일반,대학·일반,6,30,2,Y
3a0f8e787acb,2021,2000,여,15,대학·일반,대학·일반,6,25,2,Y
3a645b26fe85,2021,2008,여,7,중등,중등,4,17,2,N
3a6a5a64b930,2021,2005,남,10,고등,고등,4,18,2,N
3b8c3f7937a3,2021,1991,여,24,대학·일반,대학·일반,5,16,2,Y
3bd94fbc5a76,2021,2009,여,6,초등,초등,2,7,2,N
3c7005fc99e1,2021,2009,남,6,초등,초등,7,20,1|2,Y
3d50fc7659e6,2021,2002,남,13,대학·일반,대학·일반,7,17,1,Y
3da4d8cbc4a1,2021,2008,남,7,중등,중등,1,2,2,N
3eebf85cd6ca,2021,2010,여,5,초등,초등,4,15,2,N
40793898b08e,2021,1997,남,18,대학·일반,대학·일반,6,37,2,Y
408a8e6caa8b,2021,2005,여,10,고등,고등,8,21,1,Y
418c30a6926b,2021,2010,여,5,초등,초등,2,6,2,N
418cb84da970,2021,2013,남,2,초등,초등,1,2,2,N
42a7b66e8afe,2021,2007,남,8,중등,중등,4,28,2,N
4413d0e24fe3,2021,2002,남,13,대학·일반,대학·일반,6,34,2,Y
44b321671632,2021,2007,남,8,중등,중등,3,8,2,N
4529e6f7aedd,2021,2004,여,11,고등,고등,7,36,2,Y
460e91d9808f,2021,2006,여,9,중등,중등,3,8,2,N
46c211450ef5,2021,2005,남,10,고등,고등,3,5,1,N
4773cab8f530,2021,1994,남,21,대학·일반,대학·일반,3,20,2,Y
47f9701de090,2021,2004,남,11,고등,고등,3,10,2,N
48ccf52edfd4,2021,2005,여,10,고등,고등,6,36,2,Y
49229ae50147,2021,2007,여,8,중등,중등,4,29,2,N
493abb9bc998,2021,2011,남,4,초등,초등,1,2,2,N
4abde24943d8,2021,2003,남,12,고등,고등,5,28,2,Y
4b5373f11c97,2021,2007,여,8,중등,중등,3,10,2,N
4c27f57219f5,2021,2006,남,9,중등,중등,3,15,2,N
4c727e166aac,2021,2003,남,12,고등,고등,6,45,2,Y
4d480e3191c4,2021,2010,남,5,초등,초등,3,8,2,N
4d54d9021641,2021,1998,남,17,대학·일반,대학·일반,5,15,2,Y
4dbff7907bec,2021,1968,여,47,대학·일반,대학·일반,1,3,1,N
4de909d9bd68,2021,2008,여,7,중등,중등,4,21,2,N
4eb96e5d2708,2021,2009,남,6,초등,초등,4,24,2,N
4ed3d1e6f22a,2021,2009,여,6,초등,초등,5,36,2,N
4f0587b605c0,2021,1999,남,16,대학·일반,대학·일반,7,54,2,Y
4f895cce3378,2021,2008,남,7,중등,중등,3,8,2,N
4f8aa9e33e5b,2021,2004,여,11,고등,고등,6,33,2,Y
5054028f8e78,2021,2008,여,7,중등,중등,2,5,2,N
50901ef2fea3,2021,2002,남,13,대학·일반,대학·일반,3,7,2,N
5140194a098d,2021,1993,남,22,대학·일반,대학·일반,5,18,2,Y
516aadc16dd9,2021,2007,여,8,중등,중등,4,14,2,N
51c74e362d0b,2021,2013,남,2,초등,초등,5,20,2,N
523d6cf9c251,2021,2002,남,13,대학·일반,대학·일반,7,13,1,Y
52dd877d418e,2021,2006,남,9,중등,중등,5,21,2,Y
53d0fd32bf26,2021,2001,남,14,대학·일반,대학·일반,1,1,1,N
53e87fe20484,2021,2003,남,12,고등,고등,6,39,2,Y
544e7c62c2a9,2021,2007,여,8,중등,중등,4,28,2,N
549b3ef90844,2021,2006,남,9,중등,중등,5,20,2,Y
552f6f49278f,2021,2009,여,6,초등,초등,5,22,2,N
5569426f0783,2021,2001,여,14,대학·일반,대학·일반,7,42,2,Y
5596ace9559b,2021,2011,남,4,초등,초등,1,3,2,N
55dffcf02d1a,2021,2011,남,4,초등,초등,6,33,1|2,N
562ecc66a7be,2021,2003,남,12,고등,대학·일반,7,25,2,Y
57d7855cead2,2021,2010,남,5,초등,초등,3,6,2,N
58076c846493,2021,2011,남,4,초등,초등,2,9,2,N
58418ba38085,2021,2004,남,11,고등,고등,3,6,2,N
59dc5628721a,2021,2007,여,8,중등,중등,4,18,2,N
59eff099283c,2021,2010,남,5,초등,초등,3,8,2,N
5c95bcfe8ca4,2021,2010,여,5,초등,초등,5,24,2,N
5cc1ca644994,2021,2014,여,1,초등,초등,5,16,2,N
5cf18822da66,2021,2006,남,9,중등,중등,7,17,1,Y
5d6cf45bcecb,2021,2006,남,9,중등,중등,5,26,2,Y
60f93167710c,2021,2005,여,10,고등,고등,4,10,2,N
6145e7152ddf,2021,2012,여,3,초등,초등,1,1,2,N
61cadab7573c,2021,2001,남,14,대학·일반,대학·일반,5,25,2,Y
624bac6b6dd0,2021,2007,남,8,중등,중등,3,6,2,N
6352595f975c,2021,1992,남,23,대학·일반,대학·일반,6,13,1,Y
63db10152c9e,2021,2010,여,5,초등,초등,5,19,2,N
64762911db97,2021,1993,남,22,대학·일반,대학·일반,6,11,1,Y
649418d5da42,2021,2009,여,6,초등,초등,5,16,2,N
65c97bda99d0,2021,2002,남,13,대학·일반,대학·일반,7,56,2,Y
65d806e2eb77,2021,2005,남,10,고등,고등,5,13,2,Y
66383d8daaac,2021,2006,남,9,중등,중등,5,23,2,Y
67dc6ccd9ffa,2021,2004,남,11,고등,고등,7,60,2,Y
689862795a46,2021,2010,남,5,초등,초등,3,7,2,N
699d71f9893a,2021,2008,여,7,중등,중등,4,13,2,N
6a1ee142573a,2021,2009,남,6,초등,초등,2,7,2,N
6a6ca62dea84,2021,2010,여,5,초등,초등,4,16,2,N
6b1db24cd950,2021,1999,남,16,대학·일반,대학·일반,9,21,1,Y
6b49ccefbf06,2021,2010,여,5,초등,초등,5,35,2,N
6bf5d106417f,2021,2003,여,12,고등,고등,1,1,1,N
6c00c5ca3cc8,2021,2004,여,11,고등,고등,6,13,1|2,Y
6e8f6d9dbc27,2021,2006,남,9,중등,중등,2,6,2,N
6ed72b8bf745,2021,2010,여,5,초등,초등,4,25,2,N
6f6e2706dbe3,2021,2002,여,13,대학·일반,대학·일반,4,34,2,Y
6fc419889959,2021,2003,남,12,고등,고등,1,1,1,N
715cec6a3d40,2021,1998,남,17,대학·일반,대학·일반,3,24,2,Y
72a90767c572,2021,2011,남,4,초등,초등,5,25,2,N
72f4a8d79bd7,2021,2012,남,3,초등,초등,1,3,2,N
7331b02e6521,2021,2003,남,12,고등,고등,3,6,2,N
735d8cc447ac,2021,2012,여,3,초등,초등,3,10,2,N
740db73bc336,2021,2008,여,7,중등,중등,3,7,2,N
745718330858,2021,2007,남,8,중등,중등,4,19,2,N
753bb60c91d8,2021,2005,남,10,고등,고등,8,20,1,Y
75404397362c,2021,2001,남,14,대학·일반,대학·일반,6,50,2,Y
757a161b37a7,2021,2004,여,11,고등,고등,5,16,2,Y
75b2d4d412d3,2021,1984,남,31,대학·일반,대학·일반,1,2,2,N
75c457dd2269,2021,2006,남,9,중등,중등,6,18,1,Y
75f5d02152b2,2021,2011,남,4,초등,초등,5,38,2,N
7682a4ba1353,2021,2007,남,8,중등,중등,3,3,2,N
76bc3daea3bf,2021,2003,남,12,고등,고등,4,11,2,Y
774892825a63,2021,2008,남,7,중등,중등,2,4,2,N
77aea32d94e2,2021,1995,여,20,대학·일반,대학·일반,5,26,2,Y
781895b5dc37,2021,2011,남,4,초등,초등,4,18,2,N
783498b63937,2021,2010,남,5,초등,초등,1,2,2,N
7886c0578460,2021,2006,남,9,중등,중등,5,19,2,Y
7a129f79642d,2021,2011,남,4,초등,초등,2,16,2,N
7aa207dab581,2021,2010,여,5,초등,초등,3,15,2,N
7b1e95e175d5,2021,2003,남,12,고등,고등,4,22,2,Y
7bb4d1ca9a4f,2021,2013,남,2,초등,초등,3,10,2,N
7bcef41c7919,2021,2008,남,7,중등,중등,4,24,2,N
7c8198137902,2021,2007,남,8,중등,중등,1,1,2,N
7d57891e0e52,2021,2001,남,14,대학·일반,대학·일반,6,31,2,Y
7efea96608b4,2021,2007,남,8,중등,중등,3,17,2,N
7fad02e54fdc,2021,1996,남,19,대학·일반,대학·일반,4,13,2,Y
80b041eca001,2021,2000,남,15,대학·일반,대학·일반,4,18,2,Y
818918888c8b,2021,2004,남,11,고등,고등,4,16,2,N
81a07ce06484,2021,2003,남,12,고등,고등,6,20,2,Y
81ecef03ce53,2021,1999,남,16,대학·일반,대학·일반,8,18,1,Y
83858edebf68,2021,2011,남,4,초등,초등,3,13,2,N
84587278c6a2,2021,2002,남,13,대학·일반,대학·일반,7,30,2,Y
8464b1f47861,2021,2002,여,13,대학·일반,대학·일반,10,20,1,Y
857f6e20752f,2021,2005,남,10,고등,고등,1,2,2,N
85abaa27a28c,2021,2003,여,12,고등,고등,4,10,2,Y
86f64b8b7c43,2021,2013,남,2,초등,초등,5,17,2,N
86fa534b67ee,2021,2012,남,3,초등,초등,4,15,2,N
8815347c524d,2021,2010,남,5,초등,초등,5,27,2,N
8920b85c7a8e,2021,2003,남,12,고등,고등,1,2,2,N
8970c464b9f4,2021,1993,남,22,대학·일반,대학·일반,9,20,1,Y
89c19685d3a5,2021,2009,남,6,초등,초등,3,8,2,N
8afdacb7e027,2021,2000,남,15,대학·일반,대학·일반,7,43,2,Y
8b0ca8a04c7a,2021,2010,여,5,초등,초등,4,17,2,N
8b3c37edc028,2021,2011,여,4,초등,초등,2,4,2,N
8c36a537cd20,2021,2009,남,6,초등,초등,3,6,2,N
8cb0d2b57d5d,2021,2013,남,2,초등,초등,4,12,2,N
8cc3153ca83e,2021,2010,남,5,초등,초등,5,27,2,N
8d411f62e728,2021,2012,남,3,초등,초등,5,11,1,N
8d741f47a76f,2021,2002,남,13,대학·일반,대학·일반,7,29,2,Y
8e4fe3b85160,2021,2002,남,13,대학·일반,대학·일반,8,21,1,Y
8ec8582847e8,2021,2010,여,5,초등,초등,5,22,2,N
908dae81514b,2021,2012,남,3,초등,초등,5,33,2,N
90e065ac5bdb,2021,1980,남,35,대학·일반,대학·일반,1,3,2,N
90e188e096c2,2021,2010,남,5,초등,초등,6,18,1|2,N
91091850dad2,2021,2001,남,14,대학·일반,대학·일반,5,14,2,Y
9140e2ad0fc1,2021,2000,남,15,대학·일반,대학·일반,9,24,1|2,Y
91708e2353e4,2021,2008,남,7,중등,중등,1,1,2,N
91caa93ee855,2021,2006,여,9,중등,중등,5,32,2,Y
9222fdaf4c9d,2021,1997,여,18,대학·일반,대학·일반,2,4,2,N
92a31ec3a07f,2021,2007,남,8,중등,중등,3,5,2,N
93066727a19c,2021,2006,남,9,중등,중등,5,29,2,Y
935835189e37,2021,2003,여,12,고등,고등,7,17,1,Y
9366e3efd384,2021,2007,남,8,중등,중등,2,4,2,N
94e735494a95,2021,2005,여,10,고등,고등,6,40,2,Y
94f9fae60885,2021,2005,남,10,고등,고등,6,26,2,Y
95726957d4e1,2021,2002,남,13,대학·일반,대학·일반,2,7,2,Y
974d7c28a0f7,2021,2008,여,7,중등,중등,5,17,1|2,Y
97b4816d62d6,2021,2001,남,14,대학·일반,대학·일반,7,51,2,Y
986ad5951944,2021,2006,남,9,중등,중등,3,9,2,N
98a24c345bc4,2021,2008,여,7,중등,중등,3,7,2,N
98cf8639bf81,2021,2001,여,14,대학·일반,대학·일반,7,35,2,Y
99a88579c002,2021,2011,여,4,초등,초등,7,18,1,N
9a1324e83814,2021,2008,여,7,중등,중등,3,7,2,N
9a136898aa22,2021,2008,남,7,중등,중등,4,17,2,N
9a8425552d6a,2021,2012,남,3,초등,초등,3,7,2,N
9b1407065833,2021,2000,남,15,대학·일반,대학·일반,1,2,2,N
9e9691f963b5,2021,2012,여,3,초등,초등,4,12,2,N
9eb74bd65f6d,2021,2008,남,7,중등,중등,4,21,2,N
9eb7d8edc89f,2021,2007,남,8,중등,중등,3,10,1|2,N
9ed8f69a980c,2021,2012,남,3,초등,초등,4,24,2,N
9f20a85ae2a5,2021,2002,여,13,대학·일반,대학·일반,6,22,2,Y
9f21cfa5870e,2021,2001,여,14,대학·일반,대학·일반,6,28,2,Y
a00edd319d89,2021,1999,남,16,대학·일반,대학·일반,2,10,2,Y
a040ef3107a1,2021,2008,남,7,중등,중등,3,7,2,N
a0b51cc17751,2021,2006,여,9,중등,중등,4,22,2,N
a111bf8fa2a3,2021,2003,여,12,고등,대학·일반,5,23,2,Y
a201e5927d46,2021,2011,남,4,초등,초등,1,2,2,N
a2187bf732eb,2021,2007,남,8,중등,중등,3,21,2,N
a28462783741,2021,2005,여,10,고등,고등,3,6,1|2,N
a305c2ca5547,2021,1997,남,18,대학·일반,대학·일반,5,14,2,Y
a32ea3346685,2021,2008,여,7,중등,중등,4,11,2,N
a32f03f3a702,2021,2002,남,13,대학·일반,대학·일반,6,23,2,Y
a38f3e36f334,2021,2008,여,7,중등,중등,4,22,2,N
a3e6ceef0e4f,2021,2012,여,3,초등,초등,3,10,2,N
a47337dcdbe5,2021,2007,여,8,중등,중등,3,7,2,N
a54eedebac80,2021,2009,남,6,초등,초등,2,6,2,N
a5c5c29df24a,2021,2011,여,4,초등,초등,4,22,2,N
a74d1464d69d,2021,2012,남,3,초등,초등,5,22,2,N
a7b2462b99b7,2021,2003,남,12,고등,고등,6,28,2,Y
a7b993214f8d,2021,2000,여,15,대학·일반,대학·일반,7,51,2,Y
a8db8c51ebd6,2021,2009,여,6,초등,초등,5,37,2,N
aa72b62902a5,2021,2009,남,6,초등,초등,3,14,2,N
ab46aac2506d,2021,2004,여,11,고등,고등,6,36,2,Y
ab84c20e2d56,2021,2009,여,6,초등,초등,7,14,1,Y
ab8fdf4add44,2021,2009,남,6,초등,초등,5,18,2,N
abfbd31287f9,2021,2001,남,14,대학·일반,대학·일반,7,57,2,Y
ac52eaedefcd,2021,2007,여,8,중등,중등,4,23,2,N
ac9051c6491f,2021,1999,여,16,대학·일반,대학·일반,4,11,2,Y
ae079ebbad25,2021,2004,남,11,고등,고등,3,6,2,N
ae60d7c64fb4,2021,2006,남,9,중등,중등,6,36,2,Y
aeb8813a42d9,2021,2000,남,15,대학·일반,대학·일반,5,24,2,Y
af613fde6bf6,2021,1993,여,22,대학·일반,대학·일반,6,42,2,Y
afb9b9a19d71,2021,2009,여,6,초등,초등,5,16,1|2,N
b02a98c2d51e,2021,2008,여,7,중등,중등,3,10,2,N
b094d49dcf61,2021,2000,여,15,대학·일반,대학·일반,7,16,1,Y
b19f4001ab7b,2021,2011,여,4,초등,초등,6,23,1|2,Y
b1be767c6aed,2021,2009,여,6,초등,초등,3,14,2,N
b20fc1b1e52f,2021,2009,여,6,초등,초등,4,16,2,N
b23adf304bb3,2021,2002,여,13,대학·일반,대학·일반,8,45,2,Y
b23ef5311053,2021,1996,남,19,대학·일반,대학·일반,6,51,2,Y
b356cda0a1d4,2021,2012,남,3,초등,초등,1,1,2,N
b35b483035fd,2021,2007,남,8,중등,중등,3,8,2,N
b3bdb09ee34b,2021,2010,남,5,초등,초등,5,32,2,N
b3d2b1445f0f,2021,2005,남,10,고등,고등,1,1,2,N
b422b5587676,2021,2011,남,4,초등,초등,5,38,2,N
b4462f101760,2021,2009,남,6,초등,초등,1,2,2,N
b4b6155ed347,2021,2011,여,4,초등,초등,4,15,2,N
b59b2188aa9c,2021,2004,남,11,고등,고등,3,11,2,N
b6af10605c4a,2021,2010,남,5,초등,초등,5,30,2,N
b6ba08a11135,2021,2009,여,6,초등,초등,5,31,2,N
b6c954a76552,2021,2002,남,13,대학·일반,대학·일반,6,25,2,Y
b6ec95557f63,2021,2012,남,3,초등,초등,3,11,2,N
b761821ce5f1,2021,2007,남,8,중등,중등,3,7,2,N
b9b4f5eea44b,2021,2004,남,11,고등,대학·일반,6,25,2,Y
b9fb5676d9c0,2021,2005,여,10,고등,고등,7,38,2,Y
bac68acf29ff,2021,1992,여,23,대학·일반,대학·일반,4,14,2,Y
bb09c749b2ed,2021,2007,여,8,중등,중등,3,10,2,N
bb6473fd28f1,2021,2008,남,7,중등,중등,1,2,2,N
bba72da500e1,2021,2010,남,5,초등,초등,4,19,2,N
bc1f82eb21a3,2021,2007,여,8,중등,중등,6,18,1,Y
bcfaf780b48e,2021,1999,여,16,대학·일반,대학·일반,4,33,2,Y
bd5b5baf6deb,2021,2010,여,5,초등,초등,2,4,2,N
be081b048efe,2021,2013,남,2,초등,초등,4,16,2,N
be6a657d494e,2021,2003,남,12,고등,고등,2,4,2,N
be839f3a0092,2021,2012,남,3,초등,초등,3,15,2,N
bea18b3f73cd,2021,2002,남,13,대학·일반,대학·일반,5,14,2,Y
bedb4b00c460,2021,2009,여,6,초등,초등,3,20,2,N
bf8e7e903373,2021,2006,남,9,중등,중등,1,3,2,N
c155dbc1f57a,2021,2009,남,6,초등,초등,4,22,2,N
c15b0b6411b1,2021,2000,여,15,대학·일반,,1,3,2,Y
c21c87f50be3,2021,1999,남,16,대학·일반,대학·일반,7,37,2,Y
c2bfec1d2fc8,2021,2004,여,11,고등,고등,11,30,1,Y
c2c2ac55fd3c,2021,2004,남,11,고등,고등,6,38,2,Y
c2c8b46ac9e8,2021,2009,남,6,초등,초등,4,26,2,N
c2dd4fa0aaf9,2021,2006,여,9,중등,중등,7,47,2,Y
c369c8724780,2021,2011,남,4,초등,초등,3,6,2,N
c37b4ddd75b9,2021,2007,여,8,중등,중등,1,4,2,N
c3831d185360,2021,2011,남,4,초등,초등,5,19,2,N
c38d698bcab8,2021,2008,여,7,중등,중등,2,4,2,N
c3d174bd7b0d,2021,1994,여,21,대학·일반,대학·일반,6,32,2,Y
c3d39ae7c008,2021,2003,남,12,고등,고등,4,25,2,Y
c584956e3254,2021,1997,남,18,대학·일반,대학·일반,6,46,2,Y
c616ae81f421,2021,2010,여,5,초등,초등,5,22,2,N
c6517e79afe0,2021,2006,여,9,중등,중등,4,19,2,Y
c6bdaceaa5c9,2021,2011,여,4,초등,초등,4,21,2,N
c748efda2f20,2021,2006,여,9,중등,중등,5,26,2,Y
c7cea8aae72e,2021,2004,여,11,고등,고등,6,33,2,Y
c7e03fe9a727,2021,2008,남,7,중등,중등,3,16,2,N
c81771420ea8,2021,2011,여,4,초등,초등,4,10,2,N
c8d1cdeb3082,2021,2010,남,5,초등,초등,3,15,2,N
c9ce03fb973d,2021,2004,여,11,고등,고등,7,61,2,Y
c9ea200dfdd1,2021,2008,남,7,중등,중등,2,4,2,N
ca74ac736a8c,2021,2006,남,9,중등,중등,5,32,2,Y
ca8235bbaac4,2021,2001,여,14,대학·일반,대학·일반,4,12,2,Y
ca82db7b607b,2021,2013,여,2,초등,초등,5,19,2,N
caade68ad452,2021,2001,남,14,대학·일반,대학·일반,7,32,2,Y
cc4e2bfd2d0a,2021,2001,남,14,대학·일반,대학·일반,6,18,1,Y
ccd4f861f9b0,2021,2000,남,15,대학·일반,대학·일반,7,39,2,Y
cce216458cac,2021,2001,남,14,대학·일반,대학·일반,8,19,1,Y
cd4405cdba61,2021,2002,남,13,대학·일반,대학·일반,8,22,1,Y
cddfbc9a0078,2021,2008,여,7,중등,중등,4,27,2,N
cf7259007af6,2021,2010,남,5,초등,초등,5,27,2,N
d04da41971ae,2021,2007,여,8,중등,중등,2,14,2,N
d15c239efda3,2021,2014,여,1,초등,초등,5,15,2,N
d161edfa2637,2021,2009,남,6,초등,초등,2,5,2,N
d238fd9bf9ed,2021,2013,여,2,초등,초등,4,14,2,N
d2e0a39a299f,2021,1996,남,19,대학·일반,대학·일반,5,19,2,Y
d2ef954fbebc,2021,2008,남,7,중등,중등,5,16,1|2,Y
d3138c670a26,2021,2001,여,14,대학·일반,대학·일반,4,9,2,Y
d4509fd514c6,2021,2009,여,6,초등,초등,4,16,2,N
d4c0d967f8ad,2021,2008,여,7,중등,중등,4,16,2,N
d50402223788,2021,2000,남,15,대학·일반,대학·일반,6,17,2,Y
d539912e8112,2021,2005,남,10,고등,고등,2,4,1,N
d56dbbf2fddf,2021,2005,여,10,고등,고등,7,16,1,Y
d60013b04bb3,2021,2012,여,3,초등,초등,5,19,2,N
d66fe4ac13ba,2021,1992,남,23,대학·일반,대학·일반,8,17,1,Y
d6743c3ad463,2021,2008,여,7,중등,중등,3,6,2,N
d68a10321ab6,2021,2007,남,8,중등,중등,3,20,2,N
d6be78d1e42a,2021,2004,남,11,고등,고등,4,13,2,N
d7cad95610a1,2021,2007,여,8,중등,중등,3,6,2,N
d7d7c6478ccd,2021,1995,남,20,대학·일반,대학·일반,2,4,2,N
d7feb4abef2c,2021,1991,남,24,대학·일반,대학·일반,8,18,1,Y
d8a1efa97274,2021,2008,남,7,중등,중등,7,20,1|2,Y
d8b4e7c25790,2021,2008,여,7,중등,초등,2,2,1,N
d902f5800a69,2021,2007,남,8,중등,중등,4,14,1|2,N
d9c4091972fe,2021,2008,남,7,중등,중등,2,4,2,N
d9e874308acb,2021,2008,여,7,중등,중등,4,14,2,N
da43cc039eb5,2021,2007,여,8,중등,중등,1,5,2,N
daee1077985a,2021,1995,남,20,대학·일반,대학·일반,2,3,2,N
daf079f4f7c6,2021,2013,남,2,초등,초등,6,13,1,N
db3f17b5432d,2021,2005,여,10,고등,고등,3,15,2,N
dc092a8ec0ef,2021,2005,남,10,고등,고등,3,7,2,N
dc8e8984ab33,2021,2008,남,7,중등,중등,3,9,1|2,N
dcca80eccb4f,2021,1971,남,44,대학·일반,대학·일반,1,2,2,N
dd43ece87bb0,2021,2009,남,6,초등,초등,4,16,2,N
de76cdda89f2,2021,2007,남,8,중등,중등,3,7,2,N
de856cd6a5e8,2021,2009,남,6,초등,초등,5,32,2,N
deb4ac10aeb9,2021,2013,남,2,초등,초등,4,11,2,N
df0e87cc1575,2021,1997,여,18,대학·일반,대학·일반,6,22,2,Y
dfe129442cd7,2021,2011,여,4,초등,초등,5,24,2,N
dfe31cc2f869,2021,2014,여,1,초등,초등,5,18,2,N
dfff3e1dfb9e,2021,2007,여,8,중등,중등,4,8,1|2,N
e027f858978e,2021,2007,여,8,중등,중등,1,2,2,N
e03b75c343df,2021,2011,남,4,초등,초등,5,20,2,N
e092597d66c0,2021,2006,여,9,중등,중등,3,10,2,N
e0c8d6d91885,2021,1996,남,19,대학·일반,대학·일반,3,7,2,N
e1912baafc95,2021,2009,여,6,초등,초등,9,21,1,Y
e2049ad004d8,2021,2002,여,13,대학·일반,대학·일반,4,13,2,Y
e23c8f9be364,2021,2009,여,6,초등,초등,3,8,2,N
e3214f6631b8,2021,2011,여,4,초등,초등,4,10,1|2,N
e3be26585644,2021,2004,남,11,고등,고등,6,33,2,Y
e665f9ad1324,2021,2012,남,3,초등,초등,1,4,2,N
e6d5ca2fe35a,2021,2007,여,8,중등,중등,3,10,2,N
e6e4cd92df18,2021,2006,남,9,중등,중등,6,37,2,Y
e85d6f4038c0,2021,2012,여,3,초등,초등,5,23,2,N
e89c982f130a,2021,2006,남,9,중등,중등,3,5,2,N
e8dade32a3dc,2021,2006,여,9,중등,중등,3,13,2,N
e9f2eb2cdb5e,2021,2002,여,13,대학·일반,대학·일반,7,22,2,Y
ea19b07c0d7f,2021,2005,여,10,고등,고등,6,33,2,Y
eab97c2399f1,2021,2004,여,11,고등,고등,6,26,2,Y
eaf5f9ec7a00,2021,2012,남,3,초등,초등,1,2,2,N
ed73a9876f68,2021,2005,남,10,고등,고등,3,19,2,Y
edb357db45c8,2021,1991,남,24,대학·일반,대학·일반,4,25,2,Y
edb7716ac8af,2021,2005,여,10,고등,고등,5,21,2,Y
edff70a0df8f,2021,2008,남,7,중등,중등,3,6,2,N
ef06a006cd75,2021,2011,여,4,초등,초등,1,1,2,N
f07d0104c4dd,2021,2010,여,5,초등,초등,1,4,2,N
f11d47ded0ae,2021,2014,남,1,초등,초등,5,9,1,Y
f12df0dbe7d0,2021,2005,남,10,고등,고등,4,21,2,N
f145e63d5ed5,2021,1993,여,22,대학·일반,대학·일반,4,6,1,Y
f149426aa2c5,2021,2010,남,5,초등,초등,4,10,2,N
f17bd9cb7818,2021,1989,남,26,대학·일반,대학·일반,6,32,1|2,Y
f22d80da94c5,2021,2004,남,11,고등,고등,6,25,2,Y
f31352f02fa1,2021,2008,남,7,중등,중등,4,19,2,N
f319872bbcda,2021,2013,남,2,초등,초등,5,21,2,N
f36602b19d2d,2021,2000,여,15,대학·일반,대학·일반,6,28,2,Y
f4152fa55c4d,2021,2011,남,4,초등,초등,4,20,2,N
f47f31b344a7,2021,1988,남,27,대학·일반,대학·일반,4,10,1,Y
f4d2a5032915,2021,1998,여,17,대학·일반,대학·일반,7,40,2,Y
f5441ee3475e,2021,2010,여,5,초등,초등,1,3,2,N
f5826bc39d6d,2021,2003,여,12,고등,고등,7,48,2,Y
f6384e0bfbd8,2021,2004,남,11,고등,고등,5,23,2,Y
f6956093bce7,2021,2011,남,4,초등,초등,2,8,2,N
f7bd20575e7c,2021,2009,여,6,초등,초등,4,15,2,N
f7ee4efbc69b,2021,2010,남,5,초등,초등,5,24,2,N
f9485279a90f,2021,1995,여,20,대학·일반,대학·일반,5,11,2,Y
fa1333859694,2021,2008,남,7,중등,중등,2,4,2,N
fa163df460a1,2021,2013,여,2,초등,초등,5,19,2,N
fabef5f91cdd,2021,2002,남,13,대학·일반,고등,1,1,1,N
faf222e8aacc,2021,1996,남,19,대학·일반,대학·일반,5,20,2,Y
fbdb4c0306ef,2021,2007,남,8,중등,중등,4,16,2,Y
fbf3ff5bed8a,2021,2008,남,7,중등,중등,4,16,2,N
fd6ad2e1ace5,2021,1998,남,17,대학·일반,대학·일반,6,39,2,Y
fd8946419227,2021,2011,남,4,초등,초등,5,25,2,N
fe27d7864e4e,2021,2002,남,13,대학·일반,대학·일반,6,27,2,Y
fe3cef2855f3,2021,2005,남,10,고등,고등,5,15,2,Y
fe545ef7b40a,2021,2008,여,7,중등,중등,4,33,2,N
fe5eedc6998d,2021,2009,여,6,초등,초등,5,31,2,N
fe68ac402077,2021,2010,남,5,초등,초등,2,6,2,N
fe7b2a8bf2e8,2021,2009,여,6,초등,초등,5,27,2,N
ffaf75e1e3ac,2021,2007,남,8,중등,중등,4,25,2,N
001deb32ccba,2022,1999,여,17,대학·일반,대학·일반,1,3,1,N
006257fa91c5,2022,2008,남,8,중등,중등,9,38,1|2,Y
00acbd9601d1,2022,2009,여,7,중등,중등,5,19,2,N
00b37e1d60f9,2022,2011,여,5,초등,초등,6,22,2,N
00d15c066e19,2022,2010,남,6,초등,초등,8,20,1|2,Y
01056e001ef7,2022,2010,남,6,초등,초등,5,12,1,Y
015806c84cab,2022,2005,남,11,고등,고등,3,6,2,N
01e81df1b330,2022,2005,남,11,고등,고등,8,50,2,Y
0251ca40c1c7,2022,2005,여,11,고등,고등,1,1,2,N
0296a68b22c2,2022,2003,남,13,대학·일반,대학·일반,7,38,2,Y
02b78970de01,2022,2010,남,6,초등,초등,6,28,2,N
030f43d05649,2022,2009,여,7,중등,중등,6,14,1,Y
04386f5a7f38,2022,2008,남,8,중등,중등,3,6,2,N
04ddae787493,2022,2005,남,11,고등,고등,6,37,2,Y
05556f10b7e4,2022,2006,여,10,고등,고등,3,7,2,N
0707e8137993,2022,2001,남,15,대학·일반,대학·일반,6,20,2,Y
0716360d5f0f,2022,1995,남,21,대학·일반,대학·일반,6,23,2,Y
085f93e08073,2022,2006,남,10,고등,고등,1,2,2,N
08aabf0db656,2022,2013,여,3,초등,초등,5,20,2,N
08db8b732de5,2022,2004,남,12,고등,고등,7,33,2,Y
094ad6ade705,2022,2012,남,4,초등,초등,2,4,2,N
0978740c413c,2022,2008,남,8,중등,중등,6,18,1,Y
09c55747f4e2,2022,2008,남,8,중등,중등,4,20,2,N
0a4bf9101fa7,2022,2008,여,8,중등,중등,5,31,2,N
0ab88cfb98bc,2022,2005,여,11,고등,고등,7,32,2,Y
0af1f8641a01,2022,1993,남,23,대학·일반,대학·일반,6,21,2,Y
0b445b8581e0,2022,2006,여,10,고등,고등,6,20,2,Y
0c3c0c1621f4,2022,2010,여,6,초등,초등,4,15,2,N
0cf4462ac657,2022,2008,남,8,중등,중등,4,22,2,N
0d6e76f4a3ff,2022,2004,여,12,고등,고등,1,2,2,N
0d83b926bbdc,2022,2009,여,7,중등,중등,2,4,2,N
0db5810a67de,2022,1992,남,24,대학·일반,대학·일반,6,45,2,Y
0e4e717982a4,2022,2013,여,3,초등,초등,2,4,2,N
0f0fd7271c04,2022,2011,남,5,초등,초등,3,9,2,N
0f2481c12b45,2022,2010,여,6,초등,초등,5,33,2,N
0f3c3a1288c4,2022,1997,남,19,대학·일반,대학·일반,6,33,2,Y
0f3daa823e81,2022,2005,남,11,고등,고등,3,7,2,N
1026f92bcb31,2022,2013,여,3,초등,초등,7,21,2,N
118e90000d73,2022,2000,남,16,대학·일반,대학·일반,4,31,2,Y
11a836e3d374,2022,2012,남,4,초등,초등,5,31,2,N
11e51593e347,2022,2013,여,3,초등,초등,4,12,2,N
12857deb2953,2022,1998,여,18,대학·일반,대학·일반,7,16,1,Y
1292d69c4caf,2022,2004,남,12,고등,고등,7,17,1,Y
12fc3065e382,2022,2007,남,9,중등,중등,6,15,1,Y
138a16334fb4,2022,2010,남,6,초등,초등,5,22,2,N
14a17e18da9d,2022,2008,여,8,중등,중등,1,2,2,N
14a21cfa416a,2022,1993,여,23,대학·일반,대학·일반,4,8,1|2,Y
14d4313fd366,2022,2011,여,5,초등,초등,5,26,2,N
1619eedbe301,2022,2008,여,8,중등,중등,3,9,2,N
167c1840e74e,2022,2003,여,13,대학·일반,고등,1,2,2,N
169491b323b3,2022,2007,여,9,중등,중등,4,10,2,N
16cd2e8e210c,2022,2004,남,12,고등,고등,7,30,2,Y
16d89eed9e82,2022,2001,여,15,대학·일반,대학·일반,4,19,2,Y
1766851ca86f,2022,2004,여,12,고등,고등,1,2,2,N
17f23658fc15,2022,2010,남,6,초등,초등,4,11,2,N
1839febe78e2,2022,2008,남,8,중등,중등,3,7,2,N
1904fad76ae4,2022,2002,남,14,대학·일반,대학·일반,8,49,2,Y
1a03f5049518,2022,2011,남,5,초등,초등,6,36,2,N
1b75ad970c08,2022,1997,남,19,대학·일반,대학·일반,5,17,2,Y
1ba208a9d24d,2022,2010,남,6,초등,초등,3,8,2,N
1c5e68f84cf3,2022,1998,남,18,대학·일반,대학·일반,8,52,2,Y
1ccf5cb96e86,2022,2008,남,8,중등,중등,5,19,2,N
1d832ec4e806,2022,1998,여,18,대학·일반,,1,5,2,Y
1d86f734093f,2022,2008,남,8,중등,중등,1,2,2,N
1f0954e96210,2022,1989,남,27,대학·일반,대학·일반,6,40,2,Y
1f0f26f535e5,2022,1991,여,25,대학·일반,대학·일반,7,29,2,Y
1f7edacccc17,2022,1997,여,19,대학·일반,대학·일반,4,30,2,Y
208e52da1f63,2022,2009,남,7,중등,중등,5,20,2,N
213dd96bc532,2022,1994,남,22,대학·일반,대학·일반,6,14,1,Y
224195206fd6,2022,2010,남,6,초등,초등,3,9,2,N
233804408bef,2022,2009,여,7,중등,중등,5,24,2,N
2396bd738793,2022,1998,남,18,대학·일반,대학·일반,1,2,2,N
23a5df22cfb8,2022,1997,남,19,대학·일반,대학·일반,7,30,2,Y
23c12e9b7060,2022,2006,여,10,고등,고등,6,28,2,Y
2447ce15f2ca,2022,2007,여,9,중등,중등,2,4,2,N
2454cfd13999,2022,2002,남,14,대학·일반,대학·일반,2,4,2,N
258b22e343ae,2022,2007,남,9,중등,중등,4,15,2,N
262c76c8c94d,2022,2011,남,5,초등,초등,3,7,2,N
26e910d3b288,2022,2008,여,8,중등,중등,1,2,2,N
27439efce170,2022,2014,남,2,초등,초등,4,16,2,N
2796274b6b7c,2022,1989,남,27,대학·일반,대학·일반,5,13,1,Y
28133b25877f,2022,2007,여,9,중등,중등,1,2,1,N
28d888308d6a,2022,2007,여,9,중등,중등,4,10,2,N
290a779c2d74,2022,2010,여,6,초등,초등,5,23,2,N
29442819f934,2022,2009,남,7,중등,중등,4,12,2,N
2948c412f69c,2022,2011,남,5,초등,초등,5,16,2,N
2c46cf1d257c,2022,2006,남,10,고등,고등,4,8,2,N
2d3e94a43fab,2022,2013,여,3,초등,초등,5,18,2,N
2d4e5da5a632,2022,2014,남,2,초등,초등,1,2,2,N
2e3ecd473e83,2022,2007,남,9,중등,중등,7,40,2,Y
2e7a0aab7956,2022,2007,여,9,중등,중등,8,50,2,Y
2f428e11b789,2022,1996,남,20,대학·일반,대학·일반,5,14,2,Y
2fb9c2bbf582,2022,2004,여,12,고등,고등,7,35,2,Y
30525392671e,2022,2004,남,12,고등,고등,8,50,2,Y
30c5cc12e5e5,2022,2007,남,9,중등,중등,4,11,2,N
31bc88c0dfa7,2022,2013,남,3,초등,초등,6,21,2,N
320c4c1a0032,2022,2008,남,8,중등,중등,3,7,2,N
322d4e835fea,2022,1999,남,17,대학·일반,대학·일반,5,18,2,Y
32c8f1560d3a,2022,1999,여,17,대학·일반,대학·일반,4,6,1,Y
347355986bec,2022,2008,남,8,중등,중등,4,28,2,N
34b879e373ee,2022,2010,여,6,초등,초등,1,2,2,N
351640d9764b,2022,2007,남,9,중등,중등,4,18,2,N
37653ea034d3,2022,2006,남,10,고등,고등,7,31,2,Y
3771801f4022,2022,2010,여,6,초등,초등,2,5,2,N
3777e13862ff,2022,2009,여,7,중등,중등,3,8,2,N
377b9bf118e4,2022,2014,여,2,초등,초등,2,4,2,N
37e213997ab5,2022,2002,여,14,대학·일반,대학·일반,11,27,1|2,Y
380e564d823c,2022,2007,남,9,중등,,1,2,1,Y
389deced1b8c,2022,2011,여,5,초등,초등,5,12,2,N
38af20d518a4,2022,2007,여,9,중등,중등,2,4,2,N
38b0125c6b0d,2022,2002,남,14,대학·일반,대학·일반,6,21,2,Y
38c58d240e01,2022,2004,여,12,고등,고등,6,28,2,Y
39c9affa23f9,2022,2008,여,8,중등,중등,5,23,2,N
39ec2aeda4cc,2022,2003,여,13,대학·일반,대학·일반,10,25,1,Y
39f6621d7e2b,2022,1995,여,21,대학·일반,대학·일반,7,35,2,Y
39f95a246be3,2022,2014,남,2,초등,초등,3,10,2,N
3a0f8e787acb,2022,2000,여,16,대학·일반,대학·일반,1,2,2,N
3a645b26fe85,2022,2008,여,8,중등,중등,5,21,2,N
3a6a5a64b930,2022,2005,남,11,고등,고등,7,37,2,Y
3b8c3f7937a3,2022,1991,여,25,대학·일반,대학·일반,7,24,2,Y
3bd94fbc5a76,2022,2009,여,7,중등,초등,1,2,2,N
3c7005fc99e1,2022,2009,남,7,중등,중등,7,20,1|2,Y
3d75ea897e6a,2022,2011,남,5,초등,초등,3,8,2,N
3da4d8cbc4a1,2022,2008,남,8,중등,중등,1,2,2,N
3eebf85cd6ca,2022,2010,여,6,초등,초등,5,21,2,N
40793898b08e,2022,1997,남,19,대학·일반,대학·일반,5,15,2,N
408a8e6caa8b,2022,2005,여,11,고등,고등,10,29,1,Y
418c30a6926b,2022,2010,여,6,초등,초등,4,16,2,N
418cb84da970,2022,2013,남,3,초등,초등,2,4,2,N
42a7b66e8afe,2022,2007,남,9,중등,중등,5,29,2,N
4413d0e24fe3,2022,2002,남,14,대학·일반,대학·일반,8,48,2,Y
44b321671632,2022,2007,남,9,중등,중등,4,9,2,N
4529e6f7aedd,2022,2004,여,12,고등,고등,5,12,2,Y
460e91d9808f,2022,2006,여,10,고등,고등,6,17,2,Y
46c211450ef5,2022,2005,남,11,고등,고등,1,3,1,N
4773cab8f530,2022,1994,남,22,대학·일반,대학·일반,1,2,2,N
47f9701de090,2022,2004,남,12,고등,고등,1,2,2,N
480fe7675598,2022,2012,남,4,초등,초등,2,4,2,N
48c0037b849a,2022,1995,여,21,대학·일반,대학·일반,6,30,2,Y
48ccf52edfd4,2022,2005,여,11,고등,고등,5,19,2,N
49229ae50147,2022,2007,여,9,중등,중등,5,32,2,N
493abb9bc998,2022,2011,남,5,초등,초등,2,3,2,N
4a73cd6acc9c,2022,2013,남,3,초등,초등,4,14,2,N
4abde24943d8,2022,2003,남,13,대학·일반,대학·일반,5,13,2,Y
4b5373f11c97,2022,2007,여,9,중등,중등,1,2,2,N
4c27f57219f5,2022,2006,남,10,고등,고등,6,17,2,Y
4c727e166aac,2022,2003,남,13,대학·일반,대학·일반,8,49,2,Y
4c79dd1c9e78,2022,2010,남,6,초등,초등,4,12,2,N
4d480e3191c4,2022,2010,남,6,초등,초등,5,18,2,N
4d54d9021641,2022,1998,남,18,대학·일반,대학·일반,4,9,2,N
4dbff7907bec,2022,1968,여,48,대학·일반,대학·일반,1,3,1,N
4dd7d705fd6c,2022,2010,남,6,초등,초등,3,9,2,N
4de909d9bd68,2022,2008,여,8,중등,중등,5,24,2,N
4eb96e5d2708,2022,2009,남,7,중등,중등,5,25,2,N
4ed3d1e6f22a,2022,2009,여,7,중등,중등,5,24,2,N
4f0587b605c0,2022,1999,남,17,대학·일반,대학·일반,4,23,2,Y
4f0b40aa3052,2022,2014,남,2,초등,초등,3,9,2,N
4f895cce3378,2022,2008,남,8,중등,중등,4,11,2,N
4f8aa9e33e5b,2022,2004,여,12,고등,고등,7,26,2,Y
5054028f8e78,2022,2008,여,8,중등,중등,3,12,2,N
50901ef2fea3,2022,2002,남,14,대학·일반,대학·일반,5,12,2,Y
51251be98cc4,2022,2007,여,9,중등,중등,1,3,2,N
5140194a098d,2022,1993,남,23,대학·일반,대학·일반,6,18,2,Y
516aadc16dd9,2022,2007,여,9,중등,중등,1,2,2,N
51c74e362d0b,2022,2013,남,3,초등,초등,6,26,2,N
523d6cf9c251,2022,2002,남,14,대학·일반,대학·일반,7,13,1,Y
52dd877d418e,2022,2006,남,10,고등,중등,1,2,2,N
5358121e28c0,2022,2014,여,2,초등,초등,3,10,2,N
53e87fe20484,2022,2003,남,13,대학·일반,대학·일반,7,32,2,Y
544e7c62c2a9,2022,2007,여,9,중등,중등,8,47,2,Y
549b3ef90844,2022,2006,남,10,고등,고등,6,23,2,Y
552f6f49278f,2022,2009,여,7,중등,중등,4,10,2,N
55303d1b64d9,2022,2014,남,2,초등,초등,2,8,2,N
5569426f0783,2022,2001,여,15,대학·일반,대학·일반,1,2,2,N
55dffcf02d1a,2022,2011,남,5,초등,초등,5,17,2,N
562ecc66a7be,2022,2003,남,13,대학·일반,대학·일반,8,18,1|2,Y
57d7855cead2,2022,2010,남,6,초등,초등,3,7,2,N
58418ba38085,2022,2004,남,12,고등,고등,2,4,2,N
59dc5628721a,2022,2007,여,9,중등,중등,1,2,2,N
59eff099283c,2022,2010,남,6,초등,초등,5,14,2,N
5a31807933f2,2022,2013,남,3,초등,초등,2,6,2,N
5c6fd82c9489,2022,2014,여,2,초등,초등,3,7,2,N
5c95bcfe8ca4,2022,2010,여,6,초등,초등,5,24,2,N
5cc1ca644994,2022,2014,여,2,초등,초등,6,16,2,N
5cf18822da66,2022,2006,남,10,고등,고등,7,15,1,Y
5d6cf45bcecb,2022,2006,남,10,고등,고등,7,26,2,Y
5da3822739fe,2022,2013,남,3,초등,초등,2,3,2,N
60f93167710c,2022,2005,여,11,고등,고등,6,17,2,Y
6145e7152ddf,2022,2012,여,4,초등,초등,2,4,2,N
61cadab7573c,2022,2001,남,15,대학·일반,대학·일반,3,10,2,Y
624bac6b6dd0,2022,2007,남,9,중등,중등,4,13,2,N
6352595f975c,2022,1992,남,24,대학·일반,대학·일반,7,13,1,Y
63caafae5f6e,2022,2010,남,6,초등,초등,5,21,2,N
63db10152c9e,2022,2010,여,6,초등,초등,5,15,2,N
64762911db97,2022,1993,남,23,대학·일반,대학·일반,4,9,1,Y
649418d5da42,2022,2009,여,7,중등,중등,5,12,2,N
65c97bda99d0,2022,2002,남,14,대학·일반,대학·일반,7,48,2,Y
65d806e2eb77,2022,2005,남,11,고등,고등,6,19,2,Y
66383d8daaac,2022,2006,남,10,고등,고등,6,20,2,Y
6785746c6c80,2022,2010,여,6,초등,초등,2,6,2,N
67dc6ccd9ffa,2022,2004,남,12,고등,대학·일반,5,33,2,Y
689862795a46,2022,2010,남,6,초등,초등,4,14,2,N
699d71f9893a,2022,2008,여,8,중등,중등,2,5,2,N
69ee22c9f4c8,2022,2014,남,2,초등,초등,3,10,2,N
6a1ee142573a,2022,2009,남,7,중등,중등,4,6,2,N
6a6ca62dea84,2022,2010,여,6,초등,초등,6,32,2,N
6b1db24cd950,2022,1999,남,17,대학·일반,대학·일반,9,21,1,Y
6b49ccefbf06,2022,2010,여,6,초등,초등,6,36,2,N
6bf5d106417f,2022,2003,여,13,대학·일반,대학·일반,8,16,1,Y
6e8f6d9dbc27,2022,2006,남,10,고등,고등,4,12,2,N
6ed72b8bf745,2022,2010,여,6,초등,초등,10,48,1|2,Y
6f6e2706dbe3,2022,2002,여,14,대학·일반,대학·일반,6,30,2,Y
701172186227,2022,2014,남,2,초등,초등,4,15,2,N
715cec6a3d40,2022,1998,남,18,대학·일반,대학·일반,6,27,2,Y
72a90767c572,2022,2011,남,5,초등,초등,6,15,1|2,N
7331b02e6521,2022,2003,남,13,대학·일반,고등,1,2,2,N
735d8cc447ac,2022,2012,여,4,초등,초등,6,22,2,N
740db73bc336,2022,2008,여,8,중등,중등,4,9,2,N
745718330858,2022,2007,남,9,중등,중등,2,8,2,N
7513985c2bc2,2022,2014,남,2,초등,초등,4,11,2,N
753bb60c91d8,2022,2005,남,11,고등,고등,8,24,1,Y
75404397362c,2022,2001,남,15,대학·일반,대학·일반,8,43,2,Y
757a161b37a7,2022,2004,여,12,고등,고등,4,9,2,N
75b2d4d412d3,2022,1984,남,32,대학·일반,대학·일반,3,5,2,N
75c457dd2269,2022,2006,남,10,고등,고등,7,18,1,Y
75f5d02152b2,2022,2011,남,5,초등,초등,6,37,2,N
7682a4ba1353,2022,2007,남,9,중등,중등,3,5,2,N
76bc3daea3bf,2022,2003,남,13,대학·일반,대학·일반,4,9,2,N
774892825a63,2022,2008,남,8,중등,중등,4,20,2,N
77aea32d94e2,2022,1995,여,21,대학·일반,대학·일반,4,8,2,N
781895b5dc37,2022,2011,남,5,초등,초등,3,8,2,N
783498b63937,2022,2010,남,6,초등,초등,1,4,2,N
7886c0578460,2022,2006,남,10,고등,고등,4,12,2,Y
79a606666509,2022,2010,남,6,초등,초등,1,2,2,N
7a129f79642d,2022,2011,남,5,초등,초등,5,24,2,N
7aa207dab581,2022,2010,여,6,초등,초등,4,17,2,N
7b1e95e175d5,2022,2003,남,13,대학·일반,고등,1,2,2,N
7bcef41c7919,2022,2008,남,8,중등,중등,5,31,2,N
7c8198137902,2022,2007,남,9,중등,중등,1,1,2,N
7d3f436c0c4c,2022,2012,남,4,초등,초등,4,13,2,N
7d57891e0e52,2022,2001,남,15,대학·일반,대학·일반,5,14,2,Y
7d6f38807c1b,2022,2007,남,9,중등,중등,2,7,2,N
7efea96608b4,2022,2007,남,9,중등,중등,5,23,2,N
7fad02e54fdc,2022,1996,남,20,대학·일반,대학·일반,4,11,2,N
8059af4bf19c,2022,2013,남,3,초등,초등,3,8,2,N
80b041eca001,2022,2000,남,16,대학·일반,대학·일반,7,24,2,Y
818918888c8b,2022,2004,남,12,고등,고등,4,10,2,N
81a07ce06484,2022,2003,남,13,대학·일반,대학·일반,5,15,2,Y
81e66f34f2fc,2022,2012,남,4,초등,초등,2,5,2,N
81ecef03ce53,2022,1999,남,17,대학·일반,대학·일반,9,22,1,Y
824430541cd2,2022,2013,남,3,초등,초등,1,2,2,N
83665a944539,2022,2009,남,7,중등,중등,1,2,2,N
83858edebf68,2022,2011,남,5,초등,초등,5,11,1|2,N
84587278c6a2,2022,2002,남,14,대학·일반,대학·일반,7,35,2,Y
8464b1f47861,2022,2002,여,14,대학·일반,대학·일반,4,7,1,Y
85abaa27a28c,2022,2003,여,13,대학·일반,고등,1,2,2,N
86f64b8b7c43,2022,2013,남,3,초등,초등,5,17,2,N
86fa534b67ee,2022,2012,남,4,초등,초등,4,17,2,N
88030c2a0901,2022,2010,여,6,초등,초등,1,2,2,N
8815347c524d,2022,2010,남,6,초등,초등,5,26,2,N
8970c464b9f4,2022,1993,남,23,대학·일반,대학·일반,8,23,1,Y
89c19685d3a5,2022,2009,남,7,중등,초등,2,4,2,N
8a38091df0fb,2022,2012,남,4,초등,초등,5,28,2,N
8afdacb7e027,2022,2000,남,16,대학·일반,대학·일반,8,46,2,Y
8b0ca8a04c7a,2022,2010,여,6,초등,중등,4,14,2,N
8b3c37edc028,2022,2011,여,5,초등,초등,6,16,2,N
8c36a537cd20,2022,2009,남,7,중등,중등,4,7,2,N
8cb0d2b57d5d,2022,2013,남,3,초등,초등,1,2,2,N
8cc3153ca83e,2022,2010,남,6,초등,초등,6,32,2,N
8d741f47a76f,2022,2002,남,14,대학·일반,대학·일반,6,23,2,Y
8e4fe3b85160,2022,2002,남,14,대학·일반,대학·일반,5,11,1,Y
8ec8582847e8,2022,2010,여,6,초등,초등,1,2,2,N
900df6910556,2022,1999,여,17,대학·일반,대학·일반,6,28,2,Y
908dae81514b,2022,2012,남,4,초등,초등,6,27,2,N
90e065ac5bdb,2022,1980,남,36,대학·일반,대학·일반,2,4,2,N
90e188e096c2,2022,2010,남,6,초등,초등,4,15,2,N
91091850dad2,2022,2001,남,15,대학·일반,대학·일반,7,19,2,Y
9140e2ad0fc1,2022,2000,남,16,대학·일반,대학·일반,9,24,1,Y
91caa93ee855,2022,2006,여,10,고등,고등,8,42,2,Y
9222fdaf4c9d,2022,1997,여,19,대학·일반,대학·일반,2,4,2,N
92a31ec3a07f,2022,2007,남,9,중등,중등,4,10,2,N
93066727a19c,2022,2006,남,10,고등,고등,6,31,2,Y
935835189e37,2022,2003,여,13,대학·일반,대학·일반,11,27,1,Y
9366e3efd384,2022,2007,남,9,중등,중등,4,18,2,N
94e735494a95,2022,2005,여,11,고등,고등,1,6,2,N
94f9fae60885,2022,2005,남,11,고등,고등,7,30,2,Y
95726957d4e1,2022,2002,남,14,대학·일반,대학·일반,2,8,2,Y
974d7c28a0f7,2022,2008,여,8,중등,중등,8,21,1|2,Y
97b4816d62d6,2022,2001,남,15,대학·일반,대학·일반,7,29,2,Y
986ad5951944,2022,2006,남,10,고등,고등,6,15,1|2,N
98a24c345bc4,2022,2008,여,8,중등,중등,3,8,2,N
98cf8639bf81,2022,2001,여,15,대학·일반,대학·일반,1,2,2,N
99a88579c002,2022,2011,여,5,초등,초등,5,23,2,N
9a1324e83814,2022,2008,여,8,중등,중등,3,7,2,N
9a136898aa22,2022,2008,남,8,중등,중등,4,13,2,N
9b1407065833,2022,2000,남,16,대학·일반,대학·일반,4,10,2,N
9c50e980cbfc,2022,2005,남,11,고등,고등,1,2,2,N
9ca5377279a8,2022,2006,여,10,고등,중등,3,6,2,N
9d4b7a90e20b,2022,2006,여,10,고등,고등,5,12,2,Y
9d5e85aa6913,2022,2012,남,4,초등,초등,5,20,2,N
9e9691f963b5,2022,2012,여,4,초등,초등,7,26,2,N
9eb74bd65f6d,2022,2008,남,8,중등,중등,5,26,2,N
9eb7d8edc89f,2022,2007,남,9,중등,중등,8,25,1|2,Y
9ed8f69a980c,2022,2012,남,4,초등,초등,5,24,2,N
9f20a85ae2a5,2022,2002,여,14,대학·일반,대학·일반,6,19,2,Y
9f21cfa5870e,2022,2001,여,15,대학·일반,대학·일반,10,26,1|2,Y
a00edd319d89,2022,1999,남,17,대학·일반,대학·일반,8,59,2,Y
a040ef3107a1,2022,2008,남,8,중등,중등,1,2,2,N
a0b51cc17751,2022,2006,여,10,고등,고등,4,10,2,N
a111bf8fa2a3,2022,2003,여,13,대학·일반,대학·일반,8,28,2,Y
a201e5927d46,2022,2011,남,5,초등,초등,1,2,2,N
a2187bf732eb,2022,2007,남,9,중등,중등,5,22,2,N
a305c2ca5547,2022,1997,남,19,대학·일반,대학·일반,2,4,2,N
a32ea3346685,2022,2008,여,8,중등,중등,5,15,2,N
a32f03f3a702,2022,2002,남,14,대학·일반,대학·일반,6,19,2,Y
a363e66c13c0,2022,2011,남,5,초등,초등,3,9,2,N
a38f3e36f334,2022,2008,여,8,중등,중등,5,23,2,N
a3b48d5ade76,2022,2006,여,10,고등,고등,3,15,2,N
a3e6ceef0e4f,2022,2012,여,4,초등,초등,6,20,2,N
a47337dcdbe5,2022,2007,여,9,중등,중등,1,2,2,N
a54eedebac80,2022,2009,남,7,중등,중등,3,5,2,N
a5c5c29df24a,2022,2011,여,5,초등,초등,4,19,2,N
a7161f4a8bbc,2022,2014,남,2,초등,초등,1,2,2,N
a74d1464d69d,2022,2012,남,4,초등,초등,7,16,1|2,N
a7b2462b99b7,2022,2003,남,13,대학·일반,대학·일반,7,23,2,Y
a7b993214f8d,2022,2000,여,16,대학·일반,대학·일반,5,26,2,Y
a8db8c51ebd6,2022,2009,여,7,중등,중등,6,19,1|2,N
aa72b62902a5,2022,2009,남,7,중등,중등,4,8,2,N
ab46aac2506d,2022,2004,여,12,고등,고등,7,32,2,Y
ab84c20e2d56,2022,2009,여,7,중등,중등,3,7,1,Y
ab8fdf4add44,2022,2009,남,7,중등,중등,4,7,2,N
abfbd31287f9,2022,2001,남,15,대학·일반,대학·일반,6,44,2,Y
ac52eaedefcd,2022,2007,여,9,중등,중등,4,24,2,N
ac9051c6491f,2022,1999,여,17,대학·일반,대학·일반,1,2,2,N
ae079ebbad25,2022,2004,남,12,고등,고등,1,2,2,N
ae60d7c64fb4,2022,2006,남,10,고등,고등,7,33,2,Y
aeb8813a42d9,2022,2000,남,16,대학·일반,대학·일반,5,14,2,Y
af613fde6bf6,2022,1993,여,23,대학·일반,대학·일반,6,35,2,Y
afb9b9a19d71,2022,2009,여,7,중등,중등,7,17,1|2,Y
b02a98c2d51e,2022,2008,여,8,중등,중등,5,28,2,N
b094d49dcf61,2022,2000,여,16,대학·일반,대학·일반,4,7,1|2,Y
b0c29c398dad,2022,2012,여,4,초등,초등,4,16,2,N
b19f4001ab7b,2022,2011,여,5,초등,초등,5,12,1|2,N
b1be767c6aed,2022,2009,여,7,중등,중등,2,5,2,N
b20fc1b1e52f,2022,2009,여,7,중등,초등,1,2,2,N
b23adf304bb3,2022,2002,여,14,대학·일반,대학·일반,6,21,2,Y
b23ef5311053,2022,1996,남,20,대학·일반,대학·일반,1,2,2,N
b356cda0a1d4,2022,2012,남,4,초등,초등,2,3,2,N
b35b483035fd,2022,2007,남,9,중등,중등,4,15,2,N
b3bdb09ee34b,2022,2010,남,6,초등,초등,5,29,2,N
b3d2b1445f0f,2022,2005,남,11,고등,고등,1,1,2,N
b422b5587676,2022,2011,남,5,초등,초등,6,32,2,N
b4462f101760,2022,2009,남,7,중등,초등,1,2,2,N
b4b6155ed347,2022,2011,여,5,초등,초등,4,18,2,N
b59b2188aa9c,2022,2004,남,12,고등,고등,1,2,2,N
b6af10605c4a,2022,2010,남,6,초등,초등,2,8,2,N
b6ba08a11135,2022,2009,여,7,중등,중등,5,24,2,N
b6c954a76552,2022,2002,남,14,대학·일반,대학·일반,6,18,2,Y
b6ec95557f63,2022,2012,남,4,초등,초등,3,13,2,N
b761821ce5f1,2022,2007,남,9,중등,중등,4,8,2,N
b8d64470b1f3,2022,2011,여,5,초등,초등,2,3,2,N
b9b4f5eea44b,2022,2004,남,12,고등,대학·일반,7,28,2,Y
b9fb5676d9c0,2022,2005,여,11,고등,고등,7,27,2,Y
bac68acf29ff,2022,1992,여,24,대학·일반,대학·일반,1,2,2,N
bb09c749b2ed,2022,2007,여,9,중등,중등,4,13,2,N
bb169fafbaa8,2022,2009,여,7,중등,중등,3,6,2,N
bba72da500e1,2022,2010,남,6,초등,초등,5,19,2,N
bc1f82eb21a3,2022,2007,여,9,중등,중등,2,6,2,N
bcfaf780b48e,2022,1999,여,17,대학·일반,대학·일반,7,41,2,Y
bd5b5baf6deb,2022,2010,여,6,초등,초등,3,9,2,N
be011fa57aa3,2022,2009,남,7,중등,중등,1,2,2,N
be081b048efe,2022,2013,남,3,초등,초등,3,15,2,N
be6a657d494e,2022,2003,남,13,대학·일반,대학·일반,3,7,2,N
be839f3a0092,2022,2012,남,4,초등,초등,5,31,2,N
bea18b3f73cd,2022,2002,남,14,대학·일반,대학·일반,5,12,2,Y
bedb4b00c460,2022,2009,여,7,중등,중등,8,26,1|2,Y
bf8e7e903373,2022,2006,남,10,고등,중등,1,2,2,N
c155dbc1f57a,2022,2009,남,7,중등,중등,5,29,2,N
c21c87f50be3,2022,1999,남,17,대학·일반,대학·일반,8,52,2,Y
c2bfec1d2fc8,2022,2004,여,12,고등,고등,10,23,1,Y
c2c2ac55fd3c,2022,2004,남,12,고등,고등,7,30,2,Y
c2c8b46ac9e8,2022,2009,남,7,중등,중등,4,11,2,N
c2dd4fa0aaf9,2022,2006,여,10,고등,고등,8,53,2,Y
c346076a8c65,2022,2006,여,10,고등,고등,2,4,1,N
c369c8724780,2022,2011,남,5,초등,초등,2,4,2,N
c3831d185360,2022,2011,남,5,초등,초등,5,15,2,N
c38d698bcab8,2022,2008,여,8,중등,중등,3,10,2,N
c3d174bd7b0d,2022,1994,여,22,대학·일반,대학·일반,7,34,2,Y
c3d39ae7c008,2022,2003,남,13,대학·일반,고등,1,2,2,N
c3ec8b8ec548,2022,2011,여,5,초등,초등,3,6,2,N
c584956e3254,2022,1997,남,19,대학·일반,대학·일반,5,31,2,Y
c616ae81f421,2022,2010,여,6,초등,초등,6,24,2,N
c6517e79afe0,2022,2006,여,10,고등,고등,7,31,2,Y
c6786b5c50a2,2022,2009,여,7,중등,중등,3,6,2,N
c6bdaceaa5c9,2022,2011,여,5,초등,초등,4,22,2,N
c748efda2f20,2022,2006,여,10,고등,고등,6,21,2,Y
c7cea8aae72e,2022,2004,여,12,고등,고등,7,37,2,Y
c7e03fe9a727,2022,2008,남,8,중등,중등,4,25,2,N
c81771420ea8,2022,2011,여,5,초등,초등,2,5,2,N
c8d1cdeb3082,2022,2010,남,6,초등,초등,5,25,2,N
c8d23fa8f6fe,2022,2000,남,16,대학·일반,대학·일반,2,3,2,N
c8e6ab3ccf9c,2022,2008,남,8,중등,중등,3,7,2,N
c9ce03fb973d,2022,2004,여,12,고등,고등,5,38,2,Y
c9ea200dfdd1,2022,2008,남,8,중등,중등,4,8,2,N
ca74ac736a8c,2022,2006,남,10,고등,고등,7,46,2,Y
ca8235bbaac4,2022,2001,여,15,대학·일반,대학·일반,6,18,2,Y
ca82db7b607b,2022,2013,여,3,초등,초등,7,26,2,N
caade68ad452,2022,2001,남,15,대학·일반,대학·일반,8,45,2,Y
cc4e2bfd2d0a,2022,2001,남,15,대학·일반,대학·일반,5,14,1,Y
ccd4f861f9b0,2022,2000,남,16,대학·일반,대학·일반,8,53,2,Y
cce216458cac,2022,2001,남,15,대학·일반,대학·일반,8,17,1,Y
cd4405cdba61,2022,2002,남,14,대학·일반,대학·일반,9,23,1,Y
cddfbc9a0078,2022,2008,여,8,중등,중등,5,30,2,N
cf7259007af6,2022,2010,남,6,초등,초등,6,31,2,N
d04da41971ae,2022,2007,여,9,중등,중등,5,26,2,N
d15c239efda3,2022,2014,여,2,초등,초등,5,14,2,N
d161edfa2637,2022,2009,남,7,중등,중등,3,7,2,N
d238fd9bf9ed,2022,2013,여,3,초등,초등,1,2,2,N
d2e0a39a299f,2022,1996,남,20,대학·일반,대학·일반,6,25,2,Y
d2ef954fbebc,2022,2008,남,8,중등,중등,8,38,1|2,Y
d3138c670a26,2022,2001,여,15,대학·일반,대학·일반,1,2,2,N
d4509fd514c6,2022,2009,여,7,중등,중등,5,18,2,N
d4c0d967f8ad,2022,2008,여,8,중등,중등,5,21,2,N
d50402223788,2022,2000,남,16,대학·일반,대학·일반,4,12,2,Y
d56dbbf2fddf,2022,2005,여,11,고등,고등,3,6,1,Y
d60013b04bb3,2022,2012,여,4,초등,초등,7,20,2,N
d66fe4ac13ba,2022,1992,남,24,대학·일반,대학·일반,7,16,1,Y
d6743c3ad463,2022,2008,여,8,중등,중등,4,9,2,N
d68a10321ab6,2022,2007,남,9,중등,중등,7,34,2,Y
d6be78d1e42a,2022,2004,남,12,고등,고등,5,14,2,Y
d7cad95610a1,2022,2007,여,9,중등,중등,4,10,2,N
d7d7c6478ccd,2022,1995,남,21,대학·일반,대학·일반,1,2,2,N
d7feb4abef2c,2022,1991,남,25,대학·일반,대학·일반,8,20,1,Y
d88e5cc057ad,2022,2007,여,9,중등,중등,3,10,2,N
d8a1efa97274,2022,2008,남,8,중등,중등,9,35,1|2,Y
d8b4e7c25790,2022,2008,여,8,중등,중등,6,15,1,Y
d902f5800a69,2022,2007,남,9,중등,고등,3,7,2,N
d9c4091972fe,2022,2008,남,8,중등,중등,3,8,2,N
d9e874308acb,2022,2008,여,8,중등,중등,5,17,2,N
da2f19d481de,2022,1997,남,19,대학·일반,대학·일반,1,2,2,N
daee1077985a,2022,1995,남,21,대학·일반,대학·일반,2,3,2,N
daf079f4f7c6,2022,2013,남,3,초등,초등,5,10,1,Y
db3f17b5432d,2022,2005,여,11,고등,고등,8,49,2,Y
dc092a8ec0ef,2022,2005,남,11,고등,고등,4,8,2,N
dc8e8984ab33,2022,2008,남,8,중등,중등,4,15,2,N
dcca80eccb4f,2022,1971,남,45,대학·일반,대학·일반,2,4,2,N
dd43ece87bb0,2022,2009,남,7,중등,초등,1,2,2,N
de76cdda89f2,2022,2007,남,9,중등,중등,4,14,2,N
de856cd6a5e8,2022,2009,남,7,중등,중등,5,21,2,N
deb4ac10aeb9,2022,2013,남,3,초등,초등,6,21,2,N
df0e87cc1575,2022,1997,여,19,대학·일반,대학·일반,7,28,2,Y
dfe129442cd7,2022,2011,여,5,초등,초등,3,12,2,N
dfe31cc2f869,2022,2014,여,2,초등,초등,4,9,2,N
dfff3e1dfb9e,2022,2007,여,9,중등,중등,5,10,1,Y
e027f858978e,2022,2007,여,9,중등,중등,3,6,2,N
e03b75c343df,2022,2011,남,5,초등,초등,4,12,2,N
e092597d66c0,2022,2006,여,10,고등,고등,8,34,2,Y
e0c8d6d91885,2022,1996,남,20,대학·일반,대학·일반,1,2,2,N
e1912baafc95,2022,2009,여,7,중등,중등,2,3,1,Y
e2049ad004d8,2022,2002,여,14,대학·일반,대학·일반,5,15,2,Y
e23c8f9be364,2022,2009,여,7,중등,중등,4,10,2,N
e3214f6631b8,2022,2011,여,5,초등,초등,6,12,1|2,Y
e37d609ba13f,2022,2003,여,13,대학·일반,대학·일반,1,1,2,N
e3be26585644,2022,2004,남,12,고등,고등,7,30,2,Y
e5c5968809fd,2022,2013,남,3,초등,초등,4,15,2,N
e5dd1dac58d1,2022,2014,남,2,초등,초등,1,3,2,N
e6d5ca2fe35a,2022,2007,여,9,중등,중등,4,9,2,N
e6e4cd92df18,2022,2006,남,10,고등,고등,7,28,2,Y
e85d6f4038c0,2022,2012,여,4,초등,초등,5,15,2,N
e89c982f130a,2022,2006,남,10,고등,고등,4,8,2,N
e8dade32a3dc,2022,2006,여,10,고등,고등,5,12,2,Y
e9f2eb2cdb5e,2022,2002,여,14,대학·일반,대학·일반,5,15,2,Y
ea19b07c0d7f,2022,2005,여,11,고등,고등,4,11,2,N
ea52d25b50bf,2022,2014,남,2,초등,초등,4,13,2,N
eab97c2399f1,2022,2004,여,12,고등,고등,1,2,2,N
eaf5f9ec7a00,2022,2012,남,4,초등,초등,1,2,2,N
ed73a9876f68,2022,2005,남,11,고등,고등,8,53,2,Y
edb357db45c8,2022,1991,남,25,대학·일반,대학·일반,7,34,2,Y
edb7716ac8af,2022,2005,여,11,고등,고등,3,12,2,Y
edff70a0df8f,2022,2008,남,8,중등,중등,3,7,2,N
ef06a006cd75,2022,2011,여,5,초등,초등,1,1,2,N
f06e44b646b5,2022,2001,여,15,대학·일반,대학·일반,1,2,2,N
f07d0104c4dd,2022,2010,여,6,초등,초등,5,17,2,N
f11d47ded0ae,2022,2014,남,2,초등,초등,9,20,1|2,Y
f12df0dbe7d0,2022,2005,남,11,고등,고등,7,34,2,Y
f145e63d5ed5,2022,1993,여,23,대학·일반,대학·일반,2,6,1,N
f149426aa2c5,2022,2010,남,6,초등,초등,1,1,2,N
f17bd9cb7818,2022,1989,남,27,대학·일반,대학·일반,6,29,2,Y
f22d80da94c5,2022,2004,남,12,고등,고등,2,5,2,N
f31352f02fa1,2022,2008,남,8,중등,중등,5,23,2,N
f319872bbcda,2022,2013,남,3,초등,초등,6,25,2,N
f36602b19d2d,2022,2000,여,16,대학·일반,대학·일반,6,19,2,Y
f4152fa55c4d,2022,2011,남,5,초등,초등,4,17,2,N
f47f31b344a7,2022,1988,남,28,대학·일반,대학·일반,4,9,1,Y
f4d2a5032915,2022,1998,여,18,대학·일반,대학·일반,7,41,2,Y
f5441ee3475e,2022,2010,여,6,초등,초등,2,4,2,N
f5826bc39d6d,2022,2003,여,13,대학·일반,대학·일반,6,16,2,Y
f6384e0bfbd8,2022,2004,남,12,고등,고등,4,11,2,N
f6956093bce7,2022,2011,남,5,초등,초등,3,10,2,N
f7bd20575e7c,2022,2009,여,7,중등,중등,4,11,2,N
f7ee4efbc69b,2022,2010,남,6,초등,초등,4,16,2,N
f9485279a90f,2022,1995,여,21,대학·일반,대학·일반,3,5,2,N
fa163df460a1,2022,2013,여,3,초등,초등,3,5,2,N
faf222e8aacc,2022,1996,남,20,대학·일반,대학·일반,3,7,2,N
fbdb4c0306ef,2022,2007,남,9,중등,중등,1,2,2,N
fbf3ff5bed8a,2022,2008,남,8,중등,중등,4,12,2,N
fd6ad2e1ace5,2022,1998,남,18,대학·일반,대학·일반,6,28,2,Y
fd8946419227,2022,2011,남,5,초등,초등,5,19,2,N
fe27d7864e4e,2022,2002,남,14,대학·일반,대학·일반,6,30,2,Y
fe3cef2855f3,2022,2005,남,11,고등,고등,4,9,2,N
fe545ef7b40a,2022,2008,여,8,중등,중등,5,33,2,N
fe5eedc6998d,2022,2009,여,7,중등,중등,4,12,2,N
fe68ac402077,2022,2010,남,6,초등,초등,5,28,2,N
fe7b2a8bf2e8,2022,2009,여,7,중등,중등,5,26,2,N
ffaf75e1e3ac,2022,2007,남,9,중등,중등,5,23,2,N
001deb32ccba,2023,1999,여,18,대학·일반,,2,4,1,Y
006257fa91c5,2023,2008,남,9,중등,중등,13,47,1|2,Y
00acbd9601d1,2023,2009,여,8,중등,중등,5,22,2,N
00b37e1d60f9,2023,2011,여,6,초등,초등,6,23,2,N
00d15c066e19,2023,2010,남,7,중등,중등,2,5,1,Y
015806c84cab,2023,2005,남,12,고등,고등,1,2,2,N
0191b5c728d9,2023,2012,남,5,초등,초등,1,3,2,N
019f36411d3c,2023,2015,남,2,초등,초등,1,2,2,N
01e81df1b330,2023,2005,남,12,고등,고등,7,37,2,Y
0296a68b22c2,2023,2003,남,14,대학·일반,대학·일반,6,39,2,Y
02b78970de01,2023,2010,남,7,중등,중등,5,27,2,N
030f43d05649,2023,2009,여,8,중등,중등,3,7,1,N
04386f5a7f38,2023,2008,남,9,중등,중등,2,5,2,N
04ddae787493,2023,2005,남,12,고등,고등,7,35,1|2,Y
05556f10b7e4,2023,2006,여,11,고등,고등,6,19,2,Y
0707e8137993,2023,2001,남,16,대학·일반,대학·일반,5,18,2,Y
0716360d5f0f,2023,1995,남,22,대학·일반,대학·일반,3,5,2,N
085f93e08073,2023,2006,남,11,고등,고등,2,5,2,Y
0868535af5cc,2023,2007,남,10,고등,고등,2,4,2,N
08aabf0db656,2023,2013,여,4,초등,초등,6,29,2,N
08db8b732de5,2023,2004,남,13,대학·일반,대학·일반,6,21,2,Y
094ad6ade705,2023,2012,남,5,초등,초등,4,7,2,N
0978740c413c,2023,2008,남,9,중등,중등,10,26,1,Y
09c55747f4e2,2023,2008,남,9,중등,중등,7,28,2,Y
0a4bf9101fa7,2023,2008,여,9,중등,중등,7,54,2,Y
0ab88cfb98bc,2023,2005,여,12,고등,고등,8,51,2,Y
0af1f8641a01,2023,1993,남,24,대학·일반,대학·일반,7,38,2,Y
0b445b8581e0,2023,2006,여,11,고등,고등,8,31,2,Y
0c371d25fa82,2023,2008,여,9,중등,중등,5,15,2,Y
0c3c0c1621f4,2023,2010,여,7,중등,중등,3,10,2,N
0cf4462ac657,2023,2008,남,9,중등,중등,7,30,2,Y
0db5810a67de,2023,1992,남,25,대학·일반,대학·일반,5,28,2,Y
0e4e717982a4,2023,2013,여,4,초등,초등,2,4,2,N
0f0fd7271c04,2023,2011,남,6,초등,초등,6,28,2,N
0f2481c12b45,2023,2010,여,7,중등,중등,5,28,2,N
0f3c3a1288c4,2023,1997,남,20,대학·일반,대학·일반,5,18,2,Y
0f3daa823e81,2023,2005,남,12,고등,고등,3,7,2,N
1026f92bcb31,2023,2013,여,4,초등,초등,1,1,2,N
11a836e3d374,2023,2012,남,5,초등,초등,6,28,2,N
11e51593e347,2023,2013,여,4,초등,초등,3,12,2,N
11f6de08c476,2023,2009,여,8,중등,중등,3,6,2,N
12857deb2953,2023,1998,여,19,대학·일반,대학·일반,4,6,1,Y
1292d69c4caf,2023,2004,남,13,대학·일반,대학·일반,6,14,1,Y
12d3fd2d2534,2023,2010,여,7,중등,중등,3,8,2,N
12fc3065e382,2023,2007,남,10,고등,고등,10,26,1,Y
138a16334fb4,2023,2010,남,7,중등,중등,3,8,2,N
14a21cfa416a,2023,1993,여,24,대학·일반,대학·일반,6,14,1|2,Y
14c7e53f149e,2023,2015,남,2,초등,초등,4,15,2,N
14d4313fd366,2023,2011,여,6,초등,초등,6,27,2,N
151976693835,2023,2012,여,5,초등,초등,4,13,2,N
157b1c9b9124,2023,2009,여,8,중등,중등,3,8,2,N
1619eedbe301,2023,2008,여,9,중등,중등,7,41,2,Y
169491b323b3,2023,2007,여,10,고등,고등,6,15,2,Y
16cd2e8e210c,2023,2004,남,13,대학·일반,대학·일반,4,16,2,N
16d89eed9e82,2023,2001,여,16,대학·일반,대학·일반,6,36,2,Y
17f23658fc15,2023,2010,남,7,중등,초등,1,2,2,N
180a961ed3b7,2023,2013,남,4,초등,초등,1,2,2,N
18137fbb3180,2023,2008,여,9,중등,중등,1,2,2,N
1839febe78e2,2023,2008,남,9,중등,중등,7,24,1|2,N
18be24734874,2023,2012,여,5,초등,초등,3,9,2,N
1904fad76ae4,2023,2002,남,15,대학·일반,대학·일반,4,17,2,Y
195aed9f373f,2023,2008,여,9,중등,중등,3,8,2,N
19a95144a641,2023,2012,남,5,초등,초등,1,2,2,N
1a03f5049518,2023,2011,남,6,초등,초등,6,35,2,N
1ba208a9d24d,2023,2010,남,7,중등,중등,4,9,2,N
1c5e68f84cf3,2023,1998,남,19,대학·일반,대학·일반,4,24,2,Y
1ccf2f350834,2023,2015,남,2,초등,초등,4,14,2,N
1ccf5cb96e86,2023,2008,남,9,중등,중등,5,16,2,N
1d832ec4e806,2023,1998,여,19,대학·일반,대학·일반,5,30,2,Y
1f0954e96210,2023,1989,남,28,대학·일반,대학·일반,5,19,2,Y
1f0f26f535e5,2023,1991,여,26,대학·일반,대학·일반,7,35,2,Y
1f7edacccc17,2023,1997,여,20,대학·일반,대학·일반,4,28,2,Y
208e52da1f63,2023,2009,남,8,중등,중등,5,30,2,N
20db3a96647f,2023,2007,여,10,고등,고등,1,1,2,N
213dd96bc532,2023,1994,남,23,대학·일반,,2,2,1,Y
214465405c76,2023,2013,남,4,초등,초등,2,5,2,N
224195206fd6,2023,2010,남,7,중등,중등,4,9,2,N
233804408bef,2023,2009,여,8,중등,중등,5,18,2,N
23a5df22cfb8,2023,1997,남,20,대학·일반,대학·일반,6,23,2,Y
23c12e9b7060,2023,2006,여,11,고등,고등,6,28,2,Y
2447ce15f2ca,2023,2007,여,10,고등,중등,1,2,2,N
2454cfd13999,2023,2002,남,15,대학·일반,대학·일반,4,9,2,N
258b22e343ae,2023,2007,남,10,고등,고등,6,23,2,Y
262c76c8c94d,2023,2011,남,6,초등,초등,2,4,2,N
269c8baba8ec,2023,2014,남,3,초등,초등,4,14,2,N
26de757a68b9,2023,2010,여,7,중등,중등,1,3,1,N
27439efce170,2023,2014,남,3,초등,초등,5,19,2,N
2796274b6b7c,2023,1989,남,28,대학·일반,대학·일반,6,14,1,Y
28133b25877f,2023,2007,여,10,고등,고등,1,2,1,N
28d888308d6a,2023,2007,여,10,고등,고등,7,25,2,Y
290a779c2d74,2023,2010,여,7,중등,초등,1,1,2,N
29442819f934,2023,2009,남,8,중등,중등,4,11,2,N
2948c412f69c,2023,2011,남,6,초등,초등,6,22,2,N
2bab31cafc4b,2023,2009,여,8,중등,중등,3,6,2,N
2c46cf1d257c,2023,2006,남,11,고등,고등,6,26,2,Y
2d3e94a43fab,2023,2013,여,4,초등,초등,5,28,2,N
2d4e5da5a632,2023,2014,남,3,초등,초등,4,12,2,N
2e3ecd473e83,2023,2007,남,10,고등,고등,7,41,2,Y
2e7a0aab7956,2023,2007,여,10,고등,고등,8,45,2,Y
2f428e11b789,2023,1996,남,21,대학·일반,대학·일반,1,1,2,N
2fa36652fdf5,2023,2016,남,1,초등,초등,6,11,1,Y
2fb9c2bbf582,2023,2004,여,13,대학·일반,대학·일반,5,17,2,N
30525392671e,2023,2004,남,13,대학·일반,대학·일반,6,28,2,Y
309315cecac8,2023,2016,여,1,초등,초등,4,10,2,N
30c5cc12e5e5,2023,2007,남,10,고등,중등,1,2,2,N
31bc88c0dfa7,2023,2013,남,4,초등,초등,5,31,2,N
320c4c1a0032,2023,2008,남,9,중등,중등,1,1,2,N
322d4e835fea,2023,1999,남,18,대학·일반,대학·일반,6,24,2,Y
32c8f1560d3a,2023,1999,여,18,대학·일반,대학·일반,3,12,2,N
34440db65489,2023,2015,남,2,초등,초등,4,10,2,N
347355986bec,2023,2008,남,9,중등,중등,7,37,2,Y
351640d9764b,2023,2007,남,10,고등,고등,7,31,2,Y
3724fd193089,2023,2013,여,4,초등,초등,3,9,2,N
37653ea034d3,2023,2006,남,11,고등,고등,7,37,2,Y
3771801f4022,2023,2010,여,7,중등,초등,1,1,2,N
3777e13862ff,2023,2009,여,8,중등,중등,5,19,2,N
377b9bf118e4,2023,2014,여,3,초등,초등,3,10,2,N
37e213997ab5,2023,2002,여,15,대학·일반,대학·일반,9,21,1|2,Y
37f9656488b2,2023,2015,남,2,초등,초등,2,7,2,N
389deced1b8c,2023,2011,여,6,초등,초등,2,4,2,N
38af20d518a4,2023,2007,여,10,고등,중등,1,2,2,N
38b0125c6b0d,2023,2002,남,15,대학·일반,대학·일반,4,7,2,N
38c58d240e01,2023,2004,여,13,대학·일반,대학·일반,6,19,2,Y
39c9affa23f9,2023,2008,여,9,중등,중등,6,29,2,Y
39ec2aeda4cc,2023,2003,여,14,대학·일반,대학·일반,7,16,1,Y
39f6621d7e2b,2023,1995,여,22,대학·일반,대학·일반,7,36,2,Y
39f95a246be3,2023,2014,남,3,초등,초등,5,31,2,N
3a645b26fe85,2023,2008,여,9,중등,중등,5,22,2,N
3a6a5a64b930,2023,2005,남,12,고등,고등,8,51,2,Y
3b8c3f7937a3,2023,1991,여,26,대학·일반,대학·일반,6,15,2,Y
3c7005fc99e1,2023,2009,남,8,중등,중등,4,23,2,N
3d0b385aa9d4,2023,2011,남,6,초등,초등,5,17,2,N
3d75ea897e6a,2023,2011,남,6,초등,초등,1,2,2,N
3e4fb61edbdb,2023,2005,남,12,고등,고등,2,3,2,N
3eebf85cd6ca,2023,2010,여,7,중등,중등,4,12,2,N
40793898b08e,2023,1997,남,20,대학·일반,대학·일반,7,39,2,Y
408a8e6caa8b,2023,2005,여,12,고등,대학·일반,10,28,1,Y
418c30a6926b,2023,2010,여,7,중등,중등,4,14,2,N
418cb84da970,2023,2013,남,4,초등,초등,4,10,2,N
42a7b66e8afe,2023,2007,남,10,고등,고등,7,42,2,Y
4340eec0366a,2023,2015,여,2,초등,초등,4,11,2,N
4413d0e24fe3,2023,2002,남,15,대학·일반,대학·일반,6,33,2,Y
44b321671632,2023,2007,남,10,고등,고등,6,15,2,Y
4529e6f7aedd,2023,2004,여,13,대학·일반,대학·일반,5,14,2,N
460e91d9808f,2023,2006,여,11,고등,고등,7,26,2,Y
480fe7675598,2023,2012,남,5,초등,초등,2,5,2,N
48c0037b849a,2023,1995,여,22,대학·일반,대학·일반,1,2,2,N
48ccf52edfd4,2023,2005,여,12,고등,고등,8,47,2,Y
492179a049bf,2023,2011,여,6,초등,초등,1,4,2,N
49229ae50147,2023,2007,여,10,고등,고등,7,50,2,Y
493abb9bc998,2023,2011,남,6,초등,초등,3,6,2,N
4a73cd6acc9c,2023,2013,남,4,초등,초등,6,31,2,N
4abde24943d8,2023,2003,남,14,대학·일반,대학·일반,5,23,2,Y
4c27f57219f5,2023,2006,남,11,고등,고등,5,14,2,Y
4c727e166aac,2023,2003,남,14,대학·일반,대학·일반,6,30,2,Y
4c79dd1c9e78,2023,2010,남,7,중등,중등,3,5,2,N
4d480e3191c4,2023,2010,남,7,중등,중등,5,15,2,N
4d54d9021641,2023,1998,남,19,대학·일반,대학·일반,3,6,2,N
4dbff7907bec,2023,1968,여,49,대학·일반,대학·일반,1,3,1,N
4dd7d705fd6c,2023,2010,남,7,중등,중등,3,9,2,N
4de909d9bd68,2023,2008,여,9,중등,중등,5,28,2,N
4eb96e5d2708,2023,2009,남,8,중등,중등,5,32,2,N
4ed3d1e6f22a,2023,2009,여,8,중등,중등,4,13,2,N
4f0587b605c0,2023,1999,남,18,대학·일반,대학·일반,6,20,2,Y
4f0b40aa3052,2023,2014,남,3,초등,초등,3,12,2,N
4f895cce3378,2023,2008,남,9,중등,중등,7,30,2,Y
4f8aa9e33e5b,2023,2004,여,13,대학·일반,대학·일반,5,14,2,Y
5054028f8e78,2023,2008,여,9,중등,중등,4,12,2,N
50901ef2fea3,2023,2002,남,15,대학·일반,대학·일반,5,11,2,N
5140194a098d,2023,1993,남,24,대학·일반,대학·일반,6,25,2,Y
51c74e362d0b,2023,2013,남,4,초등,초등,1,2,2,N
523d6cf9c251,2023,2002,남,15,대학·일반,대학·일반,9,22,1,Y
52dd877d418e,2023,2006,남,11,고등,고등,6,28,2,Y
5335a8eeb18d,2023,2013,여,4,초등,초등,5,22,2,N
5358121e28c0,2023,2014,여,3,초등,초등,2,6,2,N
53e87fe20484,2023,2003,남,14,대학·일반,대학·일반,6,24,2,Y
544e7c62c2a9,2023,2007,여,10,고등,고등,8,43,2,Y
549b3ef90844,2023,2006,남,11,고등,고등,8,31,2,Y
552f6f49278f,2023,2009,여,8,중등,중등,4,14,2,N
55303d1b64d9,2023,2014,남,3,초등,초등,4,12,2,N
5569426f0783,2023,2001,여,16,대학·일반,대학·일반,1,1,2,N
55dffcf02d1a,2023,2011,남,6,초등,초등,5,18,2,N
562ecc66a7be,2023,2003,남,14,대학·일반,대학·일반,7,15,1,Y
574e556dd4d3,2023,2016,여,1,초등,초등,3,8,2,N
57d7855cead2,2023,2010,남,7,중등,중등,4,7,2,N
5819d8518528,2023,2015,남,2,초등,초등,1,5,2,N
59eff099283c,2023,2010,남,7,중등,중등,3,8,2,N
5b05981e77b5,2023,2011,남,6,초등,초등,4,11,2,N
5b51bb23bfb8,2023,2013,여,4,초등,초등,2,7,2,N
5c6fd82c9489,2023,2014,여,3,초등,초등,4,20,2,N
5c95bcfe8ca4,2023,2010,여,7,중등,중등,3,9,2,N
5cc1ca644994,2023,2014,여,3,초등,초등,1,2,2,N
5cf18822da66,2023,2006,남,11,고등,고등,7,19,1,Y
5d6cf45bcecb,2023,2006,남,11,고등,고등,9,54,2,Y
5da3822739fe,2023,2013,남,4,초등,초등,4,8,2,N
60f93167710c,2023,2005,여,12,고등,고등,3,7,2,Y
6145e7152ddf,2023,2012,여,5,초등,초등,3,6,2,N
624bac6b6dd0,2023,2007,남,10,고등,고등,6,18,2,Y
633a4c804c25,2023,2015,남,2,초등,초등,4,14,2,N
6352595f975c,2023,1992,남,25,대학·일반,대학·일반,8,20,1,Y
63caafae5f6e,2023,2010,남,7,중등,중등,5,16,2,N
63db10152c9e,2023,2010,여,7,중등,초등,1,1,2,N
64762911db97,2023,1993,남,24,대학·일반,대학·일반,7,15,1,Y
649418d5da42,2023,2009,여,8,중등,중등,4,8,2,N
65c97bda99d0,2023,2002,남,15,대학·일반,대학·일반,5,30,2,Y
65d806e2eb77,2023,2005,남,12,고등,고등,7,23,2,Y
66383d8daaac,2023,2006,남,11,고등,고등,8,48,2,Y
66af8e9216b6,2023,2011,여,6,초등,초등,4,9,1|2,N
6785746c6c80,2023,2010,여,7,중등,중등,4,10,2,N
67dc6ccd9ffa,2023,2004,남,13,대학·일반,대학·일반,7,44,2,Y
687c70b0608c,2023,2011,여,6,초등,초등,1,2,2,N
689862795a46,2023,2010,남,7,중등,중등,4,9,2,N
68efe34330e1,2023,2008,여,9,중등,중등,1,1,2,N
699d71f9893a,2023,2008,여,9,중등,중등,6,18,2,Y
6a1ee142573a,2023,2009,남,8,중등,중등,4,13,2,N
6a6ca62dea84,2023,2010,여,7,중등,중등,5,27,2,N
6b055a174c0f,2023,2012,남,5,초등,초등,4,13,2,N
6b1db24cd950,2023,1999,남,18,대학·일반,대학·일반,8,20,1,Y
6b49ccefbf06,2023,2010,여,7,중등,중등,5,21,2,N
6bf5d106417f,2023,2003,여,14,대학·일반,대학·일반,8,18,1,Y
6e8f6d9dbc27,2023,2006,남,11,고등,고등,5,12,2,Y
6ed72b8bf745,2023,2010,여,7,중등,중등,10,44,1|2,Y
6f6e2706dbe3,2023,2002,여,15,대학·일반,대학·일반,5,25,2,Y
701172186227,2023,2014,남,3,초등,초등,5,27,2,N
715cec6a3d40,2023,1998,남,19,대학·일반,대학·일반,7,45,2,Y
72a90767c572,2023,2011,남,6,초등,초등,6,26,2,N
735d8cc447ac,2023,2012,여,5,초등,초등,5,17,2,N
740db73bc336,2023,2008,여,9,중등,중등,1,2,2,N
7513985c2bc2,2023,2014,남,3,초등,초등,5,20,2,N
753bb60c91d8,2023,2005,남,12,고등,고등,8,20,1,Y
75404397362c,2023,2001,남,16,대학·일반,대학·일반,1,2,2,N
757a161b37a7,2023,2004,여,13,대학·일반,고등,1,2,2,N
75b2d4d412d3,2023,1984,남,33,대학·일반,대학·일반,1,2,2,N
75c457dd2269,2023,2006,남,11,고등,고등,7,19,1,Y
75f5d02152b2,2023,2011,남,6,초등,초등,6,34,2,N
76bc3daea3bf,2023,2003,남,14,대학·일반,대학·일반,1,1,2,N
774892825a63,2023,2008,남,9,중등,중등,7,25,2,Y
77aea32d94e2,2023,1995,여,22,대학·일반,대학·일반,1,2,2,N
781895b5dc37,2023,2011,남,6,초등,초등,4,10,2,N
783498b63937,2023,2010,남,7,중등,중등,3,7,2,N
783591a12eed,2023,2011,여,6,초등,초등,1,2,2,N
7a129f79642d,2023,2011,남,6,초등,초등,6,30,2,N
7a9d22966243,2023,2010,남,7,중등,중등,3,7,2,N
7aa207dab581,2023,2010,여,7,중등,중등,5,18,2,N
7bcef41c7919,2023,2008,남,9,중등,중등,7,48,2,Y
7d3f436c0c4c,2023,2012,남,5,초등,초등,1,2,2,N
7d57891e0e52,2023,2001,남,16,대학·일반,대학·일반,4,15,2,Y
7d6f38807c1b,2023,2007,남,10,고등,고등,6,17,2,Y
7efea96608b4,2023,2007,남,10,고등,고등,7,49,2,Y
7fad02e54fdc,2023,1996,남,21,대학·일반,대학·일반,2,4,2,N
8059af4bf19c,2023,2013,남,4,초등,초등,6,20,2,N
808f736e1107,2023,2003,여,14,대학·일반,대학·일반,1,1,2,N
80b041eca001,2023,2000,남,17,대학·일반,대학·일반,4,8,2,N
818918888c8b,2023,2004,남,13,대학·일반,대학·일반,6,25,2,Y
81a07ce06484,2023,2003,남,14,대학·일반,대학·일반,3,7,2,N
81ecef03ce53,2023,1999,남,18,대학·일반,대학·일반,7,17,1,Y
824430541cd2,2023,2013,남,4,초등,초등,2,8,2,N
83665a944539,2023,2009,남,8,중등,중등,3,6,2,N
83858edebf68,2023,2011,남,6,초등,초등,6,31,2,N
84587278c6a2,2023,2002,남,15,대학·일반,대학·일반,7,33,2,Y
8464b1f47861,2023,2002,여,15,대학·일반,대학·일반,8,20,1,Y
85a9f47dee71,2023,2014,남,3,초등,초등,4,9,2,N
867c69521f72,2023,2013,남,4,초등,초등,1,1,2,N
8699e4ca2f55,2023,2010,여,7,중등,중등,2,3,2,N
86f64b8b7c43,2023,2013,남,4,초등,초등,1,2,2,N
88030c2a0901,2023,2010,여,7,중등,중등,3,8,2,N
8815347c524d,2023,2010,남,7,중등,중등,5,21,2,N
8879ec568075,2023,2013,여,4,초등,초등,7,25,1|2,N
89001d8f7969,2023,2013,남,4,초등,초등,5,36,2,N
892d22b61717,2023,2013,남,4,초등,초등,5,15,2,N
8970c464b9f4,2023,1993,남,24,대학·일반,대학·일반,8,21,1,Y
89c19685d3a5,2023,2009,남,8,중등,중등,3,11,2,N
8a38091df0fb,2023,2012,남,5,초등,초등,5,16,2,N
8afdacb7e027,2023,2000,남,17,대학·일반,대학·일반,7,34,2,Y
8b0ca8a04c7a,2023,2010,여,7,중등,중등,5,31,2,N
8b3c37edc028,2023,2011,여,6,초등,초등,6,17,1|2,N
8c36a537cd20,2023,2009,남,8,중등,중등,4,8,2,N
8cc3153ca83e,2023,2010,남,7,중등,중등,5,18,2,N
8d48218806e1,2023,2012,여,5,초등,초등,4,14,2,N
8d741f47a76f,2023,2002,남,15,대학·일반,대학·일반,6,20,2,Y
8e4fe3b85160,2023,2002,남,15,대학·일반,대학·일반,6,13,1,Y
900df6910556,2023,1999,여,18,대학·일반,대학·일반,6,23,2,Y
908dae81514b,2023,2012,남,5,초등,초등,1,1,2,N
90e065ac5bdb,2023,1980,남,37,대학·일반,대학·일반,1,2,2,N
90e188e096c2,2023,2010,남,7,중등,중등,4,8,2,N
91091850dad2,2023,2001,남,16,대학·일반,대학·일반,1,2,2,N
9140e2ad0fc1,2023,2000,남,17,대학·일반,대학·일반,8,17,1,Y
91caa93ee855,2023,2006,여,11,고등,고등,9,49,2,Y
9222fdaf4c9d,2023,1997,여,20,대학·일반,대학·일반,1,1,2,N
92a31ec3a07f,2023,2007,남,10,고등,고등,2,3,2,N
93066727a19c,2023,2006,남,11,고등,고등,6,32,2,Y
935835189e37,2023,2003,여,14,대학·일반,대학·일반,8,22,1,Y
9366e3efd384,2023,2007,남,10,고등,고등,6,16,2,Y
94ef0c791c06,2023,2013,여,4,초등,초등,4,16,2,N
94f9fae60885,2023,2005,남,12,고등,고등,7,34,2,Y
952a422b299f,2023,2008,여,9,중등,중등,3,10,2,N
96e5b21fdf71,2023,2012,남,5,초등,초등,1,2,2,N
974d7c28a0f7,2023,2008,여,9,중등,중등,9,25,1|2,Y
97b4816d62d6,2023,2001,남,16,대학·일반,대학·일반,5,23,2,Y
986ad5951944,2023,2006,남,11,고등,고등,7,23,2,Y
98a24c345bc4,2023,2008,여,9,중등,중등,3,13,2,N
98cf8639bf81,2023,2001,여,16,대학·일반,대학·일반,6,27,2,Y
99a88579c002,2023,2011,여,6,초등,초등,6,28,2,N
9a136898aa22,2023,2008,남,9,중등,중등,6,21,2,Y
9b1407065833,2023,2000,남,17,대학·일반,대학·일반,1,1,2,N
9c50e980cbfc,2023,2005,남,12,고등,고등,2,5,2,Y
9ca5377279a8,2023,2006,여,11,고등,고등,6,15,2,Y
9d4b7a90e20b,2023,2006,여,11,고등,고등,5,10,2,Y
9d5e85aa6913,2023,2012,남,5,초등,초등,6,24,2,N
9e9691f963b5,2023,2012,여,5,초등,초등,6,26,2,N
9eb74bd65f6d,2023,2008,남,9,중등,중등,5,28,2,N
9eb7d8edc89f,2023,2007,남,10,고등,고등,14,53,1|2,Y
9ed8f69a980c,2023,2012,남,5,초등,초등,4,13,2,N
9f20a85ae2a5,2023,2002,여,15,대학·일반,대학·일반,5,16,2,N
9f21cfa5870e,2023,2001,여,16,대학·일반,대학·일반,8,23,1|2,Y
a00edd319d89,2023,1999,남,18,대학·일반,대학·일반,3,22,2,Y
a0713622e52a,2023,2014,남,3,초등,초등,3,6,2,N
a0b51cc17751,2023,2006,여,11,고등,고등,9,53,2,Y
a111bf8fa2a3,2023,2003,여,14,대학·일반,대학·일반,4,11,2,N
a2187bf732eb,2023,2007,남,10,고등,고등,7,34,2,Y
a32ea3346685,2023,2008,여,9,중등,중등,4,8,2,N
a32f03f3a702,2023,2002,남,15,대학·일반,대학·일반,6,25,2,Y
a363e66c13c0,2023,2011,남,6,초등,초등,5,30,2,N
a38f3e36f334,2023,2008,여,9,중등,중등,5,22,2,N
a3b48d5ade76,2023,2006,여,11,고등,고등,5,16,2,Y
a3e6ceef0e4f,2023,2012,여,5,초등,초등,6,23,2,N
a3f80fbc08a5,2023,2015,여,2,초등,초등,3,8,2,N
a52a074b0895,2023,2014,여,3,초등,초등,4,12,2,N
a54eedebac80,2023,2009,남,8,중등,중등,1,2,2,N
a5c5c29df24a,2023,2011,여,6,초등,초등,6,29,2,N
a718ebb0d001,2023,2013,남,4,초등,초등,1,2,2,N
a74d1464d69d,2023,2012,남,5,초등,초등,5,10,1,Y
a7b2462b99b7,2023,2003,남,14,대학·일반,대학·일반,6,17,2,Y
a7b993214f8d,2023,2000,여,17,대학·일반,대학·일반,7,38,2,Y
a8db8c51ebd6,2023,2009,여,8,중등,중등,5,32,2,N
aa72b62902a5,2023,2009,남,8,중등,중등,4,8,2,N
aabfbcb87311,2023,2015,남,2,초등,초등,2,4,2,N
aaff148ae476,2023,2010,남,7,중등,중등,1,2,2,N
ab46aac2506d,2023,2004,여,13,대학·일반,대학·일반,6,20,2,Y
ab6247083880,2023,2013,남,4,초등,초등,3,17,2,N
ab8fdf4add44,2023,2009,남,8,중등,중등,3,6,2,N
abfbd31287f9,2023,2001,남,16,대학·일반,대학·일반,7,42,2,Y
ac52eaedefcd,2023,2007,여,10,고등,고등,5,30,2,Y
ae079ebbad25,2023,2004,남,13,대학·일반,대학·일반,5,14,2,Y
ae60d7c64fb4,2023,2006,남,11,고등,고등,7,40,2,Y
aeb8813a42d9,2023,2000,남,17,대학·일반,대학·일반,1,1,2,N
af613fde6bf6,2023,1993,여,24,대학·일반,대학·일반,4,26,2,Y
afb9b9a19d71,2023,2009,여,8,중등,중등,6,17,1,Y
b02a98c2d51e,2023,2008,여,9,중등,중등,5,30,2,N
b0c29c398dad,2023,2012,여,5,초등,초등,3,12,2,N
b19f4001ab7b,2023,2011,여,6,초등,초등,10,38,1|2,Y
b1be767c6aed,2023,2009,여,8,중등,중등,1,1,2,N
b23adf304bb3,2023,2002,여,15,대학·일반,대학·일반,7,30,2,Y
b23ef5311053,2023,1996,남,21,대학·일반,대학·일반,4,28,2,Y
b356cda0a1d4,2023,2012,남,5,초등,초등,4,8,2,N
b35b483035fd,2023,2007,남,10,고등,고등,8,27,1|2,Y
b3bdb09ee34b,2023,2010,남,7,중등,중등,5,24,2,N
b422b5587676,2023,2011,남,6,초등,초등,7,34,1|2,Y
b4b6155ed347,2023,2011,여,6,초등,초등,1,1,2,N
b58fa272da54,2023,2016,여,1,초등,초등,8,18,1|2,N
b6ba08a11135,2023,2009,여,8,중등,중등,5,31,2,N
b6c954a76552,2023,2002,남,15,대학·일반,대학·일반,4,14,2,N
b6ec95557f63,2023,2012,남,5,초등,초등,1,1,2,N
b761821ce5f1,2023,2007,남,10,고등,고등,6,14,2,Y
b77e9e6101dc,2023,2013,남,4,초등,초등,4,11,2,N
b8d64470b1f3,2023,2011,여,6,초등,초등,1,2,2,N
b9263fe2dfa3,2023,2011,남,6,초등,초등,1,3,2,N
b9b4f5eea44b,2023,2004,남,13,대학·일반,대학·일반,1,2,2,N
b9fb5676d9c0,2023,2005,여,12,고등,고등,8,38,2,Y
bac68acf29ff,2023,1992,여,25,대학·일반,대학·일반,4,8,2,Y
bb09c749b2ed,2023,2007,여,10,고등,고등,6,13,2,Y
bb169fafbaa8,2023,2009,여,8,중등,중등,4,10,2,N
bba72da500e1,2023,2010,남,7,중등,중등,4,12,2,N
bc1f82eb21a3,2023,2007,여,10,고등,고등,7,25,2,Y
bcfaf780b48e,2023,1999,여,18,대학·일반,대학·일반,4,26,2,Y
bd5b5baf6deb,2023,2010,여,7,중등,중등,3,10,2,N
be011fa57aa3,2023,2009,남,8,중등,중등,3,6,2,N
be081b048efe,2023,2013,남,4,초등,초등,2,16,2,N
be6a657d494e,2023,2003,남,14,대학·일반,대학·일반,1,2,2,N
be839f3a0092,2023,2012,남,5,초등,초등,6,28,1|2,N
bea18b3f73cd,2023,2002,남,15,대학·일반,대학·일반,4,8,2,N
bedb4b00c460,2023,2009,여,8,중등,중등,9,26,1|2,Y
bf514891fcba,2023,2011,여,6,초등,초등,2,4,2,N
c155dbc1f57a,2023,2009,남,8,중등,중등,4,20,2,N
c21c87f50be3,2023,1999,남,18,대학·일반,대학·일반,5,19,2,Y
c296253d8c94,2023,2014,남,3,초등,초등,2,5,2,N
c2bfec1d2fc8,2023,2004,여,13,대학·일반,대학·일반,7,14,1,Y
c2c2ac55fd3c,2023,2004,남,13,대학·일반,대학·일반,7,38,2,Y
c2c8b46ac9e8,2023,2009,남,8,중등,중등,5,21,2,N
c2dd4fa0aaf9,2023,2006,여,11,고등,고등,8,39,2,Y
c346076a8c65,2023,2006,여,11,고등,고등,7,17,1,Y
c37b4ddd75b9,2023,2007,여,10,고등,고등,4,11,2,Y
c3831d185360,2023,2011,남,6,초등,초등,6,20,2,N
c38d698bcab8,2023,2008,여,9,중등,중등,4,15,2,N
c3d174bd7b0d,2023,1994,여,23,대학·일반,대학·일반,7,35,2,Y
c3ec8b8ec548,2023,2011,여,6,초등,초등,1,1,2,N
c584956e3254,2023,1997,남,20,대학·일반,대학·일반,7,39,2,Y
c616ae81f421,2023,2010,여,7,중등,중등,5,15,2,N
c6517e79afe0,2023,2006,여,11,고등,고등,6,19,2,Y
c6786b5c50a2,2023,2009,여,8,중등,중등,6,13,1|2,N
c6bdaceaa5c9,2023,2011,여,6,초등,초등,6,28,2,N
c748efda2f20,2023,2006,여,11,고등,고등,9,51,2,Y
c75391bc11b7,2023,2014,남,3,초등,초등,2,4,1,N
c7cea8aae72e,2023,2004,여,13,대학·일반,대학·일반,7,31,2,Y
c7e03fe9a727,2023,2008,남,9,중등,중등,7,39,2,Y
c81771420ea8,2023,2011,여,6,초등,초등,1,2,2,N
c8d1cdeb3082,2023,2010,남,7,중등,중등,4,11,2,N
c8d23fa8f6fe,2023,2000,남,17,대학·일반,대학·일반,2,3,2,N
c8e6ab3ccf9c,2023,2008,남,9,중등,중등,7,31,2,Y
c9ce03fb973d,2023,2004,여,13,대학·일반,대학·일반,2,5,2,N
c9ea200dfdd1,2023,2008,남,9,중등,중등,4,8,2,N
ca74ac736a8c,2023,2006,남,11,고등,고등,8,57,2,Y
ca8235bbaac4,2023,2001,여,16,대학·일반,대학·일반,6,17,2,Y
ca82db7b607b,2023,2013,여,4,초등,초등,6,32,2,N
caade68ad452,2023,2001,남,16,대학·일반,대학·일반,5,18,2,Y
cc4e2bfd2d0a,2023,2001,남,16,대학·일반,대학·일반,6,15,1,Y
ccd4f861f9b0,2023,2000,남,17,대학·일반,대학·일반,6,27,2,Y
cce216458cac,2023,2001,남,16,대학·일반,대학·일반,4,6,1|2,Y
cd4405cdba61,2023,2002,남,15,대학·일반,대학·일반,9,21,1,Y
cd6786d5973e,2023,2015,남,2,초등,초등,5,16,2,N
cddfbc9a0078,2023,2008,여,9,중등,중등,7,54,2,Y
ce3a931530d7,2023,2015,남,2,초등,초등,3,10,2,N
cf6a0254fa37,2023,2016,남,1,초등,초등,1,5,2,N
cf7259007af6,2023,2010,남,7,중등,중등,5,22,2,N
d04da41971ae,2023,2007,여,10,고등,중등,1,2,2,N
d15c239efda3,2023,2014,여,3,초등,초등,4,15,2,N
d161edfa2637,2023,2009,남,8,중등,중등,5,11,1|2,N
d23f0eb4f26f,2023,2013,남,4,초등,초등,4,16,2,N
d2e0a39a299f,2023,1996,남,21,대학·일반,대학·일반,1,1,2,N
d2ef954fbebc,2023,2008,남,9,중등,중등,10,47,1|2,Y
d4509fd514c6,2023,2009,여,8,중등,중등,1,2,2,N
d4c0d967f8ad,2023,2008,여,9,중등,중등,7,26,2,Y
d60013b04bb3,2023,2012,여,5,초등,초등,4,8,1|2,N
d66fe4ac13ba,2023,1992,남,25,대학·일반,대학·일반,8,19,1,Y
d6743c3ad463,2023,2008,여,9,중등,중등,6,16,2,Y
d68a10321ab6,2023,2007,남,10,고등,고등,8,50,2,Y
d6be78d1e42a,2023,2004,남,13,대학·일반,고등,1,2,2,N
d7cad95610a1,2023,2007,여,10,고등,중등,3,5,1|2,Y
d7feb4abef2c,2023,1991,남,26,대학·일반,대학·일반,5,12,1,Y
d87cdae548f4,2023,2015,여,2,초등,초등,3,6,2,N
d88e5cc057ad,2023,2007,여,10,고등,고등,7,27,2,Y
d8a1efa97274,2023,2008,남,9,중등,중등,10,42,1|2,Y
d90354acc13c,2023,2007,남,10,고등,고등,3,6,2,N
d9c4091972fe,2023,2008,남,9,중등,중등,5,17,2,N
d9e874308acb,2023,2008,여,9,중등,중등,5,18,2,N
d9f00046461d,2023,2012,남,5,초등,초등,4,13,2,N
da2f19d481de,2023,1997,남,20,대학·일반,대학·일반,5,11,2,Y
daee1077985a,2023,1995,남,22,대학·일반,대학·일반,3,5,2,N
daf079f4f7c6,2023,2013,남,4,초등,초등,5,35,2,N
db3f17b5432d,2023,2005,여,12,고등,고등,8,41,2,Y
dc092a8ec0ef,2023,2005,남,12,고등,고등,1,2,2,N
dc8e8984ab33,2023,2008,남,9,중등,중등,5,21,2,N
dcca80eccb4f,2023,1971,남,46,대학·일반,대학·일반,1,2,2,N
de76cdda89f2,2023,2007,남,10,고등,고등,6,18,2,Y
de856cd6a5e8,2023,2009,남,8,중등,중등,2,8,2,N
deb4ac10aeb9,2023,2013,남,4,초등,초등,6,27,2,N
df0e87cc1575,2023,1997,여,20,대학·일반,대학·일반,7,36,2,Y
dfe129442cd7,2023,2011,여,6,초등,초등,6,32,2,N
dfe31cc2f869,2023,2014,여,3,초등,초등,4,20,2,N
dffcb43e2eb5,2023,2013,여,4,초등,초등,3,6,2,N
dfff3e1dfb9e,2023,2007,여,10,고등,고등,3,6,1,Y
e027f858978e,2023,2007,여,10,고등,중등,1,2,2,N
e03b75c343df,2023,2011,남,6,초등,초등,6,31,2,N
e092597d66c0,2023,2006,여,11,고등,고등,7,30,2,Y
e2049ad004d8,2023,2002,여,15,대학·일반,대학·일반,5,15,2,N
e23c8f9be364,2023,2009,여,8,중등,중등,4,10,2,N
e25183828abb,2023,2007,남,10,고등,고등,2,4,2,N
e3214f6631b8,2023,2011,여,6,초등,초등,5,12,1,N
e3be26585644,2023,2004,남,13,대학·일반,대학·일반,7,40,2,Y
e5756d3bff8b,2023,2016,여,1,초등,초등,2,6,2,N
e595961f1fcd,2023,2010,남,7,중등,중등,2,4,2,N
e5c5968809fd,2023,2013,남,4,초등,초등,5,31,2,N
e6d5ca2fe35a,2023,2007,여,10,고등,고등,7,19,2,Y
e6e4cd92df18,2023,2006,남,11,고등,고등,7,27,2,Y
e85d6f4038c0,2023,2012,여,5,초등,초등,6,28,2,N
e89c982f130a,2023,2006,남,11,고등,고등,1,2,2,N
e8dade32a3dc,2023,2006,여,11,고등,고등,1,1,2,N
e9f2eb2cdb5e,2023,2002,여,15,대학·일반,대학·일반,6,19,2,Y
ea19b07c0d7f,2023,2005,여,12,고등,고등,5,13,2,Y
ea52d25b50bf,2023,2014,남,3,초등,초등,6,36,2,N
eb502de129f0,2023,2015,남,2,초등,초등,5,16,2,N
eba462d02bdf,2023,2016,남,1,초등,초등,2,7,2,N
ec0056a960a8,2023,2009,남,8,중등,중등,3,10,2,N
ed73a9876f68,2023,2005,남,12,고등,고등,8,46,2,Y
edb357db45c8,2023,1991,남,26,대학·일반,대학·일반,7,41,2,Y
edb7716ac8af,2023,2005,여,12,고등,고등,3,8,2,Y
edff70a0df8f,2023,2008,남,9,중등,중등,5,14,2,N
eff97017c281,2023,2015,여,2,초등,초등,3,8,2,N
f04a0dc898ad,2023,2011,여,6,초등,초등,4,19,2,N
f06e44b646b5,2023,2001,여,16,대학·일반,대학·일반,5,13,2,N
f07d0104c4dd,2023,2010,여,7,중등,중등,5,14,2,N
f11d47ded0ae,2023,2014,남,3,초등,초등,6,11,1,Y
f12df0dbe7d0,2023,2005,남,12,고등,고등,6,31,2,Y
f145e63d5ed5,2023,1993,여,24,대학·일반,대학·일반,3,3,1,Y
f17bd9cb7818,2023,1989,남,28,대학·일반,대학·일반,7,34,2,Y
f22d80da94c5,2023,2004,남,13,대학·일반,대학·일반,7,33,2,Y
f31352f02fa1,2023,2008,남,9,중등,중등,8,36,1|2,Y
f319872bbcda,2023,2013,남,4,초등,초등,6,30,2,N
f36602b19d2d,2023,2000,여,17,대학·일반,대학·일반,6,17,2,Y
f4152fa55c4d,2023,2011,남,6,초등,초등,1,2,2,N
f47f31b344a7,2023,1988,남,29,대학·일반,대학·일반,4,10,1,Y
f4d2a5032915,2023,1998,여,19,대학·일반,대학·일반,3,6,2,N
f5441ee3475e,2023,2010,여,7,중등,초등,1,2,2,N
f5826bc39d6d,2023,2003,여,14,대학·일반,대학·일반,2,5,2,N
f6384e0bfbd8,2023,2004,남,13,대학·일반,대학·일반,6,24,2,Y
f6956093bce7,2023,2011,남,6,초등,초등,3,9,2,N
f7bd20575e7c,2023,2009,여,8,중등,중등,4,10,2,N
f7ee4efbc69b,2023,2010,남,7,중등,중등,4,8,2,N
f8a83d0288b9,2023,2013,여,4,초등,초등,1,2,2,N
f8cf3a326e35,2023,2011,여,6,초등,초등,3,9,2,N
fa1333859694,2023,2008,남,9,중등,고등,4,11,1|2,N
fa163df460a1,2023,2013,여,4,초등,초등,5,24,2,N
faf222e8aacc,2023,1996,남,21,대학·일반,대학·일반,1,1,2,N
fbf3ff5bed8a,2023,2008,남,9,중등,중등,5,18,2,N
fd6ad2e1ace5,2023,1998,남,19,대학·일반,대학·일반,7,40,2,Y
fd8946419227,2023,2011,남,6,초등,초등,6,21,2,N
fe27d7864e4e,2023,2002,남,15,대학·일반,대학·일반,5,27,2,Y
fe3cef2855f3,2023,2005,남,12,고등,고등,6,24,2,Y
fe545ef7b40a,2023,2008,여,9,중등,중등,7,54,2,Y
fe5eedc6998d,2023,2009,여,8,중등,중등,5,33,2,N
fe68ac402077,2023,2010,남,7,중등,중등,4,13,2,N
fe7b2a8bf2e8,2023,2009,여,8,중등,중등,1,1,2,N
feac00a20ee4,2023,2011,여,6,초등,초등,1,2,2,N
ffaf75e1e3ac,2023,2007,남,10,고등,고등,8,38,2,Y
006257fa91c5,2024,2008,남,10,고등,중등,1,2,2,N
00acbd9601d1,2024,2009,여,9,중등,중등,5,18,2,N
00b37e1d60f9,2024,2011,여,7,중등,중등,5,19,2,N
00d15c066e19,2024,2010,남,8,중등,중등,1,2,1,N
00e053bb8bcc,2024,2012,여,6,초등,초등,3,11,2,N
0191b5c728d9,2024,2012,남,6,초등,초등,4,9,2,N
01e81df1b330,2024,2005,남,13,대학·일반,고등,4,16,2,Y
0296a68b22c2,2024,2003,남,15,대학·일반,대학·일반,7,28,2,Y
02b78970de01,2024,2010,남,8,중등,중등,5,30,2,N
030f43d05649,2024,2009,여,9,중등,중등,9,26,1,Y
04386f5a7f38,2024,2008,남,10,고등,고등,4,10,2,Y
04ddae787493,2024,2005,남,13,대학·일반,대학·일반,8,15,1|2,Y
05506c84b5c0,2024,2012,남,6,초등,초등,5,29,2,N
05556f10b7e4,2024,2006,여,12,고등,고등,5,13,2,Y
0674e6dcf518,2024,2014,여,4,초등,초등,3,8,2,N
0707e8137993,2024,2001,남,17,대학·일반,대학·일반,3,8,2,N
0868535af5cc,2024,2007,남,11,고등,고등,3,6,2,N
08906f47de46,2024,2013,남,5,초등,초등,4,21,2,N
08aabf0db656,2024,2013,여,5,초등,초등,6,39,2,N
08db8b732de5,2024,2004,남,14,대학·일반,대학·일반,6,24,2,Y
094ad6ade705,2024,2012,남,6,초등,초등,2,4,2,N
0978740c413c,2024,2008,남,10,고등,고등,9,23,1,Y
0991b2c96ea1,2024,2016,여,2,초등,초등,3,10,2,N
09c3276a580f,2024,2016,남,2,초등,초등,6,11,1,Y
09c55747f4e2,2024,2008,남,10,고등,고등,8,34,2,Y
0a4bf9101fa7,2024,2008,여,10,고등,고등,9,59,2,Y
0ab88cfb98bc,2024,2005,여,13,대학·일반,대학·일반,5,20,2,Y
0af1f8641a01,2024,1993,남,25,대학·일반,대학·일반,6,26,2,Y
0b445b8581e0,2024,2006,여,12,고등,고등,1,2,2,N
0c371d25fa82,2024,2008,여,10,고등,고등,4,8,2,N
0c3c0c1621f4,2024,2010,여,8,중등,중등,5,21,2,N
0cf4462ac657,2024,2008,남,10,고등,고등,6,28,2,Y
0db5810a67de,2024,1992,남,26,대학·일반,대학·일반,6,17,2,Y
0e4e717982a4,2024,2013,여,5,초등,초등,1,2,2,N
0ebe2c8e6cba,2024,2015,여,3,초등,초등,2,6,2,N
0f0fd7271c04,2024,2011,남,7,중등,중등,4,12,2,N
0f2481c12b45,2024,2010,여,8,중등,중등,5,23,2,N
0f3c3a1288c4,2024,1997,남,21,대학·일반,대학·일반,6,26,2,Y
0fe56e9c6d27,2024,2009,남,9,중등,중등,3,6,2,N
10218e73775e,2024,2017,남,1,초등,초등,1,2,1,N
1026f92bcb31,2024,2013,여,5,초등,초등,5,30,2,N
118e90000d73,2024,2000,남,18,대학·일반,대학·일반,6,38,2,Y
11a836e3d374,2024,2012,남,6,초등,초등,6,44,2,N
11f6de08c476,2024,2009,여,9,중등,중등,3,6,2,N
12857deb2953,2024,1998,여,20,대학·일반,대학·일반,4,6,1,Y
1292d69c4caf,2024,2004,남,14,대학·일반,대학·일반,5,13,1,Y
12d3fd2d2534,2024,2010,여,8,중등,중등,4,10,2,N
12fc3065e382,2024,2007,남,11,고등,고등,7,17,1,Y
138a16334fb4,2024,2010,남,8,중등,중등,5,25,2,N
14a21cfa416a,2024,1993,여,25,대학·일반,대학·일반,3,6,2,N
14d4313fd366,2024,2011,여,7,중등,중등,5,26,2,N
151976693835,2024,2012,여,6,초등,초등,1,2,2,N
157b1c9b9124,2024,2009,여,9,중등,중등,1,2,2,N
1619eedbe301,2024,2008,여,10,고등,고등,9,44,2,Y
169491b323b3,2024,2007,여,11,고등,고등,4,8,2,Y
16cd2e8e210c,2024,2004,남,14,대학·일반,대학·일반,2,4,2,N
16d89eed9e82,2024,2001,여,17,대학·일반,대학·일반,4,17,2,Y
180a961ed3b7,2024,2013,남,5,초등,초등,4,12,2,N
18137fbb3180,2024,2008,여,10,고등,중등,1,2,2,N
1839febe78e2,2024,2008,남,10,고등,고등,5,18,2,N
18be24734874,2024,2012,여,6,초등,초등,1,2,2,N
1904fad76ae4,2024,2002,남,16,대학·일반,대학·일반,8,55,2,Y
195aed9f373f,2024,2008,여,10,고등,중등,2,4,2,N
19a95144a641,2024,2012,남,6,초등,초등,4,21,2,N
19ca246c8c85,2024,2017,남,1,초등,초등,3,7,2,N
1a03f5049518,2024,2011,남,7,중등,중등,5,19,2,N
1ab1ad6922cf,2024,2013,남,5,초등,초등,3,8,2,N
1ba208a9d24d,2024,2010,남,8,중등,중등,3,7,2,N
1c5e68f84cf3,2024,1998,남,20,대학·일반,대학·일반,5,22,2,Y
1ccf5cb96e86,2024,2008,남,10,고등,고등,6,22,2,Y
1d832ec4e806,2024,1998,여,20,대학·일반,대학·일반,2,5,2,N
1ee53d453a30,2024,2016,남,2,초등,초등,3,9,2,N
1f0954e96210,2024,1989,남,29,대학·일반,대학·일반,6,27,2,Y
1f0f26f535e5,2024,1991,여,27,대학·일반,대학·일반,7,39,2,Y
1f7edacccc17,2024,1997,여,21,대학·일반,대학·일반,6,30,2,Y
1f9513fdf0f5,2024,2012,남,6,초등,초등,3,10,2,N
204b6f364418,2024,2014,남,4,초등,초등,3,8,2,N
208e52da1f63,2024,2009,남,9,중등,중등,5,29,2,N
214465405c76,2024,2013,남,5,초등,초등,1,2,2,N
224195206fd6,2024,2010,남,8,중등,중등,4,11,2,N
233804408bef,2024,2009,여,9,중등,중등,4,13,2,N
23a5df22cfb8,2024,1997,남,21,대학·일반,대학·일반,6,22,2,Y
23c12e9b7060,2024,2006,여,12,고등,고등,4,11,2,Y
243faf06ba99,2024,2007,여,11,고등,고등,2,5,2,N
2454cfd13999,2024,2002,남,16,대학·일반,대학·일반,6,19,2,Y
258b22e343ae,2024,2007,남,11,고등,고등,6,27,2,Y
269c8baba8ec,2024,2014,남,4,초등,초등,4,20,2,N
26de757a68b9,2024,2010,여,8,중등,중등,3,7,1|2,Y
27439efce170,2024,2014,남,4,초등,초등,6,24,2,N
2796274b6b7c,2024,1989,남,29,대학·일반,대학·일반,6,14,1,Y
27df053bd374,2024,2015,남,3,초등,초등,1,2,2,N
28d888308d6a,2024,2007,여,11,고등,고등,7,24,2,Y
29442819f934,2024,2009,남,9,중등,중등,3,6,2,N
2948c412f69c,2024,2011,남,7,중등,중등,4,17,2,N
2bab31cafc4b,2024,2009,여,9,중등,중등,5,13,2,Y
2c46cf1d257c,2024,2006,남,12,고등,고등,7,33,2,Y
2cbccc516c41,2024,2012,여,6,초등,초등,2,6,1|2,N
2d3e94a43fab,2024,2013,여,5,초등,초등,6,35,2,N
2d46caf4d922,2024,1994,남,24,대학·일반,대학·일반,2,4,2,N
2d4e5da5a632,2024,2014,남,4,초등,초등,1,2,2,N
2dd27dc24ab6,2024,2016,남,2,초등,초등,3,11,2,N
2e3ecd473e83,2024,2007,남,11,고등,고등,7,32,2,Y
2e7a0aab7956,2024,2007,여,11,고등,고등,9,69,2,Y
2fa36652fdf5,2024,2016,남,2,초등,초등,6,11,1,Y
2fb9c2bbf582,2024,2004,여,14,대학·일반,대학·일반,5,19,2,N
2fc2d081b68f,2024,2013,여,5,초등,초등,3,9,2,N
30525392671e,2024,2004,남,14,대학·일반,대학·일반,8,41,2,Y
309315cecac8,2024,2016,여,2,초등,초등,4,17,2,N
31bc88c0dfa7,2024,2013,남,5,초등,초등,6,28,2,N
322d4e835fea,2024,1999,남,19,대학·일반,대학·일반,6,16,2,Y
32c8f1560d3a,2024,1999,여,19,대학·일반,대학·일반,1,2,2,N
34440db65489,2024,2015,남,3,초등,초등,4,8,2,N
347355986bec,2024,2008,남,10,고등,고등,8,37,2,Y
351640d9764b,2024,2007,남,11,고등,고등,5,16,2,Y
363f836b533b,2024,2015,남,3,초등,초등,1,2,2,N
3724fd193089,2024,2013,여,5,초등,초등,4,11,2,N
37653ea034d3,2024,2006,남,12,고등,고등,7,38,2,Y
3777e13862ff,2024,2009,여,9,중등,중등,5,20,2,N
377b9bf118e4,2024,2014,여,4,초등,초등,4,12,2,N
37e213997ab5,2024,2002,여,16,대학·일반,대학·일반,9,36,1|2,Y
37f9656488b2,2024,2015,남,3,초등,초등,2,7,2,N
389deced1b8c,2024,2011,여,7,중등,중등,3,6,2,N
38b0125c6b0d,2024,2002,남,16,대학·일반,대학·일반,3,6,2,N
38c58d240e01,2024,2004,여,14,대학·일반,대학·일반,4,13,2,Y
399b3a194b02,2024,2016,여,2,초등,초등,4,15,2,N
39c9affa23f9,2024,2008,여,10,고등,고등,4,18,2,Y
39ec2aeda4cc,2024,2003,여,15,대학·일반,대학·일반,7,18,1,Y
39f6621d7e2b,2024,1995,여,23,대학·일반,대학·일반,7,40,2,Y
39f95a246be3,2024,2014,남,4,초등,초등,1,2,2,N
3a645b26fe85,2024,2008,여,10,고등,고등,6,22,2,Y
3a6a5a64b930,2024,2005,남,13,대학·일반,대학·일반,10,68,2,Y
3b87fcc5c06b,2024,2010,남,8,중등,중등,3,6,2,N
3b8c3f7937a3,2024,1991,여,27,대학·일반,대학·일반,6,17,2,Y
3c7005fc99e1,2024,2009,남,9,중등,중등,8,50,1|2,Y
3d0b385aa9d4,2024,2011,남,7,중등,초등,1,2,2,N
3e4fb61edbdb,2024,2005,남,13,대학·일반,고등,1,2,2,N
3e994c03d3a1,2024,2013,여,5,초등,초등,5,29,2,N
3ea8c0d38926,2024,2007,남,11,고등,고등,11,32,1|2,Y
3eebf85cd6ca,2024,2010,여,8,중등,중등,1,2,2,N
400d8112b357,2024,2009,남,9,중등,중등,2,5,2,N
40793898b08e,2024,1997,남,21,대학·일반,대학·일반,6,24,2,Y
408a8e6caa8b,2024,2005,여,13,대학·일반,대학·일반,8,22,1,Y
40df3e4f2f43,2024,2014,여,4,초등,초등,5,21,2,N
4110f7d40714,2024,2008,여,10,고등,고등,1,2,2,N
418c30a6926b,2024,2010,여,8,중등,중등,5,24,2,N
418cb84da970,2024,2013,남,5,초등,초등,3,9,2,N
42a7b66e8afe,2024,2007,남,11,고등,고등,8,50,2,Y
4340eec0366a,2024,2015,여,3,초등,초등,4,24,2,N
4413d0e24fe3,2024,2002,남,16,대학·일반,대학·일반,8,46,2,Y
44b321671632,2024,2007,남,11,고등,고등,6,20,2,Y
4529e6f7aedd,2024,2004,여,14,대학·일반,대학·일반,5,15,2,N
452b18d67b1d,2024,2015,남,3,초등,초등,5,31,2,N
460e91d9808f,2024,2006,여,12,고등,고등,1,2,2,N
46bc4b7be7b6,2024,2016,여,2,초등,초등,3,11,2,N
480fe7675598,2024,2012,남,6,초등,초등,4,13,2,N
48c0037b849a,2024,1995,여,23,대학·일반,대학·일반,6,30,2,Y
48ccf52edfd4,2024,2005,여,13,대학·일반,대학·일반,10,58,2,Y
492179a049bf,2024,2011,여,7,중등,중등,4,12,2,N
49229ae50147,2024,2007,여,11,고등,고등,9,58,2,Y
493abb9bc998,2024,2011,남,7,중등,초등,1,2,2,N
4a73cd6acc9c,2024,2013,남,5,초등,초등,6,17,1|2,N
4abde24943d8,2024,2003,남,15,대학·일반,대학·일반,6,17,2,Y
4c27f57219f5,2024,2006,남,12,고등,고등,5,16,2,Y
4c727e166aac,2024,2003,남,15,대학·일반,대학·일반,7,37,2,Y
4c79dd1c9e78,2024,2010,남,8,중등,중등,4,16,2,N
4d480e3191c4,2024,2010,남,8,중등,중등,5,25,2,N
4dbff7907bec,2024,1968,여,50,대학·일반,대학·일반,1,3,1,N
4dd7d705fd6c,2024,2010,남,8,중등,중등,5,28,2,N
4de909d9bd68,2024,2008,여,10,고등,고등,7,31,2,Y
4eb96e5d2708,2024,2009,남,9,중등,중등,5,27,2,N
4ed3d1e6f22a,2024,2009,여,9,중등,중등,3,7,2,Y
4f0587b605c0,2024,1999,남,19,대학·일반,대학·일반,7,35,2,Y
4f895cce3378,2024,2008,남,10,고등,고등,6,21,2,Y
4f8aa9e33e5b,2024,2004,여,14,대학·일반,대학·일반,1,2,2,N
5054028f8e78,2024,2008,여,10,고등,중등,2,5,2,Y
508e8de1766a,2024,2015,남,3,초등,초등,2,4,2,N
50901ef2fea3,2024,2002,남,16,대학·일반,대학·일반,1,2,2,N
5140194a098d,2024,1993,남,25,대학·일반,대학·일반,1,2,2,N
523d6cf9c251,2024,2002,남,16,대학·일반,대학·일반,7,15,1,Y
5250a0145766,2024,2014,남,4,초등,초등,1,2,1,N
52dd877d418e,2024,2006,남,12,고등,고등,9,56,2,Y
52dffc210698,2024,2012,남,6,초등,초등,3,8,2,N
5335a8eeb18d,2024,2013,여,5,초등,초등,5,21,2,N
53e87fe20484,2024,2003,남,15,대학·일반,대학·일반,8,37,2,Y
544e7c62c2a9,2024,2007,여,11,고등,고등,9,42,2,Y
549b3ef90844,2024,2006,남,12,고등,고등,5,19,2,Y
552f6f49278f,2024,2009,여,9,중등,중등,4,16,2,N
55303d1b64d9,2024,2014,남,4,초등,초등,6,20,2,N
5569426f0783,2024,2001,여,17,대학·일반,대학·일반,1,1,2,N
55dffcf02d1a,2024,2011,남,7,중등,중등,5,20,2,N
562ecc66a7be,2024,2003,남,15,대학·일반,대학·일반,3,3,1,Y
574e556dd4d3,2024,2016,여,2,초등,초등,5,23,2,N
57d7855cead2,2024,2010,남,8,중등,중등,4,15,2,N
57db7616efe2,2024,2013,남,5,초등,초등,3,6,2,N
5819d8518528,2024,2015,남,3,초등,초등,4,22,2,N
59eff099283c,2024,2010,남,8,중등,중등,5,24,2,N
5a914849ffd8,2024,2013,남,5,초등,초등,3,9,2,N
5b05981e77b5,2024,2011,남,7,중등,초등,1,2,2,N
5b51bb23bfb8,2024,2013,여,5,초등,초등,4,10,2,N
5c6fd82c9489,2024,2014,여,4,초등,초등,5,22,2,N
5c95bcfe8ca4,2024,2010,여,8,중등,중등,5,19,2,N
5cf18822da66,2024,2006,남,12,고등,고등,10,19,1,Y
5d6cf45bcecb,2024,2006,남,12,고등,고등,9,62,2,Y
5da3822739fe,2024,2013,남,5,초등,초등,3,7,2,N
5f101a506f5e,2024,2016,남,2,초등,초등,2,8,2,N
5fb78ffd7f63,2024,2012,여,6,초등,초등,4,20,2,N
60f93167710c,2024,2005,여,13,대학·일반,대학·일반,3,7,2,N
6145e7152ddf,2024,2012,여,6,초등,초등,2,4,2,N
61b09767a2d6,2024,2014,남,4,초등,초등,4,13,2,N
624bac6b6dd0,2024,2007,남,11,고등,고등,6,21,2,Y
633a4c804c25,2024,2015,남,3,초등,초등,1,2,2,N
6352595f975c,2024,1992,남,26,대학·일반,대학·일반,7,15,1,Y
63caafae5f6e,2024,2010,남,8,중등,중등,3,9,2,N
63f0711a8bb2,2024,2012,남,6,초등,초등,3,8,2,N
64762911db97,2024,1993,남,25,대학·일반,대학·일반,6,11,1,Y
649418d5da42,2024,2009,여,9,중등,중등,6,17,2,Y
6588d7c57998,2024,2011,여,7,중등,중등,3,8,2,N
65c97bda99d0,2024,2002,남,16,대학·일반,대학·일반,6,41,2,Y
65d806e2eb77,2024,2005,남,13,대학·일반,대학·일반,7,20,2,Y
66383d8daaac,2024,2006,남,12,고등,고등,8,47,2,Y
66e7e5d2fe8f,2024,2014,여,4,초등,초등,3,11,2,N
6785746c6c80,2024,2010,여,8,중등,중등,4,8,2,N
67dc6ccd9ffa,2024,2004,남,14,대학·일반,대학·일반,8,46,2,Y
689862795a46,2024,2010,남,8,중등,중등,5,21,2,N
691648ffa53f,2024,2014,남,4,초등,초등,4,14,2,N
699d71f9893a,2024,2008,여,10,고등,중등,1,2,2,N
6a1ee142573a,2024,2009,남,9,중등,중등,4,18,2,N
6a6ca62dea84,2024,2010,여,8,중등,중등,4,18,2,N
6aaffae6de12,2024,2012,여,6,초등,초등,4,21,2,N
6b055a174c0f,2024,2012,남,6,초등,초등,1,1,2,N
6b1db24cd950,2024,1999,남,19,대학·일반,대학·일반,8,19,1,Y
6b49ccefbf06,2024,2010,여,8,중등,중등,5,21,2,N
6bf5d106417f,2024,2003,여,15,대학·일반,대학·일반,4,10,1,Y
6e8f6d9dbc27,2024,2006,남,12,고등,고등,5,12,2,Y
6ed72b8bf745,2024,2010,여,8,중등,중등,10,44,1|2,Y
6f6e2706dbe3,2024,2002,여,16,대학·일반,대학·일반,8,40,2,Y
701172186227,2024,2014,남,4,초등,초등,6,29,2,N
702d52b7366c,2024,2015,남,3,초등,초등,2,4,1,N
715cec6a3d40,2024,1998,남,20,대학·일반,대학·일반,6,30,2,Y
71b2d0b88c1e,2024,2013,남,5,초등,초등,1,2,2,N
72a90767c572,2024,2011,남,7,중등,중등,4,10,2,N
735d8cc447ac,2024,2012,여,6,초등,초등,5,25,2,N
73796a033ca1,2024,2015,여,3,초등,초등,5,22,2,N
7513985c2bc2,2024,2014,남,4,초등,초등,6,27,2,N
753bb60c91d8,2024,2005,남,13,대학·일반,대학·일반,8,18,1,Y
75c457dd2269,2024,2006,남,12,고등,고등,7,14,1,Y
75f5d02152b2,2024,2011,남,7,중등,중등,5,22,2,N
774892825a63,2024,2008,남,10,고등,고등,4,10,2,Y
781895b5dc37,2024,2011,남,7,중등,중등,4,10,2,N
783498b63937,2024,2010,남,8,중등,중등,4,13,2,N
7a129f79642d,2024,2011,남,7,중등,중등,5,26,2,N
7a9d22966243,2024,2010,남,8,중등,중등,1,2,2,N
7aa207dab581,2024,2010,여,8,중등,중등,5,24,2,N
7bcef41c7919,2024,2008,남,10,고등,고등,7,40,2,Y
7d57891e0e52,2024,2001,남,17,대학·일반,대학·일반,4,13,2,Y
7d6f38807c1b,2024,2007,남,11,고등,고등,2,6,2,Y
7e6d474ca8c6,2024,2015,남,3,초등,초등,5,28,2,N
7e9c2ecddaba,2024,2012,남,6,초등,초등,5,29,2,N
7efea96608b4,2024,2007,남,11,고등,고등,9,64,2,Y
8059af4bf19c,2024,2013,남,5,초등,초등,6,24,2,N
808f736e1107,2024,2003,여,15,대학·일반,대학·일반,1,1,2,N
80b041eca001,2024,2000,남,18,대학·일반,대학·일반,1,2,2,N
818918888c8b,2024,2004,남,14,대학·일반,대학·일반,5,20,2,Y
81a07ce06484,2024,2003,남,15,대학·일반,대학·일반,1,2,2,N
81ecef03ce53,2024,1999,남,19,대학·일반,대학·일반,8,19,1,Y
824430541cd2,2024,2013,남,5,초등,초등,3,7,2,N
83665a944539,2024,2009,남,9,중등,중등,4,8,2,N
83858edebf68,2024,2011,남,7,중등,중등,4,10,2,N
84587278c6a2,2024,2002,남,16,대학·일반,대학·일반,7,30,2,Y
84c5e2fa91bf,2024,2014,여,4,초등,초등,5,19,2,N
852e453e9b68,2024,2012,여,6,초등,초등,3,8,2,N
85a9f47dee71,2024,2014,남,4,초등,초등,5,20,2,N
8699e4ca2f55,2024,2010,여,8,중등,중등,4,10,2,N
88030c2a0901,2024,2010,여,8,중등,중등,5,13,2,N
8815347c524d,2024,2010,남,8,중등,중등,5,28,2,N
8879ec568075,2024,2013,여,5,초등,초등,1,2,2,N
89001d8f7969,2024,2013,남,5,초등,초등,6,31,2,N
892d22b61717,2024,2013,남,5,초등,초등,5,18,2,N
89c19685d3a5,2024,2009,남,9,중등,중등,5,14,2,Y
8a38091df0fb,2024,2012,남,6,초등,초등,5,24,2,N
8a6c96aa71ec,2024,2016,남,2,초등,초등,4,15,2,N
8afdacb7e027,2024,2000,남,18,대학·일반,대학·일반,7,38,2,Y
8b0ca8a04c7a,2024,2010,여,8,중등,중등,4,18,2,N
8b3c37edc028,2024,2011,여,7,중등,중등,5,16,2,N
8c36a537cd20,2024,2009,남,9,중등,중등,4,9,2,N
8cc3153ca83e,2024,2010,남,8,중등,중등,5,20,2,N
8d411f62e728,2024,2012,남,6,초등,초등,5,34,2,N
8d48218806e1,2024,2012,여,6,초등,초등,4,16,2,N
8d741f47a76f,2024,2002,남,16,대학·일반,대학·일반,7,20,2,Y
8f0680cb194d,2024,2016,여,2,초등,초등,3,11,2,N
900df6910556,2024,1999,여,19,대학·일반,대학·일반,6,30,2,Y
90e188e096c2,2024,2010,남,8,중등,중등,4,8,1|2,N
9140e2ad0fc1,2024,2000,남,18,대학·일반,대학·일반,8,20,1,Y
91caa93ee855,2024,2006,여,12,고등,고등,8,36,2,Y
9237f7c019e8,2024,2012,여,6,초등,초등,3,8,2,N
92a31ec3a07f,2024,2007,남,11,고등,고등,5,12,2,Y
93066727a19c,2024,2006,남,12,고등,고등,9,57,2,Y
935835189e37,2024,2003,여,15,대학·일반,,2,4,1,Y
9364d55fdd41,2024,2012,여,6,초등,초등,2,5,2,N
9366e3efd384,2024,2007,남,11,고등,고등,6,21,2,Y
94ef0c791c06,2024,2013,여,5,초등,초등,6,25,2,N
94f9fae60885,2024,2005,남,13,대학·일반,대학·일반,8,38,2,Y
952a422b299f,2024,2008,여,10,고등,고등,5,13,2,Y
96e5b21fdf71,2024,2012,남,6,초등,초등,3,7,2,N
974d7c28a0f7,2024,2008,여,10,고등,고등,14,41,1|2,Y
97b4816d62d6,2024,2001,남,17,대학·일반,대학·일반,7,35,2,Y
986ad5951944,2024,2006,남,12,고등,고등,7,30,2,Y
98a24c345bc4,2024,2008,여,10,고등,고등,7,23,2,Y
98cf8639bf81,2024,2001,여,17,대학·일반,대학·일반,1,2,2,N
9948818db3c5,2024,2015,여,3,초등,초등,3,11,2,N
99a88579c002,2024,2011,여,7,중등,중등,3,8,1|2,N
9a0eb18e93d2,2024,2013,남,5,초등,초등,2,5,2,N
9a136898aa22,2024,2008,남,10,고등,고등,5,13,2,Y
9b1407065833,2024,2000,남,18,대학·일반,대학·일반,3,5,2,N
9ca5377279a8,2024,2006,여,12,고등,고등,1,2,2,N
9cf8d8072eb1,2024,2012,여,6,초등,초등,3,7,2,N
9d159bf814c3,2024,2014,남,4,초등,초등,5,22,2,N
9d4b7a90e20b,2024,2006,여,12,고등,고등,1,2,2,N
9d5e85aa6913,2024,2012,남,6,초등,초등,6,33,2,N
9e9691f963b5,2024,2012,여,6,초등,초등,6,26,2,N
9eb74bd65f6d,2024,2008,남,10,고등,고등,6,27,2,Y
9eb7d8edc89f,2024,2007,남,11,고등,고등,12,37,1|2,Y
9ed8f69a980c,2024,2012,남,6,초등,초등,5,24,2,N
9f20a85ae2a5,2024,2002,여,16,대학·일반,대학·일반,1,2,2,N
9f21cfa5870e,2024,2001,여,17,대학·일반,,1,4,2,Y
a00edd319d89,2024,1999,남,19,대학·일반,대학·일반,5,35,2,Y
a0713622e52a,2024,2014,남,4,초등,초등,3,7,2,N
a0b51cc17751,2024,2006,여,12,고등,고등,9,46,2,Y
a111bf8fa2a3,2024,2003,여,15,대학·일반,대학·일반,6,19,2,Y
a2187bf732eb,2024,2007,남,11,고등,고등,1,2,2,N
a2d2f99cb896,2024,2014,남,4,초등,초등,1,2,2,N
a32ea3346685,2024,2008,여,10,고등,고등,7,19,1|2,Y
a32f03f3a702,2024,2002,남,16,대학·일반,대학·일반,6,21,2,Y
a363e66c13c0,2024,2011,남,7,중등,중등,5,21,2,N
a38f3e36f334,2024,2008,여,10,고등,고등,7,30,2,Y
a3b48d5ade76,2024,2006,여,12,고등,고등,7,25,2,Y
a3e6ceef0e4f,2024,2012,여,6,초등,초등,6,25,2,N
a3f80fbc08a5,2024,2015,여,3,초등,초등,2,6,2,N
a46ec51cc8b6,2024,2016,남,2,초등,초등,1,2,1,N
a52a074b0895,2024,2014,여,4,초등,초등,5,22,2,N
a5c5c29df24a,2024,2011,여,7,중등,초등,1,2,2,N
a74d1464d69d,2024,2012,남,6,초등,초등,4,9,1,N
a7b2462b99b7,2024,2003,남,15,대학·일반,대학·일반,7,28,2,Y
a7b993214f8d,2024,2000,여,18,대학·일반,대학·일반,8,47,2,Y
a8db8c51ebd6,2024,2009,여,9,중등,중등,5,28,2,N
aa04dd29a236,2024,2015,여,3,초등,초등,1,2,2,N
aa72b62902a5,2024,2009,남,9,중등,중등,1,2,2,N
aabfbcb87311,2024,2015,남,3,초등,초등,3,6,2,N
aaff148ae476,2024,2010,남,8,중등,중등,4,8,2,N
ab0cca63dd40,2024,2009,남,9,중등,중등,4,9,2,Y
ab46aac2506d,2024,2004,여,14,대학·일반,대학·일반,3,6,2,Y
ab6247083880,2024,2013,남,5,초등,초등,4,20,2,N
ab84c20e2d56,2024,2009,여,9,중등,중등,7,17,1,Y
ab8fdf4add44,2024,2009,남,9,중등,중등,5,11,2,Y
abfbd31287f9,2024,2001,남,17,대학·일반,대학·일반,8,48,2,Y
ac52eaedefcd,2024,2007,여,11,고등,고등,9,55,2,Y
ae079ebbad25,2024,2004,남,14,대학·일반,대학·일반,2,5,2,Y
ae60d7c64fb4,2024,2006,남,12,고등,고등,8,58,2,Y
af613fde6bf6,2024,1993,여,25,대학·일반,대학·일반,5,32,2,Y
afb9b9a19d71,2024,2009,여,9,중등,중등,10,35,1,Y
b02a98c2d51e,2024,2008,여,10,고등,고등,7,46,2,Y
b06c78b12eee,2024,2017,여,1,초등,초등,4,13,2,N
b0a15301d6c8,2024,2014,여,4,초등,초등,1,2,2,N
b19f4001ab7b,2024,2011,여,7,중등,중등,10,40,1|2,Y
b1be767c6aed,2024,2009,여,9,중등,,1,5,2,Y
b23adf304bb3,2024,2002,여,16,대학·일반,대학·일반,1,2,2,N
b23ef5311053,2024,1996,남,22,대학·일반,대학·일반,5,26,2,Y
b334bfc22958,2024,2012,남,6,초등,초등,3,9,2,N
b356cda0a1d4,2024,2012,남,6,초등,초등,2,4,2,N
b35b483035fd,2024,2007,남,11,고등,고등,8,39,2,Y
b3bdb09ee34b,2024,2010,남,8,중등,중등,3,11,2,N
b422b5587676,2024,2011,남,7,중등,중등,3,10,2,N
b4ce82bdaa49,2024,2012,남,6,초등,초등,1,3,2,N
b4cef65949b9,2024,2015,여,3,초등,초등,4,24,2,N
b58fa272da54,2024,2016,여,2,초등,초등,8,17,1|2,Y
b6af10605c4a,2024,2010,남,8,중등,중등,3,12,2,N
b6ba08a11135,2024,2009,여,9,중등,중등,3,12,2,N
b6c954a76552,2024,2002,남,16,대학·일반,대학·일반,1,2,2,N
b761821ce5f1,2024,2007,남,11,고등,고등,5,13,2,Y
b77e9e6101dc,2024,2013,남,5,초등,초등,3,9,2,N
b8aa736fa92e,2024,2008,여,10,고등,고등,2,5,2,N
b9263fe2dfa3,2024,2011,남,7,중등,중등,2,5,2,N
b9fb5676d9c0,2024,2005,여,13,대학·일반,대학·일반,9,49,2,Y
bac68acf29ff,2024,1992,여,26,대학·일반,대학·일반,4,8,2,Y
bb09c749b2ed,2024,2007,여,11,고등,고등,6,18,2,Y
bb169fafbaa8,2024,2009,여,9,중등,중등,2,5,2,N
bb26ea278260,2024,2013,남,5,초등,초등,3,8,2,N
bba72da500e1,2024,2010,남,8,중등,중등,5,26,2,N
bc1f82eb21a3,2024,2007,여,11,고등,고등,8,30,2,Y
bcf0a10e50bd,2024,2008,남,10,고등,고등,1,2,2,N
bcfaf780b48e,2024,1999,여,19,대학·일반,대학·일반,7,31,2,Y
bd3d635b7a7e,2024,2013,여,5,초등,초등,4,19,2,N
bd8f8c4daa5b,2024,2013,여,5,초등,초등,5,17,2,N
be081b048efe,2024,2013,남,5,초등,초등,2,9,2,N
be75ecedbdd9,2024,2012,여,6,초등,초등,5,15,2,N
be839f3a0092,2024,2012,남,6,초등,초등,6,39,2,N
bea18b3f73cd,2024,2002,남,16,대학·일반,대학·일반,1,2,2,N
bedb4b00c460,2024,2009,여,9,중등,고등,1,1,1,N
bf514891fcba,2024,2011,여,7,중등,중등,3,6,2,N
c155dbc1f57a,2024,2009,남,9,중등,중등,5,33,2,N
c21c87f50be3,2024,1999,남,19,대학·일반,대학·일반,6,25,2,Y
c296253d8c94,2024,2014,남,4,초등,초등,2,12,2,N
c2bfec1d2fc8,2024,2004,여,14,대학·일반,대학·일반,8,20,1,Y
c2c2ac55fd3c,2024,2004,남,14,대학·일반,대학·일반,7,28,2,Y
c2c8b46ac9e8,2024,2009,남,9,중등,중등,7,26,2,Y
c2dd4fa0aaf9,2024,2006,여,12,고등,고등,3,8,2,Y
c346076a8c65,2024,2006,여,12,고등,,1,2,1,Y
c37b4ddd75b9,2024,2007,여,11,고등,고등,1,2,2,N
c3831d185360,2024,2011,남,7,중등,중등,4,10,2,N
c38d698bcab8,2024,2008,여,10,고등,중등,1,2,2,N
c3d174bd7b0d,2024,1994,여,24,대학·일반,대학·일반,7,38,2,Y
c3d39ae7c008,2024,2003,남,15,대학·일반,대학·일반,2,7,2,N
c3d69774db87,2024,2011,남,7,중등,중등,3,7,2,N
c477545bdc6b,2024,2013,여,5,초등,초등,3,8,2,N
c584956e3254,2024,1997,남,21,대학·일반,대학·일반,5,21,2,Y
c616ae81f421,2024,2010,여,8,중등,중등,4,14,2,N
c6517e79afe0,2024,2006,여,12,고등,고등,4,9,2,N
c6786b5c50a2,2024,2009,여,9,중등,중등,4,9,2,N
c6bdaceaa5c9,2024,2011,여,7,중등,중등,4,10,2,N
c748efda2f20,2024,2006,여,12,고등,고등,7,36,2,Y
c75391bc11b7,2024,2014,남,4,초등,초등,1,2,2,N
c7cea8aae72e,2024,2004,여,14,대학·일반,대학·일반,1,2,2,N
c7e03fe9a727,2024,2008,남,10,고등,고등,6,22,2,Y
c8d1cdeb3082,2024,2010,남,8,중등,중등,5,27,2,N
c8d23fa8f6fe,2024,2000,남,18,대학·일반,대학·일반,1,2,2,N
c8e6ab3ccf9c,2024,2008,남,10,고등,고등,5,14,2,Y
c91ad072c6de,2024,2012,여,6,초등,초등,3,12,2,N
c97041647900,2024,2012,남,6,초등,초등,4,22,2,N
c9ce03fb973d,2024,2004,여,14,대학·일반,대학·일반,6,38,2,Y
c9ea200dfdd1,2024,2008,남,10,고등,고등,5,11,2,Y
ca74ac736a8c,2024,2006,남,12,고등,고등,8,44,2,Y
ca8235bbaac4,2024,2001,여,17,대학·일반,대학·일반,4,10,2,Y
ca82db7b607b,2024,2013,여,5,초등,초등,6,36,2,N
caade68ad452,2024,2001,남,17,대학·일반,대학·일반,7,30,2,Y
cb1ff547084a,2024,2011,여,7,중등,중등,2,4,2,N
cc4e2bfd2d0a,2024,2001,남,17,대학·일반,대학·일반,7,17,1,Y
ccd4f861f9b0,2024,2000,남,18,대학·일반,대학·일반,7,38,2,Y
cce216458cac,2024,2001,남,17,대학·일반,대학·일반,1,1,2,N
cd4405cdba61,2024,2002,남,16,대학·일반,대학·일반,8,18,1,Y
cd6786d5973e,2024,2015,남,3,초등,초등,5,21,2,N
cddfbc9a0078,2024,2008,여,10,고등,고등,9,59,2,Y
ce3a931530d7,2024,2015,남,3,초등,초등,4,25,2,N
cf6a0254fa37,2024,2016,남,2,초등,초등,3,8,2,N
cf7259007af6,2024,2010,남,8,중등,중등,5,31,2,N
d1449d14bd3b,2024,2014,남,4,초등,초등,5,15,2,N
d15c239efda3,2024,2014,여,4,초등,초등,6,22,2,N
d161edfa2637,2024,2009,남,9,중등,중등,5,18,2,Y
d238fd9bf9ed,2024,2013,여,5,초등,초등,5,25,2,N
d23f0eb4f26f,2024,2013,남,5,초등,초등,1,2,2,N
d2ef954fbebc,2024,2008,남,10,고등,고등,12,51,1|2,Y
d3d1a9ac53a0,2024,2012,여,6,초등,초등,2,5,2,N
d4c0d967f8ad,2024,2008,여,10,고등,고등,6,19,2,Y
d60013b04bb3,2024,2012,여,6,초등,초등,4,8,1,Y
d66fe4ac13ba,2024,1992,남,26,대학·일반,대학·일반,7,15,1,Y
d6743c3ad463,2024,2008,여,10,고등,중등,1,2,2,N
d68a10321ab6,2024,2007,남,11,고등,고등,9,66,2,Y
d7bf5b038d16,2024,2015,여,3,초등,초등,6,11,1,Y
d87cdae548f4,2024,2015,여,3,초등,초등,3,6,2,N
d88e5cc057ad,2024,2007,여,11,고등,고등,7,26,2,Y
d8a1efa97274,2024,2008,남,10,고등,고등,14,41,1|2,Y
d8d2a459de66,2024,2011,남,7,중등,중등,3,7,2,N
d90354acc13c,2024,2007,남,11,고등,고등,5,13,2,Y
d9b8259d7770,2024,2015,남,3,초등,초등,4,16,2,N
d9c4091972fe,2024,2008,남,10,고등,고등,6,18,1|2,Y
d9e874308acb,2024,2008,여,10,고등,고등,7,33,2,Y
d9f00046461d,2024,2012,남,6,초등,초등,5,24,2,N
da2f19d481de,2024,1997,남,21,대학·일반,대학·일반,4,9,2,N
daee1077985a,2024,1995,남,23,대학·일반,대학·일반,3,6,2,N
daf079f4f7c6,2024,2013,남,5,초등,초등,6,38,2,N
db3f17b5432d,2024,2005,여,13,대학·일반,대학·일반,7,29,2,Y
dc8e8984ab33,2024,2008,남,10,고등,고등,6,28,2,Y
ddef3a76bf7d,2024,2013,남,5,초등,초등,2,7,2,N
de76cdda89f2,2024,2007,남,11,고등,고등,6,18,2,Y
de856cd6a5e8,2024,2009,남,9,중등,중등,4,19,2,Y
deb4ac10aeb9,2024,2013,남,5,초등,초등,5,16,2,N
df0e87cc1575,2024,1997,여,21,대학·일반,대학·일반,7,39,2,Y
dfe129442cd7,2024,2011,여,7,중등,중등,5,28,2,N
dfe31cc2f869,2024,2014,여,4,초등,초등,5,27,2,N
dffcb43e2eb5,2024,2013,여,5,초등,초등,3,6,2,N
e03b75c343df,2024,2011,남,7,중등,중등,4,11,2,N
e092597d66c0,2024,2006,여,12,고등,고등,5,18,2,Y
e2049ad004d8,2024,2002,여,16,대학·일반,대학·일반,1,2,2,N
e23c8f9be364,2024,2009,여,9,중등,중등,4,14,2,N
e25183828abb,2024,2007,남,11,고등,,1,3,2,Y
e3214f6631b8,2024,2011,여,7,중등,중등,6,14,1,Y
e379078a684d,2024,2017,남,1,초등,초등,4,12,2,N
e3be26585644,2024,2004,남,14,대학·일반,대학·일반,8,44,2,Y
e52f75a6b429,2024,2013,남,5,초등,초등,4,15,2,N
e5756d3bff8b,2024,2016,여,2,초등,초등,5,18,2,N
e595961f1fcd,2024,2010,남,8,중등,중등,5,29,2,N
e5c5968809fd,2024,2013,남,5,초등,초등,5,18,2,N
e6d5ca2fe35a,2024,2007,여,11,고등,고등,5,11,2,Y
e6e4cd92df18,2024,2006,남,12,고등,고등,8,35,2,Y
e8036dc2e7fa,2024,2016,남,2,초등,초등,4,16,2,N
e85d6f4038c0,2024,2012,여,6,초등,초등,6,33,2,N
e9f2eb2cdb5e,2024,2002,여,16,대학·일반,대학·일반,5,17,2,Y
ea19b07c0d7f,2024,2005,여,13,대학·일반,대학·일반,5,14,2,Y
ea52d25b50bf,2024,2014,남,4,초등,초등,6,33,2,N
eb502de129f0,2024,2015,남,3,초등,초등,6,16,2,N
ebe548be794a,2024,2014,남,4,초등,초등,2,5,2,N
ec0056a960a8,2024,2009,남,9,중등,중등,2,3,2,N
ecb71b87655e,2024,2012,여,6,초등,초등,3,10,2,N
ed4d9f19334d,2024,2012,남,6,초등,초등,3,10,2,N
ed73a9876f68,2024,2005,남,13,대학·일반,대학·일반,8,57,2,Y
edb357db45c8,2024,1991,남,27,대학·일반,대학·일반,6,23,2,Y
edb7716ac8af,2024,2005,여,13,대학·일반,대학·일반,1,2,2,N
edff70a0df8f,2024,2008,남,10,고등,고등,5,14,2,Y
f04a0dc898ad,2024,2011,여,7,중등,중등,4,14,2,N
f06e44b646b5,2024,2001,여,17,대학·일반,대학·일반,4,8,2,N
f07d0104c4dd,2024,2010,여,8,중등,중등,1,2,2,N
f11d47ded0ae,2024,2014,남,4,초등,초등,8,18,1,Y
f12df0dbe7d0,2024,2005,남,13,대학·일반,대학·일반,5,16,2,Y
f17bd9cb7818,2024,1989,남,29,대학·일반,대학·일반,6,15,2,Y
f22d80da94c5,2024,2004,남,14,대학·일반,대학·일반,7,21,2,Y
f31352f02fa1,2024,2008,남,10,고등,고등,11,26,1|2,Y
f319872bbcda,2024,2013,남,5,초등,초등,6,32,2,N
f31ea3004cbb,2024,2012,남,6,초등,초등,4,17,2,N
f36602b19d2d,2024,2000,여,18,대학·일반,대학·일반,6,17,2,Y
f47f31b344a7,2024,1988,남,30,대학·일반,,3,6,1,Y
f4d2a5032915,2024,1998,여,20,대학·일반,대학·일반,7,25,2,Y
f5826bc39d6d,2024,2003,여,15,대학·일반,대학·일반,7,24,2,Y
f6384e0bfbd8,2024,2004,남,14,대학·일반,대학·일반,7,22,2,Y
f7bd20575e7c,2024,2009,여,9,중등,중등,3,9,2,N
f7d2fedec70b,2024,2014,여,4,초등,초등,5,21,2,N
f7ee4efbc69b,2024,2010,남,8,중등,중등,1,2,2,N
f8550d4547a4,2024,2015,여,3,초등,초등,3,13,2,N
f8a83d0288b9,2024,2013,여,5,초등,초등,4,16,2,N
f8cf3a326e35,2024,2011,여,7,중등,중등,4,8,2,N
fa1333859694,2024,2008,남,10,고등,고등,4,10,2,Y
fa163df460a1,2024,2013,여,5,초등,초등,1,2,2,N
fbb0b150e271,2024,2015,여,3,초등,초등,5,9,1,Y
fbf3ff5bed8a,2024,2008,남,10,고등,고등,5,15,2,Y
fd1e0d085578,2024,2014,남,4,초등,초등,5,21,2,N
fd6ad2e1ace5,2024,1998,남,20,대학·일반,대학·일반,6,28,2,Y
fd8946419227,2024,2011,남,7,중등,중등,5,20,2,N
fd9f1ef0b510,2024,2016,여,2,초등,초등,4,18,2,N
fe27d7864e4e,2024,2002,남,16,대학·일반,대학·일반,7,33,2,Y
fe3cef2855f3,2024,2005,남,13,대학·일반,대학·일반,6,17,2,Y
fe545ef7b40a,2024,2008,여,10,고등,고등,8,51,2,Y
fe5eedc6998d,2024,2009,여,9,중등,중등,5,32,2,N
fe68ac402077,2024,2010,남,8,중등,중등,1,2,2,N
ffaf75e1e3ac,2024,2007,남,11,고등,고등,7,39,2,Y
00acbd9601d1,2025,2009,여,10,고등,고등,5,27,2,Y
00b37e1d60f9,2025,2011,여,8,중등,중등,4,26,2,N
00d15c066e19,2025,2010,남,9,중등,중등,5,12,1,Y
00e053bb8bcc,2025,2012,여,7,중등,중등,5,15,2,N
0191b5c728d9,2025,2012,남,7,중등,중등,3,6,2,N
01e81df1b330,2025,2005,남,14,대학·일반,대학·일반,5,16,2,Y
0296a68b22c2,2025,2003,남,16,대학·일반,대학·일반,6,34,2,Y
02b78970de01,2025,2010,남,9,중등,중등,5,33,2,N
030f43d05649,2025,2009,여,10,고등,고등,8,22,1,Y
04386f5a7f38,2025,2008,남,11,고등,고등,4,9,2,Y
04ddae787493,2025,2005,남,14,대학·일반,대학·일반,7,17,1,Y
05506c84b5c0,2025,2012,남,7,중등,중등,5,21,2,N
05556f10b7e4,2025,2006,여,13,대학·일반,대학·일반,6,20,2,Y
0674e6dcf518,2025,2014,여,5,초등,초등,5,19,2,N
08906f47de46,2025,2013,남,6,초등,초등,4,31,2,N
08aabf0db656,2025,2013,여,6,초등,초등,6,45,2,N
08db8b732de5,2025,2004,남,15,대학·일반,대학·일반,4,18,2,Y
095cdc95fbb6,2025,2016,남,3,초등,초등,4,12,2,N
0978740c413c,2025,2008,남,11,고등,고등,3,6,1,Y
0991b2c96ea1,2025,2016,여,3,초등,초등,2,10,2,N
09c3276a580f,2025,2016,남,3,초등,초등,6,12,1|2,Y
09c55747f4e2,2025,2008,남,11,고등,고등,7,39,2,Y
0a4bf9101fa7,2025,2008,여,11,고등,고등,8,54,2,Y
0af1f8641a01,2025,1993,남,26,대학·일반,대학·일반,5,16,2,Y
0c3c0c1621f4,2025,2010,여,9,중등,중등,5,30,2,Y
0cf4462ac657,2025,2008,남,11,고등,고등,5,30,2,Y
0db5810a67de,2025,1992,남,27,대학·일반,대학·일반,5,24,2,Y
0eb2d551c902,2025,2017,여,2,초등,초등,6,16,2,N
0f2481c12b45,2025,2010,여,9,중등,중등,3,19,2,N
0f3c3a1288c4,2025,1997,남,22,대학·일반,대학·일반,1,2,2,N
0f4a5ddbb248,2025,2016,여,3,초등,초등,5,21,2,N
0fb94e8678c3,2025,2014,여,5,초등,초등,5,25,2,N
0fe56e9c6d27,2025,2009,남,10,고등,고등,1,2,2,N
10218e73775e,2025,2017,남,2,초등,초등,1,2,1,N
1026f92bcb31,2025,2013,여,6,초등,초등,6,41,2,N
118e90000d73,2025,2000,남,19,대학·일반,대학·일반,1,4,2,N
11a836e3d374,2025,2012,남,7,중등,중등,5,15,2,N
11f6de08c476,2025,2009,여,10,고등,고등,4,9,1|2,Y
1208b2fadec5,2025,2016,남,3,초등,초등,2,5,2,N
127ecbb657d7,2025,2011,남,8,중등,중등,3,6,2,N
12857deb2953,2025,1998,여,21,대학·일반,,2,4,1,Y
12b6e4293464,2025,2017,남,2,초등,초등,5,16,2,N
12d3fd2d2534,2025,2010,여,9,중등,중등,5,17,2,Y
12fc3065e382,2025,2007,남,12,고등,대학·일반,6,14,1,Y
138a16334fb4,2025,2010,남,9,중등,중등,4,14,2,Y
13c690d81d35,2025,2015,남,4,초등,초등,4,19,2,N
14c7e53f149e,2025,2015,남,4,초등,초등,7,37,2,N
14d4313fd366,2025,2011,여,8,중등,중등,5,36,2,N
15809ca1340c,2025,2012,남,7,중등,중등,1,2,2,N
1619eedbe301,2025,2008,여,11,고등,고등,8,45,2,Y
169491b323b3,2025,2007,여,12,고등,고등,2,3,2,N
16cd2e8e210c,2025,2004,남,15,대학·일반,대학·일반,4,17,2,Y
16d1b305e693,2025,2013,남,6,초등,초등,1,3,2,N
16d89eed9e82,2025,2001,여,18,대학·일반,대학·일반,6,30,2,Y
180a961ed3b7,2025,2013,남,6,초등,초등,4,17,2,N
1839febe78e2,2025,2008,남,11,고등,고등,5,19,2,Y
18f164dee5ea,2025,2012,여,7,중등,중등,1,2,2,N
1904fad76ae4,2025,2002,남,17,대학·일반,대학·일반,3,30,2,Y
195aed9f373f,2025,2008,여,11,고등,고등,6,16,1|2,Y
19a95144a641,2025,2012,남,7,중등,중등,4,8,2,N
19ca246c8c85,2025,2017,남,2,초등,초등,2,7,2,N
1a03f5049518,2025,2011,남,8,중등,중등,5,28,2,N
1ba208a9d24d,2025,2010,남,9,중등,중등,5,16,2,Y
1c5e68f84cf3,2025,1998,남,21,대학·일반,대학·일반,3,10,2,N
1ccf5cb96e86,2025,2008,남,11,고등,고등,7,33,2,Y
1d832ec4e806,2025,1998,여,21,대학·일반,대학·일반,3,25,2,Y
1ee53d453a30,2025,2016,남,3,초등,초등,6,26,1|2,N
1eea44ca2717,2025,2003,남,16,대학·일반,대학·일반,1,2,2,N
1f0f26f535e5,2025,1991,여,28,대학·일반,대학·일반,6,35,2,Y
1f7edacccc17,2025,1997,여,22,대학·일반,대학·일반,4,27,2,Y
1f9513fdf0f5,2025,2012,남,7,중등,중등,4,9,2,N
204b6f364418,2025,2014,남,5,초등,초등,5,21,2,N
208e52da1f63,2025,2009,남,10,고등,고등,6,35,2,Y
21744fcab52d,2025,2016,남,3,초등,초등,4,21,2,N
224195206fd6,2025,2010,남,9,중등,중등,4,12,2,N
233804408bef,2025,2009,여,10,고등,고등,6,21,2,Y
2353552b4953,2025,2011,남,8,중등,중등,2,5,2,N
23ef617ead89,2025,2017,여,2,초등,초등,6,16,2,N
243faf06ba99,2025,2007,여,12,고등,고등,4,9,2,Y
2454cfd13999,2025,2002,남,17,대학·일반,대학·일반,3,7,2,N
2466b205de6e,2025,2014,여,5,초등,초등,6,29,2,N
268c0e16439e,2025,2018,여,1,초등,초등,1,1,2,N
269c8baba8ec,2025,2014,남,5,초등,초등,5,31,2,N
27439efce170,2025,2014,남,5,초등,초등,7,30,2,N
2796274b6b7c,2025,1989,남,30,대학·일반,,2,5,1,Y
27df053bd374,2025,2015,남,4,초등,초등,7,18,1|2,N
28133b25877f,2025,2007,여,12,고등,고등,1,1,2,N
28d888308d6a,2025,2007,여,12,고등,고등,4,17,2,Y
29442819f934,2025,2009,남,10,고등,,1,3,2,Y
2948c412f69c,2025,2011,남,8,중등,중등,5,19,2,N
2bab31cafc4b,2025,2009,여,10,고등,고등,5,12,2,Y
2c46cf1d257c,2025,2006,남,13,대학·일반,대학·일반,7,37,2,Y
2d3e94a43fab,2025,2013,여,6,초등,초등,7,59,2,N
2dd27dc24ab6,2025,2016,남,3,초등,초등,4,10,2,N
2e3ecd473e83,2025,2007,남,12,고등,고등,6,38,2,Y
2e7a0aab7956,2025,2007,여,12,고등,고등,7,50,2,Y
2f8f90a62ba9,2025,2011,여,8,중등,중등,4,9,2,N
2fa36652fdf5,2025,2016,남,3,초등,초등,7,18,1|2,Y
2fb9c2bbf582,2025,2004,여,15,대학·일반,대학·일반,1,2,2,N
30525392671e,2025,2004,남,15,대학·일반,대학·일반,6,42,2,Y
309315cecac8,2025,2016,여,3,초등,초등,5,29,2,N
30c3937e0940,2025,2016,여,3,초등,초등,7,35,2,N
31bc88c0dfa7,2025,2013,남,6,초등,초등,7,49,2,N
322d4e835fea,2025,1999,남,20,대학·일반,대학·일반,3,7,2,N
34440db65489,2025,2015,남,4,초등,초등,5,13,2,N
347355986bec,2025,2008,남,11,고등,고등,7,38,2,Y
351640d9764b,2025,2007,남,12,고등,고등,4,14,2,Y
36c9038eb548,2025,2014,여,5,초등,초등,7,27,2,N
3724fd193089,2025,2013,여,6,초등,초등,4,19,2,N
37653ea034d3,2025,2006,남,13,대학·일반,대학·일반,6,30,2,Y
3777e13862ff,2025,2009,여,10,고등,고등,6,39,2,Y
377b9bf118e4,2025,2014,여,5,초등,초등,5,14,2,N
37e213997ab5,2025,2002,여,17,대학·일반,대학·일반,8,34,1|2,Y
37f9656488b2,2025,2015,남,4,초등,초등,5,18,1|2,N
3841bb162853,2025,2015,여,4,초등,초등,7,16,1|2,Y
389deced1b8c,2025,2011,여,8,중등,중등,2,4,2,N
38c58d240e01,2025,2004,여,15,대학·일반,대학·일반,5,17,2,Y
399b3a194b02,2025,2016,여,3,초등,초등,3,10,2,N
39c9affa23f9,2025,2008,여,11,고등,고등,6,31,2,Y
39ec2aeda4cc,2025,2003,여,16,대학·일반,대학·일반,6,15,1,Y
39f6621d7e2b,2025,1995,여,24,대학·일반,대학·일반,5,28,2,Y
3a645b26fe85,2025,2008,여,11,고등,고등,8,50,2,Y
3a6a5a64b930,2025,2005,남,14,대학·일반,대학·일반,5,26,2,Y
3b87fcc5c06b,2025,2010,남,9,중등,중등,1,2,2,N
3b8c3f7937a3,2025,1991,여,28,대학·일반,대학·일반,2,4,2,N
3c7005fc99e1,2025,2009,남,10,고등,고등,7,40,2,Y
3e994c03d3a1,2025,2013,여,6,초등,초등,7,57,2,N
3ea8c0d38926,2025,2007,남,12,고등,고등,7,17,1|2,Y
400d8112b357,2025,2009,남,10,고등,고등,1,2,2,N
408a8e6caa8b,2025,2005,여,14,대학·일반,대학·일반,7,19,1,Y
40df3e4f2f43,2025,2014,여,5,초등,초등,5,24,2,N
42a7b66e8afe,2025,2007,남,12,고등,고등,7,51,2,Y
4340eec0366a,2025,2015,여,4,초등,초등,1,3,2,N
4413d0e24fe3,2025,2002,남,17,대학·일반,대학·일반,6,35,2,Y
4529e6f7aedd,2025,2004,여,15,대학·일반,대학·일반,1,2,2,N
452b18d67b1d,2025,2015,남,4,초등,초등,6,35,2,N
46bc4b7be7b6,2025,2016,여,3,초등,초등,6,29,1|2,N
480fe7675598,2025,2012,남,7,중등,중등,4,11,2,N
48c0037b849a,2025,1995,여,24,대학·일반,대학·일반,2,6,2,N
48ccf52edfd4,2025,2005,여,14,대학·일반,대학·일반,3,6,2,N
492179a049bf,2025,2011,여,8,중등,중등,4,18,2,N
49229ae50147,2025,2007,여,12,고등,고등,7,52,2,Y
4a73cd6acc9c,2025,2013,남,6,초등,초등,7,47,2,N
4abde24943d8,2025,2003,남,16,대학·일반,대학·일반,4,14,2,Y
4c727e166aac,2025,2003,남,16,대학·일반,대학·일반,6,31,2,Y
4c79dd1c9e78,2025,2010,남,9,중등,중등,4,13,2,Y
4d480e3191c4,2025,2010,남,9,중등,중등,6,30,2,Y
4d8ea1a2bc61,2025,2013,여,6,초등,초등,1,2,2,N
4dd7d705fd6c,2025,2010,남,9,중등,중등,6,26,2,Y
4de909d9bd68,2025,2008,여,11,고등,고등,4,15,2,N
4eb96e5d2708,2025,2009,남,10,고등,고등,6,35,2,Y
4f0587b605c0,2025,1999,남,20,대학·일반,대학·일반,6,40,2,Y
4f0b40aa3052,2025,2014,남,5,초등,초등,4,14,2,N
4f895cce3378,2025,2008,남,11,고등,고등,6,28,2,Y
508e8de1766a,2025,2015,남,4,초등,초등,6,31,2,N
50901ef2fea3,2025,2002,남,17,대학·일반,대학·일반,1,2,2,N
515b39b69e9e,2025,2012,여,7,중등,중등,3,5,2,N
523d6cf9c251,2025,2002,남,17,대학·일반,대학·일반,5,12,1,Y
52dd877d418e,2025,2006,남,13,대학·일반,대학·일반,3,15,2,N
532c8987353c,2025,2013,여,6,초등,초등,6,24,2,N
5335a8eeb18d,2025,2013,여,6,초등,초등,6,35,2,N
53e87fe20484,2025,2003,남,16,대학·일반,대학·일반,6,31,2,Y
544e7c62c2a9,2025,2007,여,12,고등,고등,3,11,2,Y
549b3ef90844,2025,2006,남,13,대학·일반,대학·일반,6,21,2,Y
552f6f49278f,2025,2009,여,10,고등,고등,6,25,2,Y
55303d1b64d9,2025,2014,남,5,초등,초등,6,25,2,N
55dffcf02d1a,2025,2011,남,8,중등,중등,5,27,2,N
574e556dd4d3,2025,2016,여,3,초등,초등,6,40,2,N
57db7616efe2,2025,2013,남,6,초등,초등,4,15,2,N
5819d8518528,2025,2015,남,4,초등,초등,5,17,2,N
59eff099283c,2025,2010,남,9,중등,중등,4,14,2,N
5a914849ffd8,2025,2013,남,6,초등,초등,5,15,2,N
5b51bb23bfb8,2025,2013,여,6,초등,초등,2,10,2,N
5b7637e25e57,2025,2014,남,5,초등,초등,3,7,2,N
5ba7cba283e6,2025,2017,여,2,초등,초등,6,17,2,N
5c6fd82c9489,2025,2014,여,5,초등,초등,5,30,2,N
5c95bcfe8ca4,2025,2010,여,9,중등,중등,5,31,2,N
5cf18822da66,2025,2006,남,13,대학·일반,대학·일반,7,17,1,Y
5d6cf45bcecb,2025,2006,남,13,대학·일반,대학·일반,7,46,2,Y
5da3822739fe,2025,2013,남,6,초등,초등,3,7,2,N
5f101a506f5e,2025,2016,남,3,초등,초등,4,20,2,N
61b09767a2d6,2025,2014,남,5,초등,초등,6,31,2,N
61f90b7072b8,2025,2015,여,4,초등,초등,6,19,2,N
624bac6b6dd0,2025,2007,남,12,고등,고등,5,18,2,Y
625520f31949,2025,2000,남,19,대학·일반,대학·일반,1,2,2,N
633a4c804c25,2025,2015,남,4,초등,초등,6,26,2,N
6352595f975c,2025,1992,남,27,대학·일반,,2,6,1,Y
63caafae5f6e,2025,2010,남,9,중등,중등,6,27,2,Y
63f0711a8bb2,2025,2012,남,7,중등,중등,4,9,2,N
64762911db97,2025,1993,남,26,대학·일반,대학·일반,6,15,1,Y
649418d5da42,2025,2009,여,10,고등,고등,5,14,2,Y
6588d7c57998,2025,2011,여,8,중등,중등,2,6,2,N
65c97bda99d0,2025,2002,남,17,대학·일반,대학·일반,5,17,2,Y
66383d8daaac,2025,2006,남,13,대학·일반,대학·일반,5,25,2,Y
66e7e5d2fe8f,2025,2014,여,5,초등,초등,4,17,2,N
672b59718d7d,2025,2013,여,6,초등,초등,4,15,2,N
67dc6ccd9ffa,2025,2004,남,15,대학·일반,대학·일반,9,46,1|2,Y
689862795a46,2025,2010,남,9,중등,중등,5,18,2,N
691648ffa53f,2025,2014,남,5,초등,초등,6,31,2,N
6a1ee142573a,2025,2009,남,10,고등,고등,5,14,2,Y
6a6ca62dea84,2025,2010,여,9,중등,중등,5,29,2,N
6aaffae6de12,2025,2012,여,7,중등,중등,5,29,2,N
6b1db24cd950,2025,1999,남,20,대학·일반,대학·일반,7,17,1,Y
6b49ccefbf06,2025,2010,여,9,중등,중등,5,29,2,N
6e8f6d9dbc27,2025,2006,남,13,대학·일반,대학·일반,3,5,2,N
6ed72b8bf745,2025,2010,여,9,중등,중등,7,52,1|2,Y
6f6e2706dbe3,2025,2002,여,17,대학·일반,대학·일반,4,13,2,Y
701172186227,2025,2014,남,5,초등,초등,7,46,2,N
702d52b7366c,2025,2015,남,4,초등,초등,1,2,2,N
715cec6a3d40,2025,1998,남,21,대학·일반,대학·일반,6,34,2,Y
71b2d0b88c1e,2025,2013,남,6,초등,초등,5,25,2,N
72851d7ec568,2025,2018,남,1,초등,초등,2,5,2,N
72a90767c572,2025,2011,남,8,중등,중등,5,18,2,N
735d8cc447ac,2025,2012,여,7,중등,중등,5,18,2,N
73648f3675f6,2025,2015,여,4,초등,초등,5,28,2,N
73890f877cea,2025,2015,여,4,초등,초등,6,29,2,N
73a58381cce0,2025,2018,여,1,초등,초등,3,6,2,N
7513985c2bc2,2025,2014,남,5,초등,초등,5,20,2,N
753bb60c91d8,2025,2005,남,14,대학·일반,대학·일반,6,13,1,Y
75c457dd2269,2025,2006,남,13,대학·일반,대학·일반,6,12,1,Y
75f5d02152b2,2025,2011,남,8,중등,중등,5,25,2,N
75fa610bb711,2025,2014,여,5,초등,초등,2,4,2,N
774892825a63,2025,2008,남,11,고등,고등,6,16,1|2,Y
781895b5dc37,2025,2011,남,8,중등,중등,4,9,2,N
783498b63937,2025,2010,남,9,중등,중등,5,32,2,N
7a129f79642d,2025,2011,남,8,중등,중등,5,24,2,N
7aa207dab581,2025,2010,여,9,중등,중등,6,42,2,Y
7bcef41c7919,2025,2008,남,11,고등,고등,8,61,2,Y
7d5b7b3aff72,2025,2015,여,4,초등,초등,6,26,2,N
7e6d474ca8c6,2025,2015,남,4,초등,초등,7,39,2,N
7e9c2ecddaba,2025,2012,남,7,중등,중등,4,13,2,N
8059af4bf19c,2025,2013,남,6,초등,초등,6,27,2,N
81ecef03ce53,2025,1999,남,20,대학·일반,대학·일반,6,14,1,Y
821a50fe0a44,2025,2003,남,16,대학·일반,대학·일반,1,2,2,N
824430541cd2,2025,2013,남,6,초등,초등,2,7,2,N
83858edebf68,2025,2011,남,8,중등,중등,3,6,1|2,N
83bc588112f0,2025,2001,남,18,대학·일반,대학·일반,1,2,2,N
84587278c6a2,2025,2002,남,17,대학·일반,대학·일반,5,17,2,Y
84c5e2fa91bf,2025,2014,여,5,초등,초등,6,38,2,N
852e453e9b68,2025,2012,여,7,중등,중등,3,6,2,N
85a9f47dee71,2025,2014,남,5,초등,초등,1,4,2,N
8699e4ca2f55,2025,2010,여,9,중등,중등,3,6,2,N
88030c2a0901,2025,2010,여,9,중등,중등,5,21,2,Y
8815347c524d,2025,2010,남,9,중등,중등,5,28,2,N
88590df7902f,2025,2010,여,9,중등,중등,4,11,2,Y
89001d8f7969,2025,2013,남,6,초등,초등,6,35,2,N
892d22b61717,2025,2013,남,6,초등,초등,5,28,2,N
89c19685d3a5,2025,2009,남,10,고등,고등,5,15,2,Y
8a38091df0fb,2025,2012,남,7,중등,중등,3,10,2,N
8a6c96aa71ec,2025,2016,남,3,초등,초등,5,21,2,N
8a707977dc18,2025,2010,남,9,중등,중등,5,11,2,Y
8afdacb7e027,2025,2000,남,19,대학·일반,대학·일반,5,25,2,Y
8b0ca8a04c7a,2025,2010,여,9,중등,고등,6,32,2,Y
8b3c37edc028,2025,2011,여,8,중등,중등,5,20,2,N
8cc3153ca83e,2025,2010,남,9,중등,중등,6,37,2,Y
8d411f62e728,2025,2012,남,7,중등,중등,5,26,2,N
8d48218806e1,2025,2012,여,7,중등,중등,5,19,2,N
8d741f47a76f,2025,2002,남,17,대학·일반,대학·일반,4,11,2,Y
8e09566d4102,2025,2012,남,7,중등,중등,4,9,2,N
8eb67c5a53cb,2025,2014,여,5,초등,초등,4,11,2,N
900df6910556,2025,1999,여,20,대학·일반,대학·일반,6,39,2,Y
90e188e096c2,2025,2010,남,9,중등,고등,5,10,1,Y
9140e2ad0fc1,2025,2000,남,19,대학·일반,대학·일반,6,14,1,Y
91caa93ee855,2025,2006,여,13,대학·일반,대학·일반,5,21,2,Y
922350882556,2025,2017,남,2,초등,초등,5,15,2,N
93066727a19c,2025,2006,남,13,대학·일반,대학·일반,6,39,2,Y
9364d55fdd41,2025,2012,여,7,중등,중등,5,16,2,N
93a733a3415e,2025,2015,여,4,초등,초등,6,29,2,N
93e4a8732aaa,2025,2007,남,12,고등,고등,1,2,2,N
94ef0c791c06,2025,2013,여,6,초등,초등,2,7,2,N
94f9fae60885,2025,2005,남,14,대학·일반,대학·일반,4,14,2,N
952a422b299f,2025,2008,여,11,고등,고등,7,23,2,Y
95bb53250a88,2025,2015,남,4,초등,초등,6,24,2,N
971893c43cba,2025,2016,남,3,초등,초등,1,2,2,N
974d7c28a0f7,2025,2008,여,11,고등,고등,10,34,1|2,Y
97ab336c3662,2025,2016,여,3,초등,초등,1,2,2,N
97b4816d62d6,2025,2001,남,18,대학·일반,대학·일반,2,5,2,N
986ad5951944,2025,2006,남,13,대학·일반,대학·일반,1,1,2,N
98967445a1d6,2025,2016,여,3,초등,초등,3,7,2,N
98a24c345bc4,2025,2008,여,11,고등,고등,6,15,1|2,N
990ff1f5d17a,2025,1991,남,28,대학·일반,대학·일반,1,2,2,N
9948818db3c5,2025,2015,여,4,초등,초등,8,41,1|2,N
998e492a0a01,2025,2015,남,4,초등,초등,1,1,2,N
99a88579c002,2025,2011,여,8,중등,중등,7,22,1,Y
9cffffbac67b,2025,2013,여,6,초등,초등,4,12,2,N
9d159bf814c3,2025,2014,남,5,초등,초등,4,15,2,N
9e9691f963b5,2025,2012,여,7,중등,중등,5,24,2,N
9ea220a64859,2025,2016,남,3,초등,초등,3,6,1|2,N
9eb74bd65f6d,2025,2008,남,11,고등,고등,7,40,2,Y
9eb7d8edc89f,2025,2007,남,12,고등,고등,8,20,1,Y
9ed8f69a980c,2025,2012,남,7,중등,중등,5,21,2,N
a0713622e52a,2025,2014,남,5,초등,초등,8,21,1|2,Y
a111bf8fa2a3,2025,2003,여,16,대학·일반,대학·일반,3,8,2,N
a32ea3346685,2025,2008,여,11,고등,고등,9,28,1|2,Y
a32f03f3a702,2025,2002,남,17,대학·일반,대학·일반,6,33,2,Y
a363e66c13c0,2025,2011,남,8,중등,중등,5,21,2,N
a38f3e36f334,2025,2008,여,11,고등,고등,5,17,2,Y
a3b48d5ade76,2025,2006,여,13,대학·일반,대학·일반,4,18,2,N
a3e6ceef0e4f,2025,2012,여,7,중등,중등,5,24,2,N
a46ec51cc8b6,2025,2016,남,3,초등,초등,1,2,1,N
a48bd4dc655e,2025,2017,여,2,초등,초등,5,16,2,N
a4cb1c9e5a3a,2025,2016,여,3,초등,초등,4,18,2,N
a52a074b0895,2025,2014,여,5,초등,초등,7,36,2,N
a5c5c29df24a,2025,2011,여,8,중등,중등,4,21,2,N
a74d1464d69d,2025,2012,남,7,중등,중등,5,11,1,Y
a7b2462b99b7,2025,2003,남,16,대학·일반,대학·일반,3,8,2,N
a7b993214f8d,2025,2000,여,19,대학·일반,대학·일반,6,36,2,Y
a8db8c51ebd6,2025,2009,여,10,고등,고등,5,38,2,Y
a8dc7176797d,2025,2013,여,6,초등,초등,5,16,2,N
aa04dd29a236,2025,2015,여,4,초등,초등,4,17,2,N
aabfbcb87311,2025,2015,남,4,초등,초등,3,7,2,N
aaff148ae476,2025,2010,남,9,중등,중등,3,6,2,N
ab6247083880,2025,2013,남,6,초등,초등,6,35,2,N
ab8fdf4add44,2025,2009,남,10,고등,고등,5,13,2,Y
abfbd31287f9,2025,2001,남,18,대학·일반,대학·일반,5,28,2,Y
ac52eaedefcd,2025,2007,여,12,고등,고등,7,53,2,Y
ac797018e188,2025,2014,여,5,초등,초등,2,6,2,N
ada1d0bce872,2025,2017,남,2,초등,초등,5,17,2,N
ae221804fb65,2025,2012,남,7,중등,중등,3,6,2,N
ae60d7c64fb4,2025,2006,남,13,대학·일반,대학·일반,5,25,2,Y
af03a05e8005,2025,2017,여,2,초등,초등,5,14,2,N
af613fde6bf6,2025,1993,여,26,대학·일반,대학·일반,3,23,2,Y
afb9b9a19d71,2025,2009,여,10,고등,고등,7,20,1,Y
b02a98c2d51e,2025,2008,여,11,고등,고등,6,34,2,Y
b06c78b12eee,2025,2017,여,2,초등,초등,6,19,2,N
b144c668f8c2,2025,2017,남,2,초등,초등,3,11,2,N
b19f4001ab7b,2025,2011,여,8,중등,중등,10,41,1|2,Y
b2181ae742fd,2025,2013,여,6,초등,초등,4,13,2,N
b23ef5311053,2025,1996,남,23,대학·일반,대학·일반,6,33,2,Y
b35b483035fd,2025,2007,남,12,고등,고등,4,19,2,Y
b3bdb09ee34b,2025,2010,남,9,중등,중등,2,6,2,N
b3cefc456f81,2025,2013,여,6,초등,초등,5,12,2,N
b422b5587676,2025,2011,남,8,중등,중등,4,10,1|2,N
b4cef65949b9,2025,2015,여,4,초등,초등,7,44,2,N
b58fa272da54,2025,2016,여,3,초등,초등,11,30,1|2,Y
b614695afa47,2025,2013,여,6,초등,초등,5,11,2,N
b62ed72b884b,2025,2015,여,4,초등,초등,6,18,1|2,N
b6af10605c4a,2025,2010,남,9,중등,중등,5,31,2,N
b6ba08a11135,2025,2009,여,10,고등,고등,6,29,2,Y
b6f065979ed3,2025,2015,여,4,초등,초등,3,6,2,N
b761821ce5f1,2025,2007,남,12,고등,고등,4,11,2,Y
b77e9e6101dc,2025,2013,남,6,초등,초등,6,20,2,N
b8aa736fa92e,2025,2008,여,11,고등,고등,5,12,2,Y
b9263fe2dfa3,2025,2011,남,8,중등,중등,4,17,2,N
b932ec42a904,2025,2015,남,4,초등,초등,6,34,2,N
b9fb5676d9c0,2025,2005,여,14,대학·일반,대학·일반,2,6,2,N
bb09c749b2ed,2025,2007,여,12,고등,고등,4,9,2,Y
bb169fafbaa8,2025,2009,여,10,고등,,1,3,2,Y
bba72da500e1,2025,2010,남,9,중등,중등,5,28,2,Y
bc1f82eb21a3,2025,2007,여,12,고등,고등,5,19,2,Y
bcebf7c7da77,2025,2013,남,6,초등,초등,1,3,2,N
bcfaf780b48e,2025,1999,여,20,대학·일반,대학·일반,5,24,2,Y
bd3d635b7a7e,2025,2013,여,6,초등,초등,7,58,2,N
bd8f8c4daa5b,2025,2013,여,6,초등,초등,7,51,2,N
be081b048efe,2025,2013,남,6,초등,초등,6,38,2,N
be75ecedbdd9,2025,2012,여,7,중등,중등,5,20,2,N
be839f3a0092,2025,2012,남,7,중등,중등,4,15,2,N
bedb4b00c460,2025,2009,여,10,고등,고등,7,20,1,Y
bf514891fcba,2025,2011,여,8,중등,중등,3,6,1|2,Y
c155dbc1f57a,2025,2009,남,10,고등,고등,7,27,2,Y
c21c87f50be3,2025,1999,남,20,대학·일반,대학·일반,5,21,2,Y
c2bfec1d2fc8,2025,2004,여,15,대학·일반,대학·일반,7,17,1,Y
c2c2ac55fd3c,2025,2004,남,15,대학·일반,대학·일반,4,8,2,Y
c2c8b46ac9e8,2025,2009,남,10,고등,고등,6,28,2,Y
c2dd4fa0aaf9,2025,2006,여,13,대학·일반,대학·일반,3,11,2,N
c3831d185360,2025,2011,남,8,중등,중등,5,13,1|2,N
c3d174bd7b0d,2025,1994,여,25,대학·일반,대학·일반,6,37,2,Y
c3d69774db87,2025,2011,남,8,중등,중등,6,15,1|2,N
c477545bdc6b,2025,2013,여,6,초등,초등,1,4,2,N
c616ae81f421,2025,2010,여,9,중등,중등,4,21,2,N
c6517e79afe0,2025,2006,여,13,대학·일반,대학·일반,5,12,2,Y
c6786b5c50a2,2025,2009,여,10,고등,고등,5,13,2,Y
c6bdaceaa5c9,2025,2011,여,8,중등,중등,4,13,2,N
c748efda2f20,2025,2006,여,13,대학·일반,대학·일반,5,16,2,Y
c7e03fe9a727,2025,2008,남,11,고등,고등,7,41,2,Y
c8d1cdeb3082,2025,2010,남,9,중등,중등,6,38,2,Y
c8e6ab3ccf9c,2025,2008,남,11,고등,고등,6,20,2,Y
c91ad072c6de,2025,2012,여,7,중등,중등,1,4,2,N
c97041647900,2025,2012,남,7,중등,중등,4,11,2,N
c9ce03fb973d,2025,2004,여,15,대학·일반,대학·일반,1,4,2,N
ca74ac736a8c,2025,2006,남,13,대학·일반,대학·일반,6,31,2,Y
ca82db7b607b,2025,2013,여,6,초등,초등,7,60,2,N
caade68ad452,2025,2001,남,18,대학·일반,대학·일반,1,3,2,N
cb1fc7072813,2025,2012,남,7,중등,중등,3,4,2,N
cb1ff547084a,2025,2011,여,8,중등,중등,3,9,1,N
cc048224024b,2025,2016,남,3,초등,초등,2,5,2,N
cc4e2bfd2d0a,2025,2001,남,18,대학·일반,대학·일반,4,9,1,Y
ccd4f861f9b0,2025,2000,남,19,대학·일반,대학·일반,6,29,2,Y
cd4405cdba61,2025,2002,남,17,대학·일반,대학·일반,6,16,1,Y
cd6786d5973e,2025,2015,남,4,초등,초등,1,3,2,N
cd773b58a824,2025,2017,남,2,초등,초등,5,18,2,N
cddfbc9a0078,2025,2008,여,11,고등,고등,7,53,2,Y
ce3a931530d7,2025,2015,남,4,초등,초등,6,33,2,N
cf6a0254fa37,2025,2016,남,3,초등,초등,5,16,2,N
cf7259007af6,2025,2010,남,9,중등,중등,5,39,2,N
d1449d14bd3b,2025,2014,남,5,초등,초등,3,8,2,N
d15c239efda3,2025,2014,여,5,초등,초등,1,6,2,N
d161edfa2637,2025,2009,남,10,고등,고등,6,20,2,Y
d18d719d4c98,2025,2013,여,6,초등,초등,5,14,2,N
d238fd9bf9ed,2025,2013,여,6,초등,초등,3,13,2,N
d2ef954fbebc,2025,2008,남,11,고등,고등,9,49,1|2,Y
d3d1a9ac53a0,2025,2012,여,7,중등,중등,4,11,2,N
d4c0d967f8ad,2025,2008,여,11,고등,고등,8,43,2,Y
d60013b04bb3,2025,2012,여,7,중등,중등,3,12,2,N
d66fe4ac13ba,2025,1992,남,27,대학·일반,,2,5,1,Y
d68a10321ab6,2025,2007,남,12,고등,고등,6,45,2,Y
d6f8d1d128af,2025,2014,여,5,초등,초등,5,17,2,N
d7b352d6fd20,2025,2016,여,3,초등,초등,2,4,2,N
d7bf5b038d16,2025,2015,여,4,초등,초등,5,12,1|2,Y
d7cf984955a0,2025,2018,남,1,초등,초등,1,2,1,N
d87cdae548f4,2025,2015,여,4,초등,초등,8,20,1|2,Y
d88e5cc057ad,2025,2007,여,12,고등,고등,2,8,2,Y
d8a1efa97274,2025,2008,남,11,고등,고등,10,37,1|2,Y
d8d2a459de66,2025,2011,남,8,중등,중등,4,8,2,N
d90354acc13c,2025,2007,남,12,고등,고등,4,12,2,Y
d9c4091972fe,2025,2008,남,11,고등,고등,5,11,1,Y
d9e874308acb,2025,2008,여,11,고등,고등,6,27,2,Y
daee1077985a,2025,1995,남,24,대학·일반,대학·일반,1,2,2,N
daf079f4f7c6,2025,2013,남,6,초등,초등,6,42,2,N
db3f17b5432d,2025,2005,여,14,대학·일반,대학·일반,5,18,2,Y
dc8e8984ab33,2025,2008,남,11,고등,고등,7,41,2,Y
ddef3a76bf7d,2025,2013,남,6,초등,초등,6,27,2,N
de76cdda89f2,2025,2007,남,12,고등,고등,4,13,2,Y
de856cd6a5e8,2025,2009,남,10,고등,고등,4,16,2,Y
deb4ac10aeb9,2025,2013,남,6,초등,초등,5,22,2,N
df0e87cc1575,2025,1997,여,22,대학·일반,대학·일반,6,34,2,Y
dfe129442cd7,2025,2011,여,8,중등,중등,3,17,2,N
dfe31cc2f869,2025,2014,여,5,초등,초등,6,42,2,N
e03b75c343df,2025,2011,남,8,중등,중등,4,13,2,N
e092597d66c0,2025,2006,여,13,대학·일반,대학·일반,4,14,2,Y
e1d75d355ba5,2025,2016,여,3,초등,초등,1,2,2,N
e23c8f9be364,2025,2009,여,10,고등,고등,5,20,2,Y
e30439c9aad5,2025,2016,여,3,초등,초등,5,21,1|2,N
e313488fe85c,2025,2013,남,6,초등,초등,5,14,2,N
e3214f6631b8,2025,2011,여,8,중등,중등,6,16,1,Y
e379078a684d,2025,2017,남,2,초등,초등,6,21,2,N
e3929ac3dbec,2025,2010,남,9,중등,중등,2,4,2,N
e3be26585644,2025,2004,남,15,대학·일반,대학·일반,6,35,2,Y
e52f75a6b429,2025,2013,남,6,초등,초등,5,24,2,N
e5756d3bff8b,2025,2016,여,3,초등,초등,1,2,2,N
e595961f1fcd,2025,2010,남,9,중등,중등,5,32,2,N
e6d5ca2fe35a,2025,2007,여,12,고등,고등,4,9,2,Y
e6e4cd92df18,2025,2006,남,13,대학·일반,대학·일반,3,9,2,N
e8036dc2e7fa,2025,2016,남,3,초등,초등,6,33,2,N
e85d6f4038c0,2025,2012,여,7,중등,중등,2,17,2,N
ea19b07c0d7f,2025,2005,여,14,대학·일반,대학·일반,6,18,2,Y
ea52d25b50bf,2025,2014,남,5,초등,초등,7,50,2,N
eb502de129f0,2025,2015,남,4,초등,초등,6,21,2,N
ec0056a960a8,2025,2009,남,10,고등,고등,3,9,2,Y
ecb71b87655e,2025,2012,여,7,중등,중등,2,4,2,N
ed4d9f19334d,2025,2012,남,7,중등,중등,4,9,2,N
ed73a9876f68,2025,2005,남,14,대학·일반,대학·일반,3,19,2,Y
edb357db45c8,2025,1991,남,28,대학·일반,대학·일반,2,2,2,N
edb7716ac8af,2025,2005,여,14,대학·일반,대학·일반,1,2,2,N
edff70a0df8f,2025,2008,남,11,고등,고등,5,15,2,Y
eff97017c281,2025,2015,여,4,초등,초등,2,6,2,N
f04a0dc898ad,2025,2011,여,8,중등,중등,5,22,2,N
f11d47ded0ae,2025,2014,남,5,초등,초등,6,13,1,Y
f12df0dbe7d0,2025,2005,남,14,대학·일반,대학·일반,5,19,2,Y
f17bd9cb7818,2025,1989,남,30,대학·일반,대학·일반,4,12,2,Y
f22d80da94c5,2025,2004,남,15,대학·일반,대학·일반,5,15,2,Y
f2c33539019b,2025,2013,남,6,초등,초등,4,9,2,N
f31352f02fa1,2025,2008,남,11,고등,고등,8,19,1,Y
f319872bbcda,2025,2013,남,6,초등,초등,7,52,2,N
f31ea3004cbb,2025,2012,남,7,중등,중등,3,8,2,N
f36602b19d2d,2025,2000,여,19,대학·일반,대학·일반,5,15,2,Y
f45b813e6446,2025,2013,여,6,초등,초등,6,21,2,N
f47f31b344a7,2025,1988,남,31,대학·일반,,2,2,1,Y
f4d2a5032915,2025,1998,여,21,대학·일반,대학·일반,6,38,2,Y
f5826bc39d6d,2025,2003,여,16,대학·일반,대학·일반,6,25,2,Y
f60011de2d01,2025,2014,여,5,초등,초등,5,15,2,N
f6384e0bfbd8,2025,2004,남,15,대학·일반,대학·일반,5,14,2,Y
f7bd20575e7c,2025,2009,여,10,고등,고등,5,14,2,Y
f7d2fedec70b,2025,2014,여,5,초등,초등,7,46,2,N
f8550d4547a4,2025,2015,여,4,초등,초등,7,42,2,N
f8a5ed570940,2025,2015,남,4,초등,초등,4,9,2,N
f8a83d0288b9,2025,2013,여,6,초등,초등,5,27,2,N
f907a7daa49e,2025,2015,남,4,초등,초등,6,27,2,N
fa1333859694,2025,2008,남,11,고등,고등,6,26,2,Y
fbb0b150e271,2025,2015,여,4,초등,초등,7,16,1|2,Y
fbf3ff5bed8a,2025,2008,남,11,고등,고등,7,44,2,Y
fd1e0d085578,2025,2014,남,5,초등,초등,6,33,2,N
fd6ad2e1ace5,2025,1998,남,21,대학·일반,대학·일반,6,32,2,Y
fd8946419227,2025,2011,남,8,중등,중등,5,21,2,N
fd9f1ef0b510,2025,2016,여,3,초등,초등,3,19,2,N
fe27d7864e4e,2025,2002,남,17,대학·일반,대학·일반,6,46,2,Y
fe3cef2855f3,2025,2005,남,14,대학·일반,대학·일반,2,5,2,N
fe49d3c4561c,2025,2013,여,6,초등,초등,6,20,2,N
fe545ef7b40a,2025,2008,여,11,고등,고등,7,49,2,Y
fe5eedc6998d,2025,2009,여,10,고등,고등,6,30,2,Y
ff00185410cf,2025,2016,여,3,초등,초등,6,24,2,N
ff4c192bcd0c,2025,2013,여,6,초등,초등,6,33,2,N
ffaf75e1e3ac,2025,2007,남,12,고등,고등,6,40,2,Y
00acbd9601d1,2026,2009,여,11,고등,고등,1,1,2,N
00b37e1d60f9,2026,2011,여,9,중등,중등,1,1,2,N
00e053bb8bcc,2026,2012,여,8,중등,중등,1,2,2,N
0191b5c728d9,2026,2012,남,8,중등,중등,1,2,2,N
01e81df1b330,2026,2005,남,15,대학·일반,대학·일반,1,2,2,N
0296a68b22c2,2026,2003,남,17,대학·일반,대학·일반,1,2,2,N
02b78970de01,2026,2010,남,10,고등,중등,1,2,2,N
04386f5a7f38,2026,2008,남,12,고등,고등,1,1,2,N
05506c84b5c0,2026,2012,남,8,중등,중등,1,2,2,N
05556f10b7e4,2026,2006,여,14,대학·일반,대학·일반,1,2,2,N
0674e6dcf518,2026,2014,여,6,초등,초등,2,6,2,N
07e26a7e147e,2026,2017,여,3,초등,초등,1,4,2,N
08aabf0db656,2026,2013,여,7,중등,초등,1,2,2,N
08db8b732de5,2026,2004,남,16,대학·일반,대학·일반,1,2,2,N
0991b2c96ea1,2026,2016,여,4,초등,초등,1,7,2,N
09c55747f4e2,2026,2008,남,12,고등,고등,1,1,2,N
0a4bf9101fa7,2026,2008,여,12,고등,고등,1,2,2,N
0acd91e5e18d,2026,2017,여,3,초등,초등,1,4,2,N
0af1f8641a01,2026,1993,남,27,대학·일반,대학·일반,1,1,2,N
0c3c0c1621f4,2026,2010,여,10,고등,중등,1,2,2,N
0cf4462ac657,2026,2008,남,12,고등,고등,1,1,2,N
0db5810a67de,2026,1992,남,28,대학·일반,대학·일반,1,2,2,N
0eb2d551c902,2026,2017,여,3,초등,초등,2,7,2,N
0f2481c12b45,2026,2010,여,10,고등,중등,1,2,2,N
0f4a5ddbb248,2026,2016,여,4,초등,초등,1,10,2,N
0fb94e8678c3,2026,2014,여,6,초등,초등,2,8,2,N
0fe56e9c6d27,2026,2009,남,11,고등,고등,1,2,2,N
10218e73775e,2026,2017,남,3,초등,초등,1,5,2,N
1026f92bcb31,2026,2013,여,7,중등,초등,1,2,2,N
118e90000d73,2026,2000,남,20,대학·일반,대학·일반,1,1,2,N
11a836e3d374,2026,2012,남,8,중등,중등,1,2,2,N
1208b2fadec5,2026,2016,남,4,초등,초등,1,2,2,N
127ecbb657d7,2026,2011,남,9,중등,중등,1,2,2,N
12b6e4293464,2026,2017,남,3,초등,초등,1,4,2,N
12d3fd2d2534,2026,2010,여,10,고등,중등,1,2,2,N
13c690d81d35,2026,2015,남,5,초등,초등,2,8,2,N
14c7e53f149e,2026,2015,남,5,초등,초등,2,10,2,N
14d4313fd366,2026,2011,여,9,중등,중등,1,2,2,N
15809ca1340c,2026,2012,남,8,중등,중등,1,2,2,N
1619eedbe301,2026,2008,여,12,고등,고등,1,2,2,N
169491b323b3,2026,2007,여,13,대학·일반,고등,1,2,2,N
16cd2e8e210c,2026,2004,남,16,대학·일반,대학·일반,1,2,2,N
16d1b305e693,2026,2013,남,7,중등,초등,1,2,2,N
16d89eed9e82,2026,2001,여,19,대학·일반,대학·일반,1,2,2,N
180a961ed3b7,2026,2013,남,7,중등,초등,1,2,2,N
1839febe78e2,2026,2008,남,12,고등,고등,1,1,2,N
18f164dee5ea,2026,2012,여,8,중등,중등,1,2,2,N
1904fad76ae4,2026,2002,남,18,대학·일반,대학·일반,1,2,2,N
195aed9f373f,2026,2008,여,12,고등,고등,1,2,2,N
19a95144a641,2026,2012,남,8,중등,중등,1,2,2,N
1a03f5049518,2026,2011,남,9,중등,중등,1,2,2,N
1ba208a9d24d,2026,2010,남,10,고등,중등,1,2,2,N
1c5e68f84cf3,2026,1998,남,22,대학·일반,대학·일반,1,2,2,N
1ccf5cb96e86,2026,2008,남,12,고등,고등,1,1,2,N
1d832ec4e806,2026,1998,여,22,대학·일반,대학·일반,1,1,2,N
1ee53d453a30,2026,2016,남,4,초등,초등,1,8,2,N
1f0f26f535e5,2026,1991,여,29,대학·일반,대학·일반,1,2,2,N
1f7edacccc17,2026,1997,여,23,대학·일반,대학·일반,1,1,2,N
1f9513fdf0f5,2026,2012,남,8,중등,중등,1,2,2,N
204b6f364418,2026,2014,남,6,초등,초등,2,12,2,N
208e52da1f63,2026,2009,남,11,고등,고등,1,1,2,N
21744fcab52d,2026,2016,남,4,초등,초등,1,7,2,N
21d825b03153,2026,2016,남,4,초등,초등,1,3,2,N
224195206fd6,2026,2010,남,10,고등,중등,1,2,2,N
233804408bef,2026,2009,여,11,고등,고등,1,1,2,N
23ef617ead89,2026,2017,여,3,초등,초등,2,5,2,N
243faf06ba99,2026,2007,여,13,대학·일반,고등,1,2,2,N
2454cfd13999,2026,2002,남,18,대학·일반,대학·일반,1,1,2,N
2466b205de6e,2026,2014,여,6,초등,초등,2,11,2,N
269c8baba8ec,2026,2014,남,6,초등,초등,2,11,2,N
27439efce170,2026,2014,남,6,초등,초등,2,8,2,N
27df053bd374,2026,2015,남,5,초등,초등,2,4,2,N
28d888308d6a,2026,2007,여,13,대학·일반,고등,1,1,2,N
2948c412f69c,2026,2011,남,9,중등,중등,1,2,2,N
2bab31cafc4b,2026,2009,여,11,고등,고등,1,1,2,N
2c46cf1d257c,2026,2006,남,14,대학·일반,대학·일반,1,2,2,N
2d376862aa65,2026,2015,남,5,초등,초등,1,4,2,N
2d3e94a43fab,2026,2013,여,7,중등,초등,1,2,2,N
2dd27dc24ab6,2026,2016,남,4,초등,초등,2,6,2,N
2e3ecd473e83,2026,2007,남,13,대학·일반,고등,1,2,2,N
2e7a0aab7956,2026,2007,여,13,대학·일반,대학·일반,1,2,2,N
2f8f90a62ba9,2026,2011,여,9,중등,중등,1,2,2,N
30525392671e,2026,2004,남,16,대학·일반,대학·일반,1,2,2,N
309315cecac8,2026,2016,여,4,초등,초등,1,9,2,N
30c3937e0940,2026,2016,여,4,초등,초등,2,8,2,N
31bc88c0dfa7,2026,2013,남,7,중등,초등,1,2,2,N
322d4e835fea,2026,1999,남,21,대학·일반,대학·일반,1,2,2,N
34440db65489,2026,2015,남,5,초등,초등,1,2,2,N
347355986bec,2026,2008,남,12,고등,고등,1,1,2,N
351640d9764b,2026,2007,남,13,대학·일반,고등,1,2,2,N
363f836b533b,2026,2015,남,5,초등,초등,1,4,2,N
36c9038eb548,2026,2014,여,6,초등,초등,2,6,2,N
3724fd193089,2026,2013,여,7,중등,초등,1,1,2,N
37653ea034d3,2026,2006,남,14,대학·일반,대학·일반,1,2,2,N
3777e13862ff,2026,2009,여,11,고등,고등,1,1,2,N
377b9bf118e4,2026,2014,여,6,초등,초등,1,2,2,N
37e213997ab5,2026,2002,여,18,대학·일반,대학·일반,1,2,2,N
389deced1b8c,2026,2011,여,9,중등,중등,1,2,2,N
38c58d240e01,2026,2004,여,16,대학·일반,대학·일반,1,2,2,N
399b3a194b02,2026,2016,여,4,초등,초등,1,8,2,N
39c9affa23f9,2026,2008,여,12,고등,고등,1,2,2,N
39ec2aeda4cc,2026,2003,여,17,대학·일반,대학·일반,1,1,1,N
39f6621d7e2b,2026,1995,여,25,대학·일반,대학·일반,1,2,2,N
3a645b26fe85,2026,2008,여,12,고등,고등,1,1,2,N
3a6a5a64b930,2026,2005,남,15,대학·일반,대학·일반,1,2,2,N
3b15e9dfd383,2026,2018,남,2,초등,초등,1,3,2,N
3c7005fc99e1,2026,2009,남,11,고등,고등,1,1,2,N
3e994c03d3a1,2026,2013,여,7,중등,초등,1,2,2,N
400d8112b357,2026,2009,남,11,고등,고등,1,2,2,N
408a8e6caa8b,2026,2005,여,15,대학·일반,대학·일반,1,1,1,N
40df3e4f2f43,2026,2014,여,6,초등,초등,1,2,2,N
42a7b66e8afe,2026,2007,남,13,대학·일반,고등,1,2,2,N
4340eec0366a,2026,2015,여,5,초등,초등,1,10,2,N
4413d0e24fe3,2026,2002,남,18,대학·일반,대학·일반,1,2,2,N
452b18d67b1d,2026,2015,남,5,초등,초등,1,2,2,N
467e35666d3e,2026,2015,여,5,초등,초등,1,5,2,N
46bc4b7be7b6,2026,2016,여,4,초등,초등,1,10,2,N
480fe7675598,2026,2012,남,8,중등,중등,1,2,2,N
48ccf52edfd4,2026,2005,여,15,대학·일반,대학·일반,1,2,2,N
492179a049bf,2026,2011,여,9,중등,중등,1,2,2,N
49229ae50147,2026,2007,여,13,대학·일반,고등,1,2,2,N
4a73cd6acc9c,2026,2013,남,7,중등,초등,1,2,2,N
4abde24943d8,2026,2003,남,17,대학·일반,대학·일반,1,2,2,N
4c727e166aac,2026,2003,남,17,대학·일반,대학·일반,1,2,2,N
4c79dd1c9e78,2026,2010,남,10,고등,중등,1,2,2,N
4d480e3191c4,2026,2010,남,10,고등,중등,1,2,2,N
4d6000e3269b,2026,2017,여,3,초등,초등,1,4,2,N
4d8ea1a2bc61,2026,2013,여,7,중등,초등,1,2,2,N
4dd7d705fd6c,2026,2010,남,10,고등,중등,1,2,2,N
4de909d9bd68,2026,2008,여,12,고등,고등,1,1,2,N
4eb96e5d2708,2026,2009,남,11,고등,고등,1,2,2,N
4f0587b605c0,2026,1999,남,21,대학·일반,대학·일반,1,2,2,N
4f0b40aa3052,2026,2014,남,6,초등,초등,2,7,2,N
4f895cce3378,2026,2008,남,12,고등,고등,1,1,2,N
508e8de1766a,2026,2015,남,5,초등,초등,1,2,2,N
515b39b69e9e,2026,2012,여,8,중등,중등,1,2,2,N
5250a0145766,2026,2014,남,6,초등,초등,1,5,2,N
532c8987353c,2026,2013,여,7,중등,초등,1,2,2,N
5335a8eeb18d,2026,2013,여,7,중등,초등,1,2,2,N
53e87fe20484,2026,2003,남,17,대학·일반,대학·일반,1,2,2,N
549b3ef90844,2026,2006,남,14,대학·일반,대학·일반,1,2,2,N
552f6f49278f,2026,2009,여,11,고등,고등,1,1,2,N
55303d1b64d9,2026,2014,남,6,초등,초등,2,9,2,N
55dffcf02d1a,2026,2011,남,9,중등,중등,1,2,2,N
574e556dd4d3,2026,2016,여,4,초등,초등,2,11,2,N
57db7616efe2,2026,2013,남,7,중등,초등,1,2,2,N
5819d8518528,2026,2015,남,5,초등,초등,1,2,2,N
59eff099283c,2026,2010,남,10,고등,중등,1,2,2,N
5a914849ffd8,2026,2013,남,7,중등,초등,1,2,2,N
5b7637e25e57,2026,2014,남,6,초등,초등,2,7,2,N
5ba7cba283e6,2026,2017,여,3,초등,초등,1,5,2,N
5c6fd82c9489,2026,2014,여,6,초등,초등,1,1,2,N
5c95bcfe8ca4,2026,2010,여,10,고등,중등,1,2,2,N
5d6cf45bcecb,2026,2006,남,14,대학·일반,대학·일반,1,2,2,N
5da3822739fe,2026,2013,남,7,중등,초등,1,2,2,N
5f101a506f5e,2026,2016,남,4,초등,초등,1,4,2,N
5f6aaf1af264,2026,2016,여,4,초등,초등,1,4,2,N
61b09767a2d6,2026,2014,남,6,초등,초등,1,2,2,N
61f90b7072b8,2026,2015,여,5,초등,초등,2,7,2,N
624bac6b6dd0,2026,2007,남,13,대학·일반,고등,1,1,2,N
633a4c804c25,2026,2015,남,5,초등,초등,2,11,2,N
63caafae5f6e,2026,2010,남,10,고등,중등,1,2,2,N
63f0711a8bb2,2026,2012,남,8,중등,중등,1,2,2,N
649418d5da42,2026,2009,여,11,고등,고등,1,2,2,N
6588d7c57998,2026,2011,여,9,중등,중등,1,2,2,N
65c97bda99d0,2026,2002,남,18,대학·일반,대학·일반,1,2,2,N
66383d8daaac,2026,2006,남,14,대학·일반,대학·일반,1,2,2,N
66c3e4fe4813,2026,2014,남,6,초등,초등,1,2,2,N
66e7e5d2fe8f,2026,2014,여,6,초등,초등,2,7,2,N
672b59718d7d,2026,2013,여,7,중등,초등,1,2,2,N
67dc6ccd9ffa,2026,2004,남,16,대학·일반,대학·일반,1,2,2,N
689862795a46,2026,2010,남,10,고등,중등,1,2,2,N
691648ffa53f,2026,2014,남,6,초등,초등,1,2,2,N
6a1ee142573a,2026,2009,남,11,고등,고등,1,1,2,N
6a6ca62dea84,2026,2010,여,10,고등,중등,1,2,2,N
6aaffae6de12,2026,2012,여,8,중등,중등,1,2,2,N
6b49ccefbf06,2026,2010,여,10,고등,중등,1,1,2,N
6e272cdd41ba,2026,2015,남,5,초등,초등,1,4,2,N
6e8f6d9dbc27,2026,2006,남,14,대학·일반,대학·일반,1,2,2,N
6ed72b8bf745,2026,2010,여,10,고등,중등,1,2,2,N
6f6e2706dbe3,2026,2002,여,18,대학·일반,대학·일반,1,1,2,N
6f9b3d066393,2026,2018,남,2,초등,초등,1,3,2,N
701172186227,2026,2014,남,6,초등,초등,2,12,2,N
715cec6a3d40,2026,1998,남,22,대학·일반,대학·일반,1,2,2,N
71b2d0b88c1e,2026,2013,남,7,중등,초등,1,2,2,N
72851d7ec568,2026,2018,남,2,초등,초등,1,3,2,N
72a90767c572,2026,2011,남,9,중등,중등,1,2,2,N
735d8cc447ac,2026,2012,여,8,중등,중등,1,1,2,N
73648f3675f6,2026,2015,여,5,초등,초등,1,6,2,N
73890f877cea,2026,2015,여,5,초등,초등,2,10,2,N
73a58381cce0,2026,2018,여,2,초등,초등,1,3,2,N
7513985c2bc2,2026,2014,남,6,초등,초등,1,2,2,N
75f5d02152b2,2026,2011,남,9,중등,중등,1,2,2,N
75fa610bb711,2026,2014,여,6,초등,초등,1,2,2,N
774892825a63,2026,2008,남,12,고등,고등,1,1,2,N
781895b5dc37,2026,2011,남,9,중등,중등,1,2,2,N
783498b63937,2026,2010,남,10,고등,중등,1,2,2,N
7a129f79642d,2026,2011,남,9,중등,중등,1,2,2,N
7aa207dab581,2026,2010,여,10,고등,중등,1,2,2,N
7bcef41c7919,2026,2008,남,12,고등,고등,1,2,2,N
7d5b7b3aff72,2026,2015,여,5,초등,초등,2,9,2,N
7e6d474ca8c6,2026,2015,남,5,초등,초등,2,11,2,N
7e9c2ecddaba,2026,2012,남,8,중등,중등,1,2,2,N
8059af4bf19c,2026,2013,남,7,중등,초등,1,2,2,N
821a50fe0a44,2026,2003,남,17,대학·일반,대학·일반,1,2,2,N
83858edebf68,2026,2011,남,9,중등,중등,1,2,2,N
83bc588112f0,2026,2001,남,19,대학·일반,대학·일반,1,2,2,N
84587278c6a2,2026,2002,남,18,대학·일반,대학·일반,1,1,2,N
84c5e2fa91bf,2026,2014,여,6,초등,초등,2,12,2,N
852e453e9b68,2026,2012,여,8,중등,중등,1,2,2,N
85a9f47dee71,2026,2014,남,6,초등,초등,2,8,2,N
8699e4ca2f55,2026,2010,여,10,고등,중등,1,2,2,N
88030c2a0901,2026,2010,여,10,고등,중등,1,1,2,N
8815347c524d,2026,2010,남,10,고등,중등,1,2,2,N
88590df7902f,2026,2010,여,10,고등,중등,1,2,2,N
89001d8f7969,2026,2013,남,7,중등,초등,1,2,2,N
892d22b61717,2026,2013,남,7,중등,초등,1,2,2,N
89c19685d3a5,2026,2009,남,11,고등,고등,1,1,2,N
8a38091df0fb,2026,2012,남,8,중등,중등,1,2,2,N
8a6c96aa71ec,2026,2016,남,4,초등,초등,1,8,2,N
8a707977dc18,2026,2010,남,10,고등,중등,1,2,2,N
8afdacb7e027,2026,2000,남,20,대학·일반,대학·일반,1,2,2,N
8b0ca8a04c7a,2026,2010,여,10,고등,고등,1,2,2,N
8b3c37edc028,2026,2011,여,9,중등,중등,1,2,2,N
8cc3153ca83e,2026,2010,남,10,고등,중등,1,2,2,N
8d411f62e728,2026,2012,남,8,중등,중등,1,2,2,N
8d48218806e1,2026,2012,여,8,중등,중등,1,2,2,N
8d741f47a76f,2026,2002,남,18,대학·일반,대학·일반,1,2,2,N
8e09566d4102,2026,2012,남,8,중등,중등,1,2,2,N
8eb67c5a53cb,2026,2014,여,6,초등,초등,2,7,2,N
900df6910556,2026,1999,여,21,대학·일반,대학·일반,1,2,2,N
91caa93ee855,2026,2006,여,14,대학·일반,대학·일반,1,2,2,N
922350882556,2026,2017,남,3,초등,초등,1,3,2,N
93066727a19c,2026,2006,남,14,대학·일반,대학·일반,1,2,2,N
9364d55fdd41,2026,2012,여,8,중등,중등,1,1,2,N
9370d146e8b7,2026,2014,남,6,초등,초등,1,6,2,N
93a733a3415e,2026,2015,여,5,초등,초등,2,7,2,N
93e4a8732aaa,2026,2007,남,13,대학·일반,고등,1,2,2,N
94ef0c791c06,2026,2013,여,7,중등,초등,1,1,2,N
94f9fae60885,2026,2005,남,15,대학·일반,대학·일반,1,2,2,N
952a422b299f,2026,2008,여,12,고등,고등,1,1,2,N
95bb53250a88,2026,2015,남,5,초등,초등,1,2,2,N
971893c43cba,2026,2016,남,4,초등,초등,2,5,2,N
97ab336c3662,2026,2016,여,4,초등,초등,1,3,2,N
98967445a1d6,2026,2016,여,4,초등,초등,2,5,2,N
98a24c345bc4,2026,2008,여,12,고등,고등,1,2,2,N
990ff1f5d17a,2026,1991,남,29,대학·일반,대학·일반,1,2,2,N
9948818db3c5,2026,2015,여,5,초등,초등,2,8,2,N
998e492a0a01,2026,2015,남,5,초등,초등,2,3,2,N
9a0cd4dd1efa,2026,2017,남,3,초등,초등,1,5,2,N
9cffffbac67b,2026,2013,여,7,중등,초등,1,2,2,N
9d159bf814c3,2026,2014,남,6,초등,초등,2,13,2,N
9d6d4f8b7452,2026,2016,남,4,초등,초등,1,7,2,N
9da5fffc6d39,2026,2015,남,5,초등,초등,1,4,2,N
9e9691f963b5,2026,2012,여,8,중등,중등,1,1,2,N
9ea220a64859,2026,2016,남,4,초등,초등,1,5,2,N
9eb74bd65f6d,2026,2008,남,12,고등,고등,1,2,2,N
9ed8f69a980c,2026,2012,남,8,중등,중등,1,2,2,N
a111bf8fa2a3,2026,2003,여,17,대학·일반,대학·일반,1,2,2,N
a32f03f3a702,2026,2002,남,18,대학·일반,대학·일반,1,1,2,N
a363e66c13c0,2026,2011,남,9,중등,중등,1,2,2,N
a38f3e36f334,2026,2008,여,12,고등,고등,1,2,2,N
a3b48d5ade76,2026,2006,여,14,대학·일반,대학·일반,1,2,2,N
a3e6ceef0e4f,2026,2012,여,8,중등,중등,1,1,2,N
a46ec51cc8b6,2026,2016,남,4,초등,초등,1,6,2,N
a4cb1c9e5a3a,2026,2016,여,4,초등,초등,1,7,2,N
a52a074b0895,2026,2014,여,6,초등,초등,2,7,2,N
a5c5c29df24a,2026,2011,여,9,중등,중등,1,2,2,N
a7b2462b99b7,2026,2003,남,17,대학·일반,대학·일반,1,2,2,N
a7b993214f8d,2026,2000,여,20,대학·일반,대학·일반,1,1,2,N
a8db8c51ebd6,2026,2009,여,11,고등,고등,1,2,2,N
a8dc7176797d,2026,2013,여,7,중등,초등,1,2,2,N
aa04dd29a236,2026,2015,여,5,초등,초등,2,4,2,N
aabfbcb87311,2026,2015,남,5,초등,초등,2,5,2,N
aaff148ae476,2026,2010,남,10,고등,중등,1,2,2,N
ab6247083880,2026,2013,남,7,중등,초등,1,2,2,N
ab8fdf4add44,2026,2009,남,11,고등,고등,1,2,2,N
abfbd31287f9,2026,2001,남,19,대학·일반,대학·일반,1,2,2,N
ac52eaedefcd,2026,2007,여,13,대학·일반,고등,1,2,2,N
ada1d0bce872,2026,2017,남,3,초등,초등,1,4,2,N
ae221804fb65,2026,2012,남,8,중등,중등,1,2,2,N
ae60d7c64fb4,2026,2006,남,14,대학·일반,대학·일반,1,2,2,N
b02a98c2d51e,2026,2008,여,12,고등,고등,1,2,2,N
b06c78b12eee,2026,2017,여,3,초등,초등,1,6,2,N
b144c668f8c2,2026,2017,남,3,초등,초등,1,3,2,N
b19f4001ab7b,2026,2011,여,9,중등,중등,1,2,2,N
b2181ae742fd,2026,2013,여,7,중등,초등,1,2,2,N
b23ef5311053,2026,1996,남,24,대학·일반,대학·일반,1,2,2,N
b337ea795cad,2026,2014,남,6,초등,초등,1,4,2,N
b35b483035fd,2026,2007,남,13,대학·일반,고등,1,2,2,N
b3cefc456f81,2026,2013,여,7,중등,초등,1,1,2,N
b422b5587676,2026,2011,남,9,중등,중등,1,2,2,N
b4cef65949b9,2026,2015,여,5,초등,초등,2,13,2,N
b58fa272da54,2026,2016,여,4,초등,초등,1,8,2,N
b614695afa47,2026,2013,여,7,중등,초등,1,1,2,N
b62ed72b884b,2026,2015,여,5,초등,초등,2,4,2,N
b6af10605c4a,2026,2010,남,10,고등,중등,1,2,2,N
b6ba08a11135,2026,2009,여,11,고등,고등,1,2,2,N
b6f065979ed3,2026,2015,여,5,초등,초등,2,5,2,N
b761821ce5f1,2026,2007,남,13,대학·일반,고등,1,1,2,N
b77e9e6101dc,2026,2013,남,7,중등,초등,1,2,2,N
b8aa736fa92e,2026,2008,여,12,고등,고등,1,2,2,N
b9263fe2dfa3,2026,2011,남,9,중등,중등,1,2,2,N
b932ec42a904,2026,2015,남,5,초등,초등,2,13,2,N
bb09c749b2ed,2026,2007,여,13,대학·일반,고등,1,1,2,N
bba72da500e1,2026,2010,남,10,고등,중등,1,2,2,N
bc1f82eb21a3,2026,2007,여,13,대학·일반,고등,1,1,2,N
bcfaf780b48e,2026,1999,여,21,대학·일반,대학·일반,1,2,2,N
bd3d635b7a7e,2026,2013,여,7,중등,초등,1,2,2,N
bd8f8c4daa5b,2026,2013,여,7,중등,초등,1,1,2,N
be75ecedbdd9,2026,2012,여,8,중등,중등,1,1,2,N
be839f3a0092,2026,2012,남,8,중등,중등,1,2,2,N
c155dbc1f57a,2026,2009,남,11,고등,고등,1,2,2,N
c21c87f50be3,2026,1999,남,21,대학·일반,대학·일반,1,2,2,N
c2c2ac55fd3c,2026,2004,남,16,대학·일반,대학·일반,1,2,2,N
c2c8b46ac9e8,2026,2009,남,11,고등,고등,1,1,2,N
c2dd4fa0aaf9,2026,2006,여,14,대학·일반,대학·일반,1,2,2,N
c3831d185360,2026,2011,남,9,중등,중등,1,2,2,N
c3d174bd7b0d,2026,1994,여,26,대학·일반,대학·일반,1,2,2,N
c3d69774db87,2026,2011,남,9,중등,중등,1,2,2,N
c477545bdc6b,2026,2013,여,7,중등,초등,1,2,2,N
c616ae81f421,2026,2010,여,10,고등,중등,1,2,2,N
c6517e79afe0,2026,2006,여,14,대학·일반,대학·일반,1,1,2,N
c6786b5c50a2,2026,2009,여,11,고등,고등,1,2,2,N
c6bdaceaa5c9,2026,2011,여,9,중등,중등,1,2,2,N
c748efda2f20,2026,2006,여,14,대학·일반,대학·일반,1,1,2,N
c7e03fe9a727,2026,2008,남,12,고등,고등,1,2,2,N
c8d1cdeb3082,2026,2010,남,10,고등,중등,1,2,2,N
c8e6ab3ccf9c,2026,2008,남,12,고등,고등,1,2,2,N
c97041647900,2026,2012,남,8,중등,중등,1,2,2,N
c9ce03fb973d,2026,2004,여,16,대학·일반,대학·일반,1,2,2,N
ca74ac736a8c,2026,2006,남,14,대학·일반,대학·일반,1,2,2,N
ca82db7b607b,2026,2013,여,7,중등,초등,1,2,2,N
cb1fc7072813,2026,2012,남,8,중등,중등,1,2,2,N
cc048224024b,2026,2016,남,4,초등,초등,1,4,2,N
ccd4f861f9b0,2026,2000,남,20,대학·일반,대학·일반,1,2,2,N
cddfbc9a0078,2026,2008,여,12,고등,고등,1,2,2,N
ce3a931530d7,2026,2015,남,5,초등,초등,1,2,2,N
cf6a0254fa37,2026,2016,남,4,초등,초등,1,2,2,N
cf7259007af6,2026,2010,남,10,고등,중등,1,2,2,N
d1449d14bd3b,2026,2014,남,6,초등,초등,2,8,2,N
d161edfa2637,2026,2009,남,11,고등,고등,1,2,2,N
d18d719d4c98,2026,2013,여,7,중등,초등,1,1,2,N
d238fd9bf9ed,2026,2013,여,7,중등,초등,1,1,2,N
d2ef954fbebc,2026,2008,남,12,고등,고등,1,2,2,N
d3d1a9ac53a0,2026,2012,여,8,중등,중등,1,1,2,N
d4c0d967f8ad,2026,2008,여,12,고등,고등,1,1,2,N
d60013b04bb3,2026,2012,여,8,중등,중등,1,1,2,N
d68a10321ab6,2026,2007,남,13,대학·일반,고등,1,2,2,N
d6f8d1d128af,2026,2014,여,6,초등,초등,2,9,2,N
d7cf984955a0,2026,2018,남,2,초등,초등,1,3,2,N
d88e5cc057ad,2026,2007,여,13,대학·일반,고등,1,2,2,N
d8d2a459de66,2026,2011,남,9,중등,중등,1,2,2,N
d90354acc13c,2026,2007,남,13,대학·일반,고등,1,2,2,N
d9e874308acb,2026,2008,여,12,고등,고등,1,1,2,N
daee1077985a,2026,1995,남,25,대학·일반,대학·일반,1,2,2,N
daf079f4f7c6,2026,2013,남,7,중등,초등,1,2,2,N
db3f17b5432d,2026,2005,여,15,대학·일반,대학·일반,1,2,2,N
dc8e8984ab33,2026,2008,남,12,고등,고등,1,1,2,N
ddef3a76bf7d,2026,2013,남,7,중등,초등,1,2,2,N
de76cdda89f2,2026,2007,남,13,대학·일반,고등,1,1,2,N
deb4ac10aeb9,2026,2013,남,7,중등,초등,1,2,2,N
decfde9d331c,2026,2014,남,6,초등,초등,1,3,2,N
df0e87cc1575,2026,1997,여,23,대학·일반,대학·일반,1,2,2,N
dfe129442cd7,2026,2011,여,9,중등,중등,1,2,2,N
dfe31cc2f869,2026,2014,여,6,초등,초등,2,12,2,N
e03b75c343df,2026,2011,남,9,중등,중등,1,1,2,N
e092597d66c0,2026,2006,여,14,대학·일반,대학·일반,1,2,2,N
e1d75d355ba5,2026,2016,여,4,초등,초등,1,2,2,N
e23c8f9be364,2026,2009,여,11,고등,고등,1,2,2,N
e30439c9aad5,2026,2016,여,4,초등,초등,1,8,2,N
e313488fe85c,2026,2013,남,7,중등,초등,1,2,2,N
e3929ac3dbec,2026,2010,남,10,고등,중등,1,2,2,N
e3be26585644,2026,2004,남,16,대학·일반,대학·일반,1,2,2,N
e52f75a6b429,2026,2013,남,7,중등,초등,1,2,2,N
e5756d3bff8b,2026,2016,여,4,초등,초등,2,6,2,N
e595961f1fcd,2026,2010,남,10,고등,중등,1,2,2,N
e6d5ca2fe35a,2026,2007,여,13,대학·일반,고등,1,1,2,N
e6e4cd92df18,2026,2006,남,14,대학·일반,대학·일반,1,2,2,N
ea19b07c0d7f,2026,2005,여,15,대학·일반,대학·일반,1,1,2,N
ea52d25b50bf,2026,2014,남,6,초등,초등,2,12,2,N
eb502de129f0,2026,2015,남,5,초등,초등,2,6,2,N
ec0056a960a8,2026,2009,남,11,고등,고등,1,2,2,N
ecb71b87655e,2026,2012,여,8,중등,중등,1,2,2,N
ed4d9f19334d,2026,2012,남,8,중등,중등,1,2,2,N
edff70a0df8f,2026,2008,남,12,고등,고등,1,1,2,N
eff97017c281,2026,2015,여,5,초등,초등,2,7,2,N
f04a0dc898ad,2026,2011,여,9,중등,중등,1,2,2,N
f12bbdcd4977,2026,2014,남,6,초등,초등,1,5,2,N
f12df0dbe7d0,2026,2005,남,15,대학·일반,대학·일반,1,2,2,N
f17bd9cb7818,2026,1989,남,31,대학·일반,대학·일반,1,2,2,N
f22d80da94c5,2026,2004,남,16,대학·일반,대학·일반,1,2,2,N
f2c33539019b,2026,2013,남,7,중등,초등,1,2,2,N
f319872bbcda,2026,2013,남,7,중등,초등,1,2,2,N
f31ea3004cbb,2026,2012,남,8,중등,중등,1,2,2,N
f36602b19d2d,2026,2000,여,20,대학·일반,대학·일반,1,1,2,N
f45b813e6446,2026,2013,여,7,중등,초등,1,1,2,N
f4c2585b109c,2026,2016,남,4,초등,초등,1,8,2,N
f4d2a5032915,2026,1998,여,22,대학·일반,대학·일반,1,2,2,N
f5826bc39d6d,2026,2003,여,17,대학·일반,대학·일반,1,1,2,N
f60011de2d01,2026,2014,여,6,초등,초등,2,5,2,N
f6384e0bfbd8,2026,2004,남,16,대학·일반,대학·일반,1,1,2,N
f7bd20575e7c,2026,2009,여,11,고등,고등,1,1,2,N
f7d2fedec70b,2026,2014,여,6,초등,초등,2,10,2,N
f8550d4547a4,2026,2015,여,5,초등,초등,2,9,2,N
f8a5ed570940,2026,2015,남,5,초등,초등,2,5,2,N
f8a83d0288b9,2026,2013,여,7,중등,초등,1,2,2,N
f907a7daa49e,2026,2015,남,5,초등,초등,2,9,2,N
fa1333859694,2026,2008,남,12,고등,고등,1,2,2,N
fbf3ff5bed8a,2026,2008,남,12,고등,고등,1,2,2,N
fd1e0d085578,2026,2014,남,6,초등,초등,1,2,2,N
fd6ad2e1ace5,2026,1998,남,22,대학·일반,대학·일반,1,2,2,N
fd8946419227,2026,2011,남,9,중등,중등,1,2,2,N
fd9f1ef0b510,2026,2016,여,4,초등,초등,1,9,2,N
fe27d7864e4e,2026,2002,남,18,대학·일반,대학·일반,1,2,2,N
fe3cef2855f3,2026,2005,남,15,대학·일반,대학·일반,1,2,2,N
fe49d3c4561c,2026,2013,여,7,중등,초등,1,1,2,N
fe545ef7b40a,2026,2008,여,12,고등,고등,1,2,2,N
fe5eedc6998d,2026,2009,여,11,고등,고등,1,2,2,N
ff00185410cf,2026,2016,여,4,초등,초등,1,2,2,N
ff4c192bcd0c,2026,2013,여,7,중등,초등,1,2,2,N
ffaf75e1e3ac,2026,2007,남,13,대학·일반,고등,1,2,2,N
